row,cat_id,name,bucket,confidence,frequency,threshold,total_images,num_positives,num_negatives,TP,FP,TN,FN,precision,recall,f1,weighted_f1
0,1,aerosol_can,medium,medium,c,0.35,100169,64,100105,26,21392,78713,38,0.0012,0.4062,0.0024,0.0015
1,2,air_conditioner,high,high,f,0.38,100169,364,99805,7,458,99347,357,0.0151,0.0192,0.0169,0.0157
2,3,airplane,high,high,f,0.39,100169,1911,98258,1298,464,97794,613,0.7367,0.6792,0.7068,0.7244
3,4,alarm_clock,high,high,f,0.42,100169,149,100020,4,33,99987,145,0.1081,0.0268,0.043,0.0673
4,5,alcohol,medium,medium,c,0.41,100169,29,100140,6,155,99985,23,0.0373,0.2069,0.0632,0.0446
5,6,alligator,medium,medium,c,0.3,100169,26,100143,20,50954,49189,6,0.0004,0.7692,0.0008,0.0005
6,7,almond,medium,medium,c,0.38,100169,59,100110,2,690,99420,57,0.0029,0.0339,0.0053,0.0035
7,8,ambulance,medium,medium,c,0.43,100169,22,100147,2,42,100105,20,0.0455,0.0909,0.0606,0.0505
8,9,amplifier,medium,medium,c,0.36,100169,12,100157,2,1543,98614,10,0.0013,0.1667,0.0026,0.0016
9,10,anklet,medium,medium,c,0.36,100169,28,100141,6,6269,93872,22,0.001,0.2143,0.0019,0.0012
10,11,antenna,high,high,f,0.37,100169,505,99664,55,3873,95791,450,0.014,0.1089,0.0248,0.017
11,12,apple,high,high,f,0.4,100169,1207,98962,226,154,98808,981,0.5947,0.1872,0.2848,0.4144
12,13,applesauce,weak,low,r,0.45,100169,4,100165,0,0,100165,4,0.0,0.0,0.0,0.0
13,14,apricot,weak,low,r,0.45,100169,10,100159,0,4,100155,10,0.0,0.0,0.0,0.0
14,15,apron,high,high,f,0.36,100169,500,99669,125,4336,95333,375,0.028,0.25,0.0504,0.0341
15,16,aquarium,medium,medium,c,0.41,100169,33,100136,3,16,100120,30,0.1579,0.0909,0.1154,0.1376
16,17,arctic_(type_of_shoe),weak,low,r,0.45,100169,3,100166,0,0,100166,3,0.0,0.0,0.0,0.0
17,18,armband,medium,medium,c,0.35,100169,44,100125,9,8352,91773,35,0.0011,0.2045,0.0021,0.0013
18,19,armchair,high,high,f,0.4,100169,561,99608,56,413,99195,505,0.1194,0.0998,0.1087,0.1149
19,20,armoire,weak,low,r,0.45,100169,8,100161,0,0,100161,8,0.0,0.0,0.0,0.0
20,21,armor,weak,low,r,0.45,100169,9,100160,0,0,100160,9,0.0,0.0,0.0,0.0
21,22,artichoke,medium,medium,c,0.37,100169,33,100136,8,1582,98554,25,0.005,0.2424,0.0099,0.0063
22,23,trash_can,high,high,f,0.38,100169,1883,98286,173,2756,95530,1710,0.0591,0.0919,0.0719,0.0636
23,24,ashtray,medium,medium,c,0.35,100169,98,100071,23,7375,92696,75,0.0031,0.2347,0.0061,0.0039
24,25,asparagus,medium,medium,c,0.43,100169,70,100099,2,14,100085,68,0.125,0.0286,0.0465,0.0746
25,26,atomizer,medium,medium,c,0.36,100169,46,100123,7,6347,93776,39,0.0011,0.1522,0.0022,0.0014
26,27,avocado,high,high,f,0.43,100169,117,100052,2,16,100036,115,0.1111,0.0171,0.0296,0.0529
27,28,award,medium,medium,c,0.37,100169,41,100128,1,222,99906,40,0.0045,0.0244,0.0076,0.0054
28,29,awning,high,high,f,0.37,100169,1395,98774,186,2064,96710,1209,0.0827,0.1333,0.1021,0.0895
29,30,ax,weak,low,r,0.45,100169,7,100162,0,0,100162,7,0.0,0.0,0.0,0.0
30,31,baboon,weak,low,r,0.45,100169,1,100168,0,0,100168,1,0.0,0.0,0.0,0.0
31,32,baby_buggy,high,high,f,0.39,100169,314,99855,9,263,99592,305,0.0331,0.0287,0.0307,0.0321
32,33,basketball_backboard,medium,medium,c,0.43,100169,31,100138,2,29,100109,29,0.0645,0.0645,0.0645,0.0645
33,34,backpack,high,high,f,0.38,100169,1905,98264,110,898,97366,1795,0.1091,0.0577,0.0755,0.0926
34,35,handbag,high,high,f,0.38,100169,1859,98310,65,684,97626,1794,0.0868,0.035,0.0498,0.0669
35,36,suitcase,high,high,f,0.4,100169,1623,98546,461,234,98312,1162,0.6633,0.284,0.3978,0.5235
36,37,bagel,medium,medium,c,0.41,100169,47,100122,4,26,100096,43,0.1333,0.0851,0.1039,0.1198
37,38,bagpipe,weak,low,r,0.45,100169,3,100166,0,0,100166,3,0.0,0.0,0.0,0.0
38,39,baguet,weak,low,r,0.45,100169,3,100166,0,0,100166,3,0.0,0.0,0.0,0.0
39,40,bait,weak,low,r,0.45,100169,1,100168,0,0,100168,1,0.0,0.0,0.0,0.0
40,41,ball,high,high,f,0.41,100169,305,99864,7,142,99722,298,0.047,0.023,0.0308,0.0388
41,42,ballet_skirt,weak,low,r,0.45,100169,6,100163,0,0,100163,6,0.0,0.0,0.0,0.0
42,43,balloon,high,high,f,0.39,100169,210,99959,16,646,99313,194,0.0242,0.0762,0.0367,0.028
43,44,bamboo,medium,medium,c,0.38,100169,36,100133,5,279,99854,31,0.0176,0.1389,0.0312,0.0213
44,45,banana,high,high,f,0.4,100169,1787,98382,410,151,98231,1377,0.7308,0.2294,0.3492,0.5086
45,46,Band_Aid,medium,medium,c,0.35,100169,17,100152,2,3224,96928,15,0.0006,0.1176,0.0012,0.0008
46,47,bandage,medium,medium,c,0.38,100169,51,100118,1,480,99638,50,0.0021,0.0196,0.0038,0.0025
47,48,bandanna,high,high,f,0.41,100169,138,100031,1,0,100031,137,1.0,0.0072,0.0144,0.0352
48,49,banjo,weak,low,r,0.45,100169,3,100166,0,0,100166,3,0.0,0.0,0.0,0.0
49,50,banner,high,high,f,0.36,100169,1470,98699,365,12172,86527,1105,0.0291,0.2483,0.0521,0.0354
50,51,barbell,weak,low,r,0.45,100169,3,100166,0,0,100166,3,0.0,0.0,0.0,0.0
51,52,barge,weak,low,r,0.45,100169,2,100167,0,0,100167,2,0.0,0.0,0.0,0.0
52,53,barrel,high,high,f,0.41,100169,186,99983,5,16,99967,181,0.2381,0.0269,0.0483,0.0926
53,54,barrette,medium,medium,c,0.38,100169,76,100093,3,1139,98954,73,0.0026,0.0395,0.0049,0.0032
54,55,barrow,medium,medium,c,0.4,100169,26,100143,2,254,99889,24,0.0078,0.0769,0.0142,0.0095
55,56,baseball_base,high,high,f,0.42,100169,303,99866,99,485,99381,204,0.1695,0.3267,0.2232,0.1876
56,57,baseball,high,high,f,0.4,100169,738,99431,521,1723,97708,217,0.2322,0.706,0.3494,0.2682
57,58,baseball_bat,high,high,f,0.41,100169,1799,98370,1046,631,97739,753,0.6237,0.5814,0.6018,0.6148
58,59,baseball_cap,high,high,f,0.38,100169,1934,98235,264,1037,97198,1670,0.2029,0.1365,0.1632,0.1849
59,60,baseball_glove,high,high,f,0.39,100169,1609,98560,1198,990,97570,411,0.5475,0.7446,0.631,0.5781
60,61,basket,high,high,f,0.37,100169,1622,98547,91,1945,96602,1531,0.0447,0.0561,0.0498,0.0466
61,62,basketball,medium,medium,c,0.43,100169,41,100128,3,29,100099,38,0.0938,0.0732,0.0822,0.0888
62,63,bass_horn,weak,low,r,0.45,100169,4,100165,0,0,100165,4,0.0,0.0,0.0,0.0
63,64,bat_(animal),medium,medium,c,0.4,100169,11,100158,1,19,100139,10,0.05,0.0909,0.0645,0.0549
64,65,bath_mat,high,high,f,0.41,100169,270,99899,43,367,99532,227,0.1049,0.1593,0.1265,0.1126
65,66,bath_towel,high,high,f,0.41,100169,349,99820,51,439,99381,298,0.1041,0.1461,0.1216,0.1104
66,67,bathrobe,medium,medium,c,0.41,100169,42,100127,3,62,100065,39,0.0462,0.0714,0.0561,0.0497
67,68,bathtub,high,high,f,0.41,100169,823,99346,371,1205,98141,452,0.2354,0.4508,0.3093,0.2603
68,69,batter_(food),weak,low,r,0.45,100169,6,100163,0,0,100163,6,0.0,0.0,0.0,0.0
69,70,battery,medium,medium,c,0.4,100169,48,100121,1,7,100114,47,0.125,0.0208,0.0357,0.0625
70,71,beachball,weak,low,r,0.45,100169,3,100166,0,0,100166,3,0.0,0.0,0.0,0.0
71,72,bead,medium,medium,c,0.4,100169,42,100127,2,9,100118,40,0.1818,0.0476,0.0755,0.1163
72,73,bean_curd,medium,medium,c,0.42,100169,24,100145,1,12,100133,23,0.0769,0.0417,0.0541,0.0658
73,74,beanbag,medium,medium,c,0.41,100169,16,100153,2,307,99846,14,0.0065,0.125,0.0123,0.008
74,75,beanie,high,high,f,0.4,100169,605,99564,5,23,99541,600,0.1786,0.0083,0.0158,0.0349
75,76,bear,high,high,f,0.4,100169,646,99523,260,365,99158,386,0.416,0.4025,0.4091,0.4132
76,77,bed,high,high,f,0.41,100169,1765,98404,546,361,98043,1219,0.602,0.3093,0.4087,0.5062
77,78,bedpan,weak,low,r,0.45,100169,2,100167,0,0,100167,2,0.0,0.0,0.0,0.0
78,79,bedspread,high,high,f,0.39,100169,125,100044,37,1000,99044,88,0.0357,0.296,0.0637,0.0433
79,80,cow,high,high,f,0.41,100169,1420,98749,500,199,98550,920,0.7153,0.3521,0.4719,0.593
80,81,beef_(food),high,high,f,0.38,100169,140,100029,21,450,99579,119,0.0446,0.15,0.0687,0.0519
81,82,beeper,weak,low,r,0.45,100169,4,100165,0,0,100165,4,0.0,0.0,0.0,0.0
82,83,beer_bottle,high,high,f,0.39,100169,322,99847,26,190,99657,296,0.1204,0.0807,0.0967,0.1096
83,84,beer_can,medium,medium,c,0.44,100169,60,100109,1,4,100105,59,0.2,0.0167,0.0308,0.0625
84,85,beetle,weak,low,r,0.45,100169,2,100167,0,0,100167,2,0.0,0.0,0.0,0.0
85,86,bell,high,high,f,0.39,100169,231,99938,6,496,99442,225,0.012,0.026,0.0164,0.0134
86,87,bell_pepper,high,high,f,0.4,100169,333,99836,11,248,99588,322,0.0425,0.033,0.0372,0.0402
87,88,belt,high,high,f,0.35,100169,1941,98228,857,15835,82393,1084,0.0513,0.4415,0.092,0.0624
88,89,belt_buckle,high,high,f,0.38,100169,367,99802,7,198,99604,360,0.0341,0.0191,0.0245,0.0295
89,90,bench,high,high,f,0.39,100169,1922,98247,397,560,97687,1525,0.4148,0.2066,0.2758,0.3452
90,91,beret,medium,medium,c,0.36,100169,18,100151,5,7234,92917,13,0.0007,0.2778,0.0014,0.0009
91,92,bib,medium,medium,c,0.38,100169,81,100088,8,330,99758,73,0.0237,0.0988,0.0382,0.0279
92,93,Bible,weak,low,r,0.45,100169,1,100168,0,0,100168,1,0.0,0.0,0.0,0.0
93,94,bicycle,high,high,f,0.4,100169,1852,98317,409,600,97717,1443,0.4054,0.2208,0.2859,0.3473
94,95,visor,high,high,f,0.34,100169,430,99739,305,63038,36701,125,0.0048,0.7093,0.0096,0.006
95,96,billboard,high,high,f,0.4,100169,247,99922,15,181,99741,232,0.0765,0.0607,0.0677,0.0727
96,97,binder,medium,medium,c,0.37,100169,94,100075,5,494,99581,89,0.01,0.0532,0.0169,0.012
97,98,binoculars,medium,medium,c,0.36,100169,21,100148,1,2030,98118,20,0.0005,0.0476,0.001,0.0006
98,99,bird,high,high,f,0.38,100169,1821,98348,845,552,97796,976,0.6049,0.464,0.5252,0.5703
99,100,birdfeeder,medium,medium,c,0.45,100169,16,100153,2,0,100153,14,1.0,0.125,0.2222,0.4167
100,101,birdbath,medium,medium,c,0.46,100169,12,100157,1,0,100157,11,1.0,0.0833,0.1538,0.3125
101,102,birdcage,medium,medium,c,0.44,100169,25,100144,1,1,100143,24,0.5,0.04,0.0741,0.1515
102,103,birdhouse,medium,medium,c,0.42,100169,41,100128,4,16,100112,37,0.2,0.0976,0.1311,0.1653
103,104,birthday_cake,high,high,f,0.45,100169,244,99925,54,68,99857,190,0.4426,0.2213,0.2951,0.3689
104,105,birthday_card,weak,low,r,0.45,100169,7,100162,0,0,100162,7,0.0,0.0,0.0,0.0
105,106,pirate_flag,weak,low,r,0.45,100169,1,100168,0,1,100167,1,0.0,0.0,0.0,0.0
106,107,black_sheep,medium,medium,c,0.44,100169,40,100129,2,7,100122,38,0.2222,0.05,0.0816,0.1316
107,108,blackberry,medium,medium,c,0.37,100169,40,100129,5,2678,97451,35,0.0019,0.125,0.0037,0.0023
108,109,blackboard,high,high,f,0.41,100169,104,100065,2,3,100062,102,0.4,0.0192,0.0367,0.0806
109,110,blanket,high,high,f,0.39,100169,1671,98498,444,896,97602,1227,0.3313,0.2657,0.2949,0.3157
110,111,blazer,medium,medium,c,0.38,100169,49,100120,1,270,99850,48,0.0037,0.0204,0.0063,0.0044
111,112,blender,high,high,f,0.38,100169,243,99926,11,274,99652,232,0.0386,0.0453,0.0417,0.0398
112,113,blimp,weak,low,r,0.45,100169,2,100167,0,0,100167,2,0.0,0.0,0.0,0.0
113,114,blinker,high,high,f,0.34,100169,242,99927,210,75873,24054,32,0.0028,0.8678,0.0055,0.0034
114,115,blouse,high,high,f,0.37,100169,271,99898,11,700,99198,260,0.0155,0.0406,0.0224,0.0177
115,116,blueberry,high,high,f,0.41,100169,104,100065,4,5,100060,100,0.4444,0.0385,0.0708,0.1429
116,117,gameboard,weak,low,r,0.45,100169,8,100161,0,0,100161,8,0.0,0.0,0.0,0.0
117,118,boat,high,high,f,0.38,100169,1758,98411,557,304,98107,1201,0.6469,0.3168,0.4254,0.5354
118,119,bob,weak,low,r,0.45,100169,1,100168,0,0,100168,1,0.0,0.0,0.0,0.0
119,120,bobbin,medium,medium,c,0.37,100169,48,100121,5,4894,95227,43,0.001,0.1042,0.002,0.0013
120,121,bobby_pin,medium,medium,c,0.33,100169,14,100155,12,67505,32650,2,0.0002,0.8571,0.0004,0.0002
121,122,boiled_egg,medium,medium,c,0.4,100169,40,100129,2,222,99907,38,0.0089,0.05,0.0152,0.0107
122,123,bolo_tie,weak,low,r,0.45,100169,1,100168,0,0,100168,1,0.0,0.0,0.0,0.0
123,124,deadbolt,medium,medium,c,0.35,100169,37,100132,14,24872,75260,23,0.0006,0.3784,0.0011,0.0007
124,125,bolt,high,high,f,0.38,100169,1510,98659,79,535,98124,1431,0.1287,0.0523,0.0744,0.0996
125,126,bonnet,weak,low,r,0.45,100169,6,100163,0,0,100163,6,0.0,0.0,0.0,0.0
126,127,book,high,high,f,0.37,100169,1903,98266,250,480,97786,1653,0.3425,0.1314,0.1899,0.2592
127,128,bookcase,medium,medium,c,0.43,100169,70,100099,7,47,100052,63,0.1296,0.1,0.1129,0.1224
128,129,booklet,medium,medium,c,0.37,100169,86,100083,5,129,99954,81,0.0373,0.0581,0.0455,0.0402
129,130,bookmark,weak,low,r,0.45,100169,7,100162,0,0,100162,7,0.0,0.0,0.0,0.0
130,131,boom_microphone,weak,low,r,0.45,100169,5,100164,0,0,100164,5,0.0,0.0,0.0,0.0
131,132,boot,high,high,f,0.39,100169,1406,98763,20,603,98160,1386,0.0321,0.0142,0.0197,0.0257
132,133,bottle,high,high,f,0.38,100169,1901,98268,108,825,97443,1793,0.1158,0.0568,0.0762,0.0959
133,134,bottle_opener,medium,medium,c,0.42,100169,15,100154,1,11,100143,14,0.0833,0.0667,0.0741,0.0794
134,135,bouquet,medium,medium,c,0.44,100169,28,100141,1,19,100122,27,0.05,0.0357,0.0417,0.0463
135,136,bow_(weapon),weak,low,r,0.45,100169,6,100163,0,0,100163,6,0.0,0.0,0.0,0.0
136,137,bow_(decorative_ribbons),high,high,f,0.34,100169,494,99675,265,48419,51256,229,0.0054,0.5364,0.0108,0.0068
137,138,bow-tie,high,high,f,0.41,100169,234,99935,3,4,99931,231,0.4286,0.0128,0.0249,0.0573
138,139,bowl,high,high,f,0.37,100169,1922,98247,557,6653,91594,1365,0.0773,0.2898,0.122,0.0905
139,140,pipe_bowl,weak,low,r,0.45,100169,1,100168,0,0,100168,1,0.0,0.0,0.0,0.0
140,141,bowler_hat,medium,medium,c,0.41,100169,35,100134,1,11,100123,34,0.0833,0.0286,0.0426,0.0602
141,142,bowling_ball,weak,low,r,0.45,100169,5,100164,0,2,100162,5,0.0,0.0,0.0,0.0
142,143,box,high,high,f,0.38,100169,1828,98341,147,1321,97020,1681,0.1001,0.0804,0.0892,0.0955
143,144,boxing_glove,weak,low,r,0.45,100169,8,100161,0,0,100161,8,0.0,0.0,0.0,0.0
144,145,suspenders,medium,medium,c,0.4,100169,63,100106,1,76,100030,62,0.013,0.0159,0.0143,0.0135
145,146,bracelet,high,high,f,0.35,100169,1667,98502,341,7893,90609,1326,0.0414,0.2046,0.0689,0.0493
146,147,brass_plaque,weak,low,r,0.45,100169,4,100165,0,0,100165,4,0.0,0.0,0.0,0.0
147,148,brassiere,medium,medium,c,0.38,100169,95,100074,1,55,100019,94,0.0179,0.0105,0.0132,0.0157
148,149,bread-bin,medium,medium,c,0.36,100169,17,100152,9,14278,85874,8,0.0006,0.5294,0.0013,0.0008
149,150,bread,high,high,f,0.4,100169,1567,98602,180,573,98029,1387,0.239,0.1149,0.1552,0.1965
150,151,breechcloth,weak,low,r,0.45,100169,2,100167,0,0,100167,2,0.0,0.0,0.0,0.0
151,152,bridal_gown,high,high,f,0.39,100169,103,100066,28,47,100019,75,0.3733,0.2718,0.3146,0.3474
152,153,briefcase,medium,medium,c,0.39,100169,50,100119,3,351,99768,47,0.0085,0.06,0.0149,0.0102
153,154,broccoli,high,high,f,0.4,100169,1309,98860,355,149,98711,954,0.7044,0.2712,0.3916,0.5338
154,155,broach,weak,low,r,0.45,100169,6,100163,0,0,100163,6,0.0,0.0,0.0,0.0
155,156,broom,medium,medium,c,0.37,100169,92,100077,10,3011,97066,82,0.0033,0.1087,0.0064,0.0041
156,157,brownie,medium,medium,c,0.44,100169,19,100150,1,15,100135,18,0.0625,0.0526,0.0571,0.0602
157,158,brussels_sprouts,medium,medium,c,0.44,100169,37,100132,2,13,100119,35,0.1333,0.0541,0.0769,0.1031
158,159,bubble_gum,weak,low,r,0.45,100169,4,100165,0,0,100165,4,0.0,0.0,0.0,0.0
159,160,bucket,high,high,f,0.37,100169,709,99460,71,6031,93429,638,0.0116,0.1001,0.0208,0.0141
160,161,horse_buggy,weak,low,r,0.45,100169,9,100160,2,21,100139,7,0.087,0.2222,0.125,0.099
161,162,bull,medium,medium,c,0.45,100169,82,100087,2,0,100087,80,1.0,0.0244,0.0476,0.1111
162,163,bulldog,medium,medium,c,0.44,100169,15,100154,1,1,100153,14,0.5,0.0667,0.1176,0.2174
163,164,bulldozer,weak,low,r,0.45,100169,3,100166,0,0,100166,3,0.0,0.0,0.0,0.0
164,165,bullet_train,medium,medium,c,0.45,100169,61,100108,11,14,100094,50,0.44,0.1803,0.2558,0.3416
165,166,bulletin_board,medium,medium,c,0.38,100169,51,100118,3,355,99763,48,0.0084,0.0588,0.0147,0.0101
166,167,bulletproof_vest,weak,low,r,0.45,100169,5,100164,0,0,100164,5,0.0,0.0,0.0,0.0
167,168,bullhorn,medium,medium,c,0.38,100169,13,100156,1,1551,98605,12,0.0006,0.0769,0.0013,0.0008
168,169,bun,high,high,f,0.39,100169,642,99527,92,522,99005,550,0.1498,0.1433,0.1465,0.1485
169,170,bunk_bed,medium,medium,c,0.45,100169,24,100145,5,6,100139,19,0.4545,0.2083,0.2857,0.3676
170,171,buoy,high,high,f,0.39,100169,255,99914,40,1059,98855,215,0.0364,0.1569,0.0591,0.043
171,172,burrito,weak,low,r,0.45,100169,9,100160,0,11,100149,9,0.0,0.0,0.0,0.0
172,173,bus_(vehicle),high,high,f,0.41,100169,1808,98361,770,609,97752,1038,0.5584,0.4259,0.4832,0.5257
173,174,business_card,medium,medium,c,0.35,100169,31,100138,2,330,99808,29,0.006,0.0645,0.011,0.0074
174,175,butter,high,high,f,0.39,100169,158,100011,8,606,99405,150,0.013,0.0506,0.0207,0.0153
175,176,butterfly,medium,medium,c,0.4,100169,80,100089,4,2,100087,76,0.6667,0.05,0.093,0.1923
176,177,button,high,high,f,0.35,100169,1884,98285,391,13781,84504,1493,0.0276,0.2075,0.0487,0.0334
177,178,cab_(taxi),high,high,f,0.42,100169,158,100011,6,75,99936,152,0.0741,0.038,0.0502,0.0622
178,179,cabana,weak,low,r,0.45,100169,2,100167,0,0,100167,2,0.0,0.0,0.0,0.0
179,180,cabin_car,medium,medium,c,0.43,100169,12,100157,1,3,100154,11,0.25,0.0833,0.125,0.1786
180,181,cabinet,high,high,f,0.38,100169,1659,98510,539,2994,95516,1120,0.1526,0.3249,0.2076,0.1707
181,182,locker,weak,low,r,0.45,100169,7,100162,0,0,100162,7,0.0,0.0,0.0,0.0
182,183,cake,high,high,f,0.41,100169,834,99335,261,420,98915,573,0.3833,0.3129,0.3446,0.3668
183,184,calculator,medium,medium,c,0.36,100169,57,100112,23,1756,98356,34,0.0129,0.4035,0.0251,0.016
184,185,calendar,high,high,f,0.37,100169,174,99995,9,324,99671,165,0.027,0.0517,0.0355,0.0299
185,186,calf,medium,medium,c,0.44,100169,95,100074,6,38,100036,89,0.1364,0.0632,0.0863,0.1107
186,187,camcorder,medium,medium,c,0.38,100169,27,100142,1,330,99812,26,0.003,0.037,0.0056,0.0037
187,188,camel,medium,medium,c,0.4,100169,22,100147,4,418,99729,18,0.0095,0.1818,0.018,0.0117
188,189,camera,high,high,f,0.4,100169,1391,98778,57,252,98526,1334,0.1845,0.041,0.0671,0.1085
189,190,camera_lens,medium,medium,c,0.41,100169,90,100079,6,28,100051,84,0.1765,0.0667,0.0968,0.1327
190,191,camper_(vehicle),medium,medium,c,0.43,100169,40,100129,1,10,100119,39,0.0909,0.025,0.0392,0.0595
191,192,can,high,high,f,0.38,100169,445,99724,19,677,99047,426,0.0273,0.0427,0.0333,0.0294
192,193,can_opener,medium,medium,c,0.36,100169,21,100148,10,15684,84464,11,0.0006,0.4762,0.0013,0.0008
193,194,candle,high,high,f,0.39,100169,1132,99037,104,243,98794,1028,0.2997,0.0919,0.1406,0.2063
194,195,candle_holder,high,high,f,0.4,100169,177,99992,7,113,99879,170,0.0583,0.0395,0.0471,0.0533
195,196,candy_bar,weak,low,r,0.45,100169,4,100165,0,1,100164,4,0.0,0.0,0.0,0.0
196,197,candy_cane,medium,medium,c,0.42,100169,17,100152,2,15,100137,15,0.1176,0.1176,0.1176,0.1176
197,198,walking_cane,medium,medium,c,0.41,100169,84,100085,1,89,99996,83,0.0111,0.0119,0.0115,0.0113
198,199,canister,medium,medium,c,0.39,100169,55,100114,3,492,99622,52,0.0061,0.0545,0.0109,0.0074
199,200,canoe,medium,medium,c,0.45,100169,30,100139,1,1,100138,29,0.5,0.0333,0.0625,0.1316
200,201,cantaloup,medium,medium,c,0.38,100169,25,100144,5,846,99298,20,0.0059,0.2,0.0114,0.0073
201,202,canteen,weak,low,r,0.45,100169,2,100167,0,0,100167,2,0.0,0.0,0.0,0.0
202,203,cap_(headwear),high,high,f,0.36,100169,125,100044,31,15643,84401,94,0.002,0.248,0.0039,0.0025
203,204,bottle_cap,high,high,f,0.37,100169,1135,99034,43,1340,97694,1092,0.0311,0.0379,0.0342,0.0322
204,205,cape,medium,medium,c,0.36,100169,19,100150,4,10959,89191,15,0.0004,0.2105,0.0007,0.0005
205,206,cappuccino,medium,medium,c,0.45,100169,72,100097,5,3,100094,67,0.625,0.0694,0.125,0.2404
206,207,car_(automobile),high,high,f,0.38,100169,1926,98243,177,1036,97207,1749,0.1459,0.0919,0.1128,0.1306
207,208,railcar_(part_of_a_train),high,high,f,0.43,100169,159,100010,12,126,99884,147,0.087,0.0755,0.0808,0.0844
208,209,elevator_car,weak,low,r,0.45,100169,7,100162,0,3,100159,7,0.0,0.0,0.0,0.0
209,210,car_battery,weak,low,r,0.45,100169,1,100168,0,0,100168,1,0.0,0.0,0.0,0.0
210,211,identity_card,medium,medium,c,0.24,100169,13,100156,13,97709,2447,0,0.0001,1.0,0.0003,0.0002
211,212,card,medium,medium,c,0.37,100169,35,100134,1,244,99890,34,0.0041,0.0286,0.0071,0.0049
212,213,cardigan,medium,medium,c,0.39,100169,18,100151,1,231,99920,17,0.0043,0.0556,0.008,0.0053
213,214,cargo_ship,weak,low,r,0.45,100169,8,100161,0,1,100160,8,0.0,0.0,0.0,0.0
214,215,carnation,weak,low,r,0.45,100169,6,100163,0,2,100161,6,0.0,0.0,0.0,0.0
215,216,horse_carriage,medium,medium,c,0.46,100169,35,100134,7,32,100102,28,0.1795,0.2,0.1892,0.1832
216,217,carrot,high,high,f,0.41,100169,1222,98947,142,179,98768,1080,0.4424,0.1162,0.1841,0.2833
217,218,tote_bag,high,high,f,0.41,100169,103,100066,2,26,100040,101,0.0714,0.0194,0.0305,0.0465
218,219,cart,medium,medium,c,0.42,100169,28,100141,1,38,100103,27,0.0256,0.0357,0.0299,0.0272
219,220,carton,medium,medium,c,0.39,100169,63,100106,1,223,99883,62,0.0045,0.0159,0.007,0.0052
220,221,cash_register,medium,medium,c,0.37,100169,28,100141,6,2463,97678,22,0.0024,0.2143,0.0048,0.003
221,222,casserole,weak,low,r,0.45,100169,5,100164,0,0,100164,5,0.0,0.0,0.0,0.0
222,223,cassette,weak,low,r,0.45,100169,7,100162,0,0,100162,7,0.0,0.0,0.0,0.0
223,224,cast,medium,medium,c,0.35,100169,14,100155,4,6350,93805,10,0.0006,0.2857,0.0013,0.0008
224,225,cat,high,high,f,0.4,100169,1918,98251,1272,1171,97080,646,0.5207,0.6632,0.5834,0.5441
225,226,cauliflower,high,high,f,0.42,100169,133,100036,13,74,99962,120,0.1494,0.0977,0.1182,0.1351
226,227,cayenne_(spice),medium,medium,c,0.39,100169,16,100153,1,246,99907,15,0.004,0.0625,0.0076,0.005
227,228,CD_player,medium,medium,c,0.37,100169,27,100142,6,1334,98808,21,0.0045,0.2222,0.0088,0.0056
228,229,celery,high,high,f,0.39,100169,110,100059,23,618,99441,87,0.0359,0.2091,0.0613,0.043
229,230,cellular_telephone,high,high,f,0.4,100169,1895,98274,205,243,98031,1690,0.4576,0.1082,0.175,0.278
230,231,chain_mail,weak,low,r,0.45,100169,4,100165,0,0,100165,4,0.0,0.0,0.0,0.0
231,232,chair,high,high,f,0.39,100169,1927,98242,95,887,97355,1832,0.0967,0.0493,0.0653,0.0811
232,233,chaise_longue,weak,low,r,0.45,100169,8,100161,0,0,100161,8,0.0,0.0,0.0,0.0
233,234,chalice,weak,low,r,0.45,100169,1,100168,0,0,100168,1,0.0,0.0,0.0,0.0
234,235,chandelier,high,high,f,0.38,100169,263,99906,25,260,99646,238,0.0877,0.0951,0.0912,0.0891
235,236,chap,weak,low,r,0.45,100169,10,100159,0,0,100159,10,0.0,0.0,0.0,0.0
236,237,checkbook,weak,low,r,0.45,100169,2,100167,0,0,100167,2,0.0,0.0,0.0,0.0
237,238,checkerboard,weak,low,r,0.45,100169,3,100166,0,0,100166,3,0.0,0.0,0.0,0.0
238,239,cherry,medium,medium,c,0.39,100169,87,100082,3,299,99783,84,0.0099,0.0345,0.0154,0.0116
239,240,chessboard,weak,low,r,0.45,100169,9,100160,0,0,100160,9,0.0,0.0,0.0,0.0
240,241,chicken_(animal),medium,medium,c,0.42,100169,71,100098,11,21,100077,60,0.3438,0.1549,0.2136,0.2764
241,242,chickpea,medium,medium,c,0.37,100169,13,100156,1,1582,98574,12,0.0006,0.0769,0.0013,0.0008
242,243,chili_(vegetable),medium,medium,c,0.39,100169,18,100151,1,572,99579,17,0.0017,0.0556,0.0034,0.0022
243,244,chime,weak,low,r,0.45,100169,2,100167,0,0,100167,2,0.0,0.0,0.0,0.0
244,245,chinaware,weak,low,r,0.45,100169,5,100164,0,0,100164,5,0.0,0.0,0.0,0.0
245,246,crisp_(potato_chip),medium,medium,c,0.39,100169,45,100124,5,1053,99071,40,0.0047,0.1111,0.0091,0.0058
246,247,poker_chip,weak,low,r,0.45,100169,1,100168,0,0,100168,1,0.0,0.0,0.0,0.0
247,248,chocolate_bar,medium,medium,c,0.42,100169,23,100146,2,42,100104,21,0.0455,0.087,0.0597,0.0503
248,249,chocolate_cake,medium,medium,c,0.46,100169,32,100137,8,35,100102,24,0.186,0.25,0.2133,0.1961
249,250,chocolate_milk,weak,low,r,0.45,100169,4,100165,0,0,100165,4,0.0,0.0,0.0,0.0
250,251,chocolate_mousse,weak,low,r,0.45,100169,1,100168,0,7,100161,1,0.0,0.0,0.0,0.0
251,252,choker,high,high,f,0.37,100169,858,99311,80,1446,97865,778,0.0524,0.0932,0.0671,0.0575
252,253,chopping_board,high,high,f,0.39,100169,661,99508,55,332,99176,606,0.1421,0.0832,0.105,0.1245
253,254,chopstick,high,high,f,0.41,100169,168,100001,6,235,99766,162,0.0249,0.0357,0.0293,0.0265
254,255,Christmas_tree,high,high,f,0.4,100169,210,99959,73,40,99919,137,0.646,0.3476,0.452,0.5514
255,256,slide,medium,medium,c,0.39,100169,65,100104,4,1016,99088,61,0.0039,0.0615,0.0074,0.0048
256,257,cider,weak,low,r,0.45,100169,4,100165,0,0,100165,4,0.0,0.0,0.0,0.0
257,258,cigar_box,weak,low,r,0.45,100169,2,100167,0,0,100167,2,0.0,0.0,0.0,0.0
258,259,cigarette,high,high,f,0.41,100169,159,100010,1,10,100000,158,0.0909,0.0063,0.0118,0.0246
259,260,cigarette_case,medium,medium,c,0.39,100169,31,100138,1,210,99928,30,0.0047,0.0323,0.0083,0.0057
260,261,cistern,high,high,f,0.38,100169,811,99358,120,1170,98188,691,0.093,0.148,0.1142,0.1005
261,262,clarinet,weak,low,r,0.45,100169,1,100168,0,0,100168,1,0.0,0.0,0.0,0.0
262,263,clasp,medium,medium,c,0.36,100169,42,100127,4,6842,93285,38,0.0006,0.0952,0.0012,0.0007
263,264,cleansing_agent,medium,medium,c,0.38,100169,27,100142,1,244,99898,26,0.0041,0.037,0.0074,0.005
264,265,cleat_(for_securing_rope),weak,low,r,0.45,100169,2,100167,0,0,100167,2,0.0,0.0,0.0,0.0
265,266,clementine,weak,low,r,0.45,100169,5,100164,0,18,100146,5,0.0,0.0,0.0,0.0
266,267,clip,medium,medium,c,0.37,100169,95,100074,17,7096,92978,78,0.0024,0.1789,0.0047,0.003
267,268,clipboard,medium,medium,c,0.4,100169,32,100137,2,39,100098,30,0.0488,0.0625,0.0548,0.051
268,269,clippers_(for_plants),weak,low,r,0.45,100169,1,100168,0,0,100168,1,0.0,0.0,0.0,0.0
269,270,cloak,weak,low,r,0.45,100169,1,100168,0,0,100168,1,0.0,0.0,0.0,0.0
270,271,clock,high,high,f,0.38,100169,1844,98325,271,311,98014,1573,0.4656,0.147,0.2234,0.3248
271,272,clock_tower,high,high,f,0.41,100169,897,99272,464,425,98847,433,0.5219,0.5173,0.5196,0.521
272,273,clothes_hamper,medium,medium,c,0.38,100169,31,100138,2,886,99252,29,0.0023,0.0645,0.0044,0.0028
273,274,clothespin,medium,medium,c,0.39,100169,23,100146,1,131,100015,22,0.0076,0.0435,0.0129,0.0091
274,275,clutch_bag,weak,low,r,0.45,100169,1,100168,0,0,100168,1,0.0,0.0,0.0,0.0
275,276,coaster,high,high,f,0.38,100169,202,99967,4,410,99557,198,0.0097,0.0198,0.013,0.0108
276,277,coat,high,high,f,0.39,100169,746,99423,10,197,99226,736,0.0483,0.0134,0.021,0.0318
277,278,coat_hanger,medium,medium,c,0.37,100169,44,100125,10,910,99215,34,0.0109,0.2273,0.0207,0.0134
278,279,coatrack,medium,medium,c,0.38,100169,14,100155,3,2385,97770,11,0.0013,0.2143,0.0025,0.0016
279,280,cock,medium,medium,c,0.43,100169,26,100143,3,0,100143,23,1.0,0.1154,0.2069,0.3947
280,281,cockroach,weak,low,r,0.45,100169,1,100168,0,0,100168,1,0.0,0.0,0.0,0.0
281,282,cocoa_(beverage),weak,low,r,0.45,100169,2,100167,0,0,100167,2,0.0,0.0,0.0,0.0
282,283,coconut,medium,medium,c,0.39,100169,25,100144,2,367,99777,23,0.0054,0.08,0.0102,0.0067
283,284,coffee_maker,high,high,f,0.44,100169,238,99931,5,10,99921,233,0.3333,0.021,0.0395,0.0839
284,285,coffee_table,high,high,f,0.39,100169,592,99577,29,534,99043,563,0.0515,0.049,0.0502,0.051
285,286,coffeepot,medium,medium,c,0.42,100169,26,100143,1,64,100079,25,0.0154,0.0385,0.022,0.0175
286,287,coil,weak,low,r,0.45,100169,5,100164,0,0,100164,5,0.0,0.0,0.0,0.0
287,288,coin,medium,medium,c,0.36,100169,42,100127,4,1624,98503,38,0.0025,0.0952,0.0048,0.0031
288,289,colander,medium,medium,c,0.38,100169,13,100156,1,452,99704,12,0.0022,0.0769,0.0043,0.0027
289,290,coleslaw,medium,medium,c,0.41,100169,46,100123,6,301,99822,40,0.0195,0.1304,0.034,0.0235
290,291,coloring_material,weak,low,r,0.45,100169,1,100168,0,0,100168,1,0.0,0.0,0.0,0.0
291,292,combination_lock,weak,low,r,0.45,100169,8,100161,0,0,100161,8,0.0,0.0,0.0,0.0
292,293,pacifier,medium,medium,c,0.41,100169,34,100135,3,205,99930,31,0.0144,0.0882,0.0248,0.0173
293,294,comic_book,weak,low,r,0.45,100169,5,100164,0,0,100164,5,0.0,0.0,0.0,0.0
294,295,compass,weak,low,r,0.45,100169,1,100168,0,0,100168,1,0.0,0.0,0.0,0.0
295,296,computer_keyboard,high,high,f,0.39,100169,1871,98298,980,576,97722,891,0.6298,0.5238,0.5719,0.6053
296,297,condiment,high,high,f,0.39,100169,717,99452,139,1212,98240,578,0.1029,0.1939,0.1344,0.1135
297,298,cone,high,high,f,0.39,100169,1010,99159,93,2220,96939,917,0.0402,0.0921,0.056,0.0453
298,299,control,high,high,f,0.37,100169,679,99490,208,3476,96014,471,0.0565,0.3063,0.0953,0.0675
299,300,convertible_(automobile),weak,low,r,0.45,100169,3,100166,0,0,100166,3,0.0,0.0,0.0,0.0
300,301,sofa_bed,weak,low,r,0.45,100169,4,100165,0,8,100157,4,0.0,0.0,0.0,0.0
301,302,cooker,weak,low,r,0.45,100169,1,100168,0,4,100164,1,0.0,0.0,0.0,0.0
302,303,cookie,high,high,f,0.39,100169,166,100003,13,664,99339,153,0.0192,0.0783,0.0308,0.0226
303,304,cooking_utensil,weak,low,r,0.45,100169,2,100167,0,2,100165,2,0.0,0.0,0.0,0.0
304,305,cooler_(for_food),high,high,f,0.39,100169,266,99903,1,118,99785,265,0.0084,0.0038,0.0052,0.0067
305,306,cork_(bottle_plug),high,high,f,0.42,100169,101,100068,2,3,100065,99,0.4,0.0198,0.0377,0.0826
306,307,corkboard,weak,low,r,0.45,100169,6,100163,0,0,100163,6,0.0,0.0,0.0,0.0
307,308,corkscrew,medium,medium,c,0.36,100169,14,100155,7,4877,95278,7,0.0014,0.5,0.0029,0.0018
308,309,edible_corn,high,high,f,0.38,100169,133,100036,18,1579,98457,115,0.0113,0.1353,0.0208,0.0138
309,310,cornbread,weak,low,r,0.45,100169,2,100167,0,0,100167,2,0.0,0.0,0.0,0.0
310,311,cornet,medium,medium,c,0.37,100169,38,100131,3,3548,96583,35,0.0008,0.0789,0.0017,0.0011
311,312,cornice,medium,medium,c,0.36,100169,95,100074,9,7928,92146,86,0.0011,0.0947,0.0022,0.0014
312,313,cornmeal,weak,low,r,0.45,100169,1,100168,0,0,100168,1,0.0,0.0,0.0,0.0
313,314,corset,medium,medium,c,0.39,100169,12,100157,3,101,100056,9,0.0288,0.25,0.0517,0.035
314,315,costume,medium,medium,c,0.42,100169,49,100120,1,4,100116,48,0.2,0.0204,0.037,0.0725
315,316,cougar,weak,low,r,0.45,100169,5,100164,0,0,100164,5,0.0,0.0,0.0,0.0
316,317,coverall,weak,low,r,0.45,100169,5,100164,0,0,100164,5,0.0,0.0,0.0,0.0
317,318,cowbell,medium,medium,c,0.36,100169,16,100153,8,8460,91693,8,0.0009,0.5,0.0019,0.0012
318,319,cowboy_hat,high,high,f,0.4,100169,216,99953,3,83,99870,213,0.0349,0.0139,0.0199,0.0268
319,320,crab_(animal),medium,medium,c,0.38,100169,12,100157,4,481,99676,8,0.0082,0.3333,0.0161,0.0102
320,321,crabmeat,weak,low,r,0.45,100169,1,100168,0,0,100168,1,0.0,0.0,0.0,0.0
321,322,cracker,medium,medium,c,0.38,100169,54,100115,5,1847,98268,49,0.0027,0.0926,0.0052,0.0034
322,323,crape,weak,low,r,0.45,100169,5,100164,0,0,100164,5,0.0,0.0,0.0,0.0
323,324,crate,high,high,f,0.39,100169,245,99924,3,204,99720,242,0.0145,0.0122,0.0133,0.014
324,325,crayon,medium,medium,c,0.39,100169,12,100157,1,70,100087,11,0.0141,0.0833,0.0241,0.0169
325,326,cream_pitcher,weak,low,r,0.45,100169,7,100162,0,0,100162,7,0.0,0.0,0.0,0.0
326,327,crescent_roll,medium,medium,c,0.4,100169,35,100134,4,463,99671,31,0.0086,0.1143,0.0159,0.0105
327,328,crib,medium,medium,c,0.41,100169,36,100133,2,3,100130,34,0.4,0.0556,0.0976,0.1786
328,329,crock_pot,medium,medium,c,0.37,100169,32,100137,4,2820,97317,28,0.0014,0.125,0.0028,0.0018
329,330,crossbar,high,high,f,0.34,100169,1027,99142,638,51718,47424,389,0.0122,0.6212,0.0239,0.0152
330,331,crouton,weak,low,r,0.45,100169,10,100159,0,0,100159,10,0.0,0.0,0.0,0.0
331,332,crow,medium,medium,c,0.47,100169,12,100157,1,0,100157,11,1.0,0.0833,0.1538,0.3125
332,333,crowbar,weak,low,r,0.45,100169,1,100168,0,0,100168,1,0.0,0.0,0.0,0.0
333,334,crown,medium,medium,c,0.38,100169,67,100102,1,73,100029,66,0.0135,0.0149,0.0142,0.0138
334,335,crucifix,medium,medium,c,0.38,100169,71,100098,3,102,99996,68,0.0286,0.0423,0.0341,0.0305
335,336,cruise_ship,medium,medium,c,0.41,100169,30,100139,13,20,100119,17,0.3939,0.4333,0.4127,0.4012
336,337,police_cruiser,medium,medium,c,0.43,100169,48,100121,4,17,100104,44,0.1905,0.0833,0.1159,0.1515
337,338,crumb,high,high,f,0.38,100169,249,99920,24,920,99000,225,0.0254,0.0964,0.0402,0.0298
338,339,crutch,medium,medium,c,0.37,100169,13,100156,1,3115,97041,12,0.0003,0.0769,0.0006,0.0004
339,340,cub_(animal),medium,medium,c,0.41,100169,29,100140,2,16,100124,27,0.1111,0.069,0.0851,0.099
340,341,cube,medium,medium,c,0.37,100169,14,100155,1,1671,98484,13,0.0006,0.0714,0.0012,0.0007
341,342,cucumber,high,high,f,0.38,100169,236,99933,31,1742,98191,205,0.0175,0.1314,0.0309,0.0212
342,343,cufflink,medium,medium,c,0.39,100169,15,100154,2,44,100110,13,0.0435,0.1333,0.0656,0.0503
343,344,cup,high,high,f,0.38,100169,1521,98648,118,1175,97473,1403,0.0913,0.0776,0.0839,0.0882
344,345,trophy_cup,medium,medium,c,0.44,100169,25,100144,1,0,100144,24,1.0,0.04,0.0769,0.1724
345,346,cupboard,high,high,f,0.39,100169,249,99920,49,2221,97699,200,0.0216,0.1968,0.0389,0.0263
346,347,cupcake,high,high,f,0.43,100169,139,100030,25,65,99965,114,0.2778,0.1799,0.2183,0.2505
347,348,hair_curler,weak,low,r,0.45,100169,2,100167,0,0,100167,2,0.0,0.0,0.0,0.0
348,349,curling_iron,weak,low,r,0.45,100169,2,100167,0,0,100167,2,0.0,0.0,0.0,0.0
349,350,curtain,high,high,f,0.37,100169,1890,98279,212,1379,96900,1678,0.1332,0.1122,0.1218,0.1284
350,351,cushion,high,high,f,0.38,100169,1240,98929,158,1224,97705,1082,0.1143,0.1274,0.1205,0.1167
351,352,cylinder,weak,low,r,0.45,100169,1,100168,0,0,100168,1,0.0,0.0,0.0,0.0
352,353,cymbal,weak,low,r,0.45,100169,9,100160,0,0,100160,9,0.0,0.0,0.0,0.0
353,354,dagger,weak,low,r,0.45,100169,1,100168,0,0,100168,1,0.0,0.0,0.0,0.0
354,355,dalmatian,weak,low,r,0.45,100169,3,100166,0,3,100163,3,0.0,0.0,0.0,0.0
355,356,dartboard,medium,medium,c,0.34,100169,11,100158,4,6283,93875,7,0.0006,0.3636,0.0013,0.0008
356,357,date_(fruit),weak,low,r,0.45,100169,4,100165,0,0,100165,4,0.0,0.0,0.0,0.0
357,358,deck_chair,high,high,f,0.42,100169,236,99933,14,62,99871,222,0.1842,0.0593,0.0897,0.1296
358,359,deer,medium,medium,c,0.39,100169,44,100125,4,73,100052,40,0.0519,0.0909,0.0661,0.0568
359,360,dental_floss,medium,medium,c,0.39,100169,19,100150,1,301,99849,18,0.0033,0.0526,0.0062,0.0041
360,361,desk,high,high,f,0.43,100169,1100,99069,407,458,98611,693,0.4705,0.37,0.4142,0.4463
361,362,detergent,weak,low,r,0.45,100169,7,100162,0,0,100162,7,0.0,0.0,0.0,0.0
362,363,diaper,medium,medium,c,0.43,100169,69,100100,4,12,100088,65,0.25,0.058,0.0941,0.1504
363,364,diary,weak,low,r,0.45,100169,2,100167,0,0,100167,2,0.0,0.0,0.0,0.0
364,365,die,weak,low,r,0.45,100169,8,100161,0,0,100161,8,0.0,0.0,0.0,0.0
365,366,dinghy,weak,low,r,0.45,100169,5,100164,0,0,100164,5,0.0,0.0,0.0,0.0
366,367,dining_table,high,high,f,0.38,100169,227,99942,42,1365,98577,185,0.0299,0.185,0.0514,0.0359
367,368,tux,weak,low,r,0.45,100169,6,100163,0,1,100162,6,0.0,0.0,0.0,0.0
368,369,dish,high,high,f,0.39,100169,106,100063,37,3120,96943,69,0.0117,0.3491,0.0227,0.0145
369,370,dish_antenna,medium,medium,c,0.41,100169,81,100088,1,64,100024,80,0.0154,0.0123,0.0137,0.0147
370,371,dishrag,medium,medium,c,0.36,100169,17,100152,9,11026,89126,8,0.0008,0.5294,0.0016,0.001
371,372,dishtowel,high,high,f,0.33,100169,134,100035,70,25264,74771,64,0.0028,0.5224,0.0055,0.0034
372,373,dishwasher,high,high,f,0.43,100169,312,99857,8,72,99785,304,0.1,0.0256,0.0408,0.0633
373,374,dishwasher_detergent,weak,low,r,0.45,100169,8,100161,0,0,100161,8,0.0,0.0,0.0,0.0
374,375,dispenser,high,high,f,0.38,100169,271,99898,80,3292,96606,191,0.0237,0.2952,0.0439,0.0291
375,376,diving_board,weak,low,r,0.45,100169,2,100167,0,2,100165,2,0.0,0.0,0.0,0.0
376,377,Dixie_cup,high,high,f,0.39,100169,103,100066,3,113,99953,100,0.0259,0.0291,0.0274,0.0265
377,378,dog,high,high,f,0.39,100169,1938,98231,774,1004,97227,1164,0.4353,0.3994,0.4166,0.4276
378,379,dog_collar,high,high,f,0.4,100169,574,99595,86,336,99259,488,0.2038,0.1498,0.1727,0.1901
379,380,doll,high,high,f,0.42,100169,120,100049,9,5,100044,111,0.6429,0.075,0.1343,0.2557
380,381,dollar,weak,low,r,0.45,100169,2,100167,0,0,100167,2,0.0,0.0,0.0,0.0
381,382,dollhouse,weak,low,r,0.45,100169,2,100167,0,3,100164,2,0.0,0.0,0.0,0.0
382,383,dolphin,medium,medium,c,0.4,100169,13,100156,1,70,100086,12,0.0141,0.0769,0.0238,0.0168
383,384,domestic_ass,medium,medium,c,0.41,100169,29,100140,2,15,100125,27,0.1176,0.069,0.087,0.1031
384,385,doorknob,high,high,f,0.35,100169,1710,98459,252,5073,93386,1458,0.0473,0.1474,0.0716,0.0548
385,386,doormat,medium,medium,c,0.39,100169,66,100103,1,89,100014,65,0.0111,0.0152,0.0128,0.0117
386,387,doughnut,high,high,f,0.41,100169,1008,99161,343,254,98907,665,0.5745,0.3403,0.4274,0.505
387,388,dove,weak,low,r,0.45,100169,1,100168,0,0,100168,1,0.0,0.0,0.0,0.0
388,389,dragonfly,weak,low,r,0.45,100169,3,100166,0,0,100166,3,0.0,0.0,0.0,0.0
389,390,drawer,high,high,f,0.38,100169,1942,98227,295,2324,95903,1647,0.1126,0.1519,0.1294,0.1188
390,391,underdrawers,medium,medium,c,0.38,100169,19,100150,1,367,99783,18,0.0027,0.0526,0.0052,0.0034
391,392,dress,high,high,f,0.37,100169,1488,98681,192,1350,97331,1296,0.1245,0.129,0.1267,0.1254
392,393,dress_hat,medium,medium,c,0.4,100169,46,100123,3,63,100060,43,0.0455,0.0652,0.0536,0.0484
393,394,dress_suit,high,high,f,0.4,100169,106,100063,1,61,100002,105,0.0161,0.0094,0.0119,0.0141
394,395,dresser,high,high,f,0.43,100169,115,100054,2,13,100041,113,0.1333,0.0174,0.0308,0.0571
395,396,drill,medium,medium,c,0.38,100169,19,100150,1,1170,98980,18,0.0009,0.0526,0.0017,0.0011
396,397,drone,weak,low,r,0.45,100169,2,100167,0,0,100167,2,0.0,0.0,0.0,0.0
397,398,dropper,weak,low,r,0.45,100169,1,100168,0,0,100168,1,0.0,0.0,0.0,0.0
398,399,drum_(musical_instrument),medium,medium,c,0.38,100169,28,100141,4,1148,98993,24,0.0035,0.1429,0.0068,0.0043
399,400,drumstick,weak,low,r,0.45,100169,9,100160,0,0,100160,9,0.0,0.0,0.0,0.0
400,401,duck,high,high,f,0.42,100169,192,99977,26,27,99950,166,0.4906,0.1354,0.2122,0.3218
401,402,duckling,medium,medium,c,0.43,100169,12,100157,3,5,100152,9,0.375,0.25,0.3,0.3409
402,403,duct_tape,medium,medium,c,0.39,100169,21,100148,1,267,99881,20,0.0037,0.0476,0.0069,0.0046
403,404,duffel_bag,high,high,f,0.39,100169,247,99922,8,102,99820,239,0.0727,0.0324,0.0448,0.0582
404,405,dumbbell,weak,low,r,0.45,100169,6,100163,0,0,100163,6,0.0,0.0,0.0,0.0
405,406,dumpster,medium,medium,c,0.44,100169,64,100105,1,14,100091,63,0.0667,0.0156,0.0253,0.0403
406,407,dustpan,weak,low,r,0.45,100169,7,100162,0,0,100162,7,0.0,0.0,0.0,0.0
407,408,eagle,medium,medium,c,0.42,100169,40,100129,5,7,100122,35,0.4167,0.125,0.1923,0.2841
408,409,earphone,high,high,f,0.39,100169,542,99627,29,708,98919,513,0.0393,0.0535,0.0453,0.0415
409,410,earplug,weak,low,r,0.45,100169,2,100167,0,0,100167,2,0.0,0.0,0.0,0.0
410,411,earring,high,high,f,0.37,100169,1898,98271,124,1890,96381,1774,0.0616,0.0653,0.0634,0.0623
411,412,easel,medium,medium,c,0.4,100169,36,100133,1,44,100089,35,0.0222,0.0278,0.0247,0.0231
412,413,eclair,weak,low,r,0.45,100169,4,100165,0,0,100165,4,0.0,0.0,0.0,0.0
413,414,eel,weak,low,r,0.45,100169,1,100168,0,0,100168,1,0.0,0.0,0.0,0.0
414,415,egg,high,high,f,0.41,100169,191,99978,3,73,99905,188,0.0395,0.0157,0.0225,0.0303
415,416,egg_roll,weak,low,r,0.45,100169,6,100163,0,0,100163,6,0.0,0.0,0.0,0.0
416,417,egg_yolk,medium,medium,c,0.39,100169,41,100128,6,694,99434,35,0.0086,0.1463,0.0162,0.0106
417,418,eggbeater,medium,medium,c,0.4,100169,39,100130,1,248,99882,38,0.004,0.0256,0.0069,0.0048
418,419,eggplant,medium,medium,c,0.4,100169,46,100123,4,151,99972,42,0.0258,0.087,0.0398,0.03
419,420,electric_chair,weak,low,r,0.45,100169,1,100168,0,0,100168,1,0.0,0.0,0.0,0.0
420,421,refrigerator,high,high,f,0.42,100169,1451,98718,294,192,98526,1157,0.6049,0.2026,0.3036,0.433
421,422,elephant,high,high,f,0.39,100169,1878,98291,1287,91,98200,591,0.934,0.6853,0.7905,0.8708
422,423,elk,medium,medium,c,0.41,100169,11,100158,1,119,100039,10,0.0083,0.0909,0.0153,0.0102
423,424,envelope,medium,medium,c,0.37,100169,82,100087,8,366,99721,74,0.0214,0.0976,0.0351,0.0253
424,425,eraser,medium,medium,c,0.38,100169,18,100151,1,541,99610,17,0.0018,0.0556,0.0036,0.0023
425,426,escargot,weak,low,r,0.45,100169,1,100168,0,0,100168,1,0.0,0.0,0.0,0.0
426,427,eyepatch,weak,low,r,0.45,100169,7,100162,0,0,100162,7,0.0,0.0,0.0,0.0
427,428,falcon,weak,low,r,0.45,100169,3,100166,0,0,100166,3,0.0,0.0,0.0,0.0
428,429,fan,high,high,f,0.38,100169,575,99594,14,1303,98291,561,0.0106,0.0243,0.0148,0.012
429,430,faucet,high,high,f,0.39,100169,1907,98262,288,1349,96913,1619,0.1759,0.151,0.1625,0.1703
430,431,fedora,weak,low,r,0.45,100169,8,100161,0,0,100161,8,0.0,0.0,0.0,0.0
431,432,ferret,weak,low,r,0.45,100169,4,100165,0,1,100164,4,0.0,0.0,0.0,0.0
432,433,Ferris_wheel,medium,medium,c,0.42,100169,32,100137,1,10,100127,31,0.0909,0.0312,0.0465,0.0658
433,434,ferry,medium,medium,c,0.44,100169,11,100158,1,5,100153,10,0.1667,0.0909,0.1176,0.1429
434,435,fig_(fruit),weak,low,r,0.45,100169,4,100165,0,0,100165,4,0.0,0.0,0.0,0.0
435,436,fighter_jet,medium,medium,c,0.42,100169,54,100115,6,104,100011,48,0.0545,0.1111,0.0732,0.0607
436,437,figurine,high,high,f,0.39,100169,202,99967,16,252,99715,186,0.0597,0.0792,0.0681,0.0628
437,438,file_cabinet,medium,medium,c,0.42,100169,32,100137,2,196,99941,30,0.0101,0.0625,0.0174,0.0121
438,439,file_(tool),weak,low,r,0.45,100169,3,100166,0,0,100166,3,0.0,0.0,0.0,0.0
439,440,fire_alarm,high,high,f,0.33,100169,130,100039,46,21511,78528,84,0.0021,0.3538,0.0042,0.0027
440,441,fire_engine,high,high,f,0.44,100169,119,100050,45,42,100008,74,0.5172,0.3782,0.4369,0.4818
441,442,fire_extinguisher,high,high,f,0.44,100169,141,100028,1,32,99996,140,0.0303,0.0071,0.0115,0.0183
442,443,fire_hose,medium,medium,c,0.43,100169,29,100140,7,39,100101,22,0.1522,0.2414,0.1867,0.1643
443,444,fireplace,high,high,f,0.41,100169,525,99644,90,91,99553,435,0.4972,0.1714,0.255,0.3603
444,445,fireplug,high,high,f,0.42,100169,1323,98846,560,109,98737,763,0.8371,0.4233,0.5622,0.7002
445,446,first-aid_kit,weak,low,r,0.45,100169,2,100167,0,0,100167,2,0.0,0.0,0.0,0.0
446,447,fish,high,high,f,0.39,100169,113,100056,4,65,99991,109,0.058,0.0354,0.044,0.0514
447,448,fish_(food),medium,medium,c,0.4,100169,16,100153,1,17,100136,15,0.0556,0.0625,0.0588,0.0568
448,449,fishbowl,weak,low,r,0.45,100169,7,100162,0,0,100162,7,0.0,0.0,0.0,0.0
449,450,fishing_rod,medium,medium,c,0.42,100169,35,100134,3,15,100119,32,0.1667,0.0857,0.1132,0.1402
450,451,flag,high,high,f,0.37,100169,1908,98261,105,676,97585,1803,0.1344,0.055,0.0781,0.1043
451,452,flagpole,high,high,f,0.4,100169,353,99816,8,127,99689,345,0.0593,0.0227,0.0328,0.0448
452,453,flamingo,medium,medium,c,0.44,100169,18,100151,3,1,100150,15,0.75,0.1667,0.2727,0.4412
453,454,flannel,medium,medium,c,0.39,100169,14,100155,1,590,99565,13,0.0017,0.0714,0.0033,0.0021
454,455,flap,medium,medium,c,0.37,100169,77,100092,15,8770,91322,62,0.0017,0.1948,0.0034,0.0021
455,456,flash,weak,low,r,0.45,100169,8,100161,0,0,100161,8,0.0,0.0,0.0,0.0
456,457,flashlight,medium,medium,c,0.39,100169,37,100132,2,382,99750,35,0.0052,0.0541,0.0095,0.0064
457,458,fleece,weak,low,r,0.45,100169,1,100168,0,0,100168,1,0.0,0.0,0.0,0.0
458,459,flip-flop_(sandal),high,high,f,0.41,100169,346,99823,1,24,99799,345,0.04,0.0029,0.0054,0.0112
459,460,flipper_(footwear),medium,medium,c,0.38,100169,19,100150,4,1646,98504,15,0.0024,0.2105,0.0048,0.003
460,461,flower_arrangement,high,high,f,0.38,100169,1779,98390,571,215,98175,1208,0.7265,0.321,0.4452,0.5799
461,462,flute_glass,medium,medium,c,0.39,100169,23,100146,3,285,99861,20,0.0104,0.1304,0.0193,0.0128
462,463,foal,medium,medium,c,0.45,100169,25,100144,3,7,100137,22,0.3,0.12,0.1714,0.2308
463,464,folding_chair,medium,medium,c,0.35,100169,67,100102,6,4092,96010,61,0.0015,0.0896,0.0029,0.0018
464,465,food_processor,medium,medium,c,0.44,100169,19,100150,2,12,100138,17,0.1429,0.1053,0.1212,0.1333
465,466,football_(American),medium,medium,c,0.42,100169,28,100141,1,35,100106,27,0.0278,0.0357,0.0312,0.0291
466,467,football_helmet,weak,low,r,0.45,100169,4,100165,0,0,100165,4,0.0,0.0,0.0,0.0
467,468,footstool,medium,medium,c,0.38,100169,27,100142,1,837,99305,26,0.0012,0.037,0.0023,0.0015
468,469,fork,high,high,f,0.37,100169,1861,98308,483,3288,95020,1378,0.1281,0.2595,0.1715,0.1425
469,470,forklift,medium,medium,c,0.45,100169,11,100158,3,0,100158,8,1.0,0.2727,0.4286,0.6522
470,471,freight_car,medium,medium,c,0.42,100169,13,100156,4,321,99835,9,0.0123,0.3077,0.0237,0.0152
471,472,French_toast,medium,medium,c,0.45,100169,13,100156,1,3,100153,12,0.25,0.0769,0.1176,0.1724
472,473,freshener,medium,medium,c,0.36,100169,32,100137,11,5451,94686,21,0.002,0.3438,0.004,0.0025
473,474,frisbee,high,high,f,0.41,100169,1766,98403,578,488,97915,1188,0.5422,0.3273,0.4082,0.4793
474,475,frog,medium,medium,c,0.43,100169,42,100127,1,1,100126,41,0.5,0.0238,0.0455,0.1
475,476,fruit_juice,medium,medium,c,0.4,100169,17,100152,3,582,99570,14,0.0051,0.1765,0.01,0.0064
476,477,frying_pan,high,high,f,0.42,100169,128,100041,2,3,100038,126,0.4,0.0156,0.0301,0.0676
477,478,fudge,weak,low,r,0.45,100169,1,100168,0,0,100168,1,0.0,0.0,0.0,0.0
478,479,funnel,weak,low,r,0.45,100169,9,100160,0,0,100160,9,0.0,0.0,0.0,0.0
479,480,futon,weak,low,r,0.45,100169,10,100159,0,0,100159,10,0.0,0.0,0.0,0.0
480,481,gag,weak,low,r,0.45,100169,4,100165,0,0,100165,4,0.0,0.0,0.0,0.0
481,482,garbage,weak,low,r,0.45,100169,9,100160,0,0,100160,9,0.0,0.0,0.0,0.0
482,483,garbage_truck,medium,medium,c,0.45,100169,18,100151,4,17,100134,14,0.1905,0.2222,0.2051,0.1961
483,484,garden_hose,medium,medium,c,0.42,100169,41,100128,1,37,100091,40,0.0263,0.0244,0.0253,0.0259
484,485,gargle,medium,medium,c,0.39,100169,28,100141,2,351,99790,26,0.0057,0.0714,0.0105,0.0069
485,486,gargoyle,weak,low,r,0.45,100169,3,100166,0,0,100166,3,0.0,0.0,0.0,0.0
486,487,garlic,medium,medium,c,0.39,100169,65,100104,1,214,99890,64,0.0047,0.0154,0.0071,0.0054
487,488,gasmask,weak,low,r,0.45,100169,9,100160,0,0,100160,9,0.0,0.0,0.0,0.0
488,489,gazelle,medium,medium,c,0.38,100169,23,100146,11,1869,98277,12,0.0059,0.4783,0.0116,0.0073
489,490,gelatin,medium,medium,c,0.38,100169,24,100145,2,915,99230,22,0.0022,0.0833,0.0043,0.0027
490,491,gemstone,weak,low,r,0.45,100169,1,100168,0,0,100168,1,0.0,0.0,0.0,0.0
491,492,generator,weak,low,r,0.45,100169,2,100167,0,0,100167,2,0.0,0.0,0.0,0.0
492,493,giant_panda,medium,medium,c,0.44,100169,59,100110,10,1,100109,49,0.9091,0.1695,0.2857,0.4854
493,494,gift_wrap,medium,medium,c,0.37,100169,48,100121,7,813,99308,41,0.0085,0.1458,0.0161,0.0105
494,495,ginger,medium,medium,c,0.4,100169,17,100152,1,74,100078,16,0.0133,0.0588,0.0217,0.0158
495,496,giraffe,high,high,f,0.41,100169,1877,98292,1612,178,98114,265,0.9006,0.8588,0.8792,0.8919
496,497,cincture,medium,medium,c,0.36,100169,18,100151,2,4797,95354,16,0.0004,0.1111,0.0008,0.0005
497,498,glass_(drink_container),high,high,f,0.39,100169,1920,98249,99,685,97564,1821,0.1263,0.0516,0.0732,0.0979
498,499,globe,medium,medium,c,0.38,100169,50,100119,2,162,99957,48,0.0122,0.04,0.0187,0.0142
499,500,glove,high,high,f,0.34,100169,1890,98279,1068,31169,67110,822,0.0331,0.5651,0.0626,0.0408
500,501,goat,medium,medium,c,0.45,100169,99,100070,2,0,100070,97,1.0,0.0202,0.0396,0.0935
501,502,goggles,high,high,f,0.33,100169,1530,98639,966,29474,69165,564,0.0317,0.6314,0.0604,0.0392
502,503,goldfish,weak,low,r,0.45,100169,3,100166,0,0,100166,3,0.0,0.0,0.0,0.0
503,504,golf_club,medium,medium,c,0.41,100169,11,100158,1,18,100140,10,0.0526,0.0909,0.0667,0.0575
504,505,golfcart,medium,medium,c,0.37,100169,19,100150,1,1900,98250,18,0.0005,0.0526,0.001,0.0007
505,506,gondola_(boat),weak,low,r,0.45,100169,3,100166,0,1,100165,3,0.0,0.0,0.0,0.0
506,507,goose,medium,medium,c,0.42,100169,63,100106,15,33,100073,48,0.3125,0.2381,0.2703,0.2941
507,508,gorilla,weak,low,r,0.45,100169,5,100164,0,0,100164,5,0.0,0.0,0.0,0.0
508,509,gourd,weak,low,r,0.45,100169,6,100163,0,0,100163,6,0.0,0.0,0.0,0.0
509,510,grape,high,high,f,0.38,100169,233,99936,27,319,99617,206,0.078,0.1159,0.0933,0.0835
510,511,grater,medium,medium,c,0.34,100169,54,100115,34,56698,43417,20,0.0006,0.6296,0.0012,0.0007
511,512,gravestone,medium,medium,c,0.4,100169,36,100133,8,24,100109,28,0.25,0.2222,0.2353,0.2439
512,513,gravy_boat,weak,low,r,0.45,100169,10,100159,0,0,100159,10,0.0,0.0,0.0,0.0
513,514,green_bean,high,high,f,0.38,100169,124,100045,12,907,99138,112,0.0131,0.0968,0.023,0.0158
514,515,green_onion,high,high,f,0.4,100169,101,100068,12,308,99760,89,0.0375,0.1188,0.057,0.0434
515,516,griddle,weak,low,r,0.45,100169,3,100166,0,0,100166,3,0.0,0.0,0.0,0.0
516,517,grill,high,high,f,0.37,100169,363,99806,26,1623,98183,337,0.0158,0.0716,0.0258,0.0187
517,518,grits,weak,low,r,0.45,100169,3,100166,0,0,100166,3,0.0,0.0,0.0,0.0
518,519,grizzly,medium,medium,c,0.43,100169,30,100139,11,110,100029,19,0.0909,0.3667,0.1457,0.107
519,520,grocery_bag,medium,medium,c,0.38,100169,18,100151,1,854,99297,17,0.0012,0.0556,0.0023,0.0015
520,521,guitar,high,high,f,0.41,100169,199,99970,15,6,99964,184,0.7143,0.0754,0.1364,0.265
521,522,gull,medium,medium,c,0.43,100169,97,100072,20,65,100007,77,0.2353,0.2062,0.2198,0.2288
522,523,gun,medium,medium,c,0.38,100169,32,100137,1,400,99737,31,0.0025,0.0312,0.0046,0.0031
523,524,hairbrush,high,high,f,0.37,100169,121,100048,15,885,99163,106,0.0167,0.124,0.0294,0.0202
524,525,hairnet,medium,medium,c,0.36,100169,16,100153,2,6689,93464,14,0.0003,0.125,0.0006,0.0004
525,526,hairpin,medium,medium,c,0.3,100169,12,100157,12,92954,7203,0,0.0001,1.0,0.0003,0.0002
526,527,halter_top,weak,low,r,0.45,100169,2,100167,0,0,100167,2,0.0,0.0,0.0,0.0
527,528,ham,high,high,f,0.39,100169,214,99955,15,194,99761,199,0.0718,0.0701,0.0709,0.0714
528,529,hamburger,medium,medium,c,0.44,100169,48,100121,8,94,100027,40,0.0784,0.1667,0.1067,0.0877
529,530,hammer,medium,medium,c,0.37,100169,26,100143,4,4120,96023,22,0.001,0.1538,0.0019,0.0012
530,531,hammock,medium,medium,c,0.42,100169,13,100156,1,18,100138,12,0.0526,0.0769,0.0625,0.0562
531,532,hamper,weak,low,r,0.45,100169,4,100165,0,0,100165,4,0.0,0.0,0.0,0.0
532,533,hamster,medium,medium,c,0.43,100169,11,100158,6,13,100145,5,0.3158,0.5455,0.4,0.3448
533,534,hair_dryer,high,high,f,0.41,100169,123,100046,6,26,100020,117,0.1875,0.0488,0.0774,0.1195
534,535,hand_glass,weak,low,r,0.45,100169,7,100162,0,0,100162,7,0.0,0.0,0.0,0.0
535,536,hand_towel,high,high,f,0.4,100169,200,99969,1,59,99910,199,0.0167,0.005,0.0077,0.0114
536,537,handcart,medium,medium,c,0.41,100169,91,100078,2,102,99976,89,0.0192,0.022,0.0205,0.0197
537,538,handcuff,weak,low,r,0.45,100169,9,100160,0,0,100160,9,0.0,0.0,0.0,0.0
538,539,handkerchief,medium,medium,c,0.34,100169,72,100097,26,27582,72515,46,0.0009,0.3611,0.0019,0.0012
539,540,handle,high,high,f,0.34,100169,1886,98283,1296,58790,39493,590,0.0216,0.6872,0.0418,0.0268
540,541,handsaw,weak,low,r,0.45,100169,4,100165,0,0,100165,4,0.0,0.0,0.0,0.0
541,542,hardback_book,weak,low,r,0.45,100169,1,100168,0,0,100168,1,0.0,0.0,0.0,0.0
542,543,harmonium,weak,low,r,0.45,100169,1,100168,0,0,100168,1,0.0,0.0,0.0,0.0
543,544,hat,high,high,f,0.38,100169,1932,98237,89,903,97334,1843,0.0897,0.0461,0.0609,0.0754
544,545,hatbox,weak,low,r,0.45,100169,4,100165,0,0,100165,4,0.0,0.0,0.0,0.0
545,546,veil,medium,medium,c,0.4,100169,56,100113,2,18,100095,54,0.1,0.0357,0.0526,0.0735
546,547,headband,high,high,f,0.32,100169,854,99315,361,26824,72491,493,0.0133,0.4227,0.0257,0.0165
547,548,headboard,high,high,f,0.39,100169,755,99414,126,672,98742,629,0.1579,0.1669,0.1623,0.1596
548,549,headlight,high,high,f,0.38,100169,1843,98326,110,1744,96582,1733,0.0593,0.0597,0.0595,0.0594
549,550,headscarf,medium,medium,c,0.35,100169,96,100073,7,4156,95917,89,0.0017,0.0729,0.0033,0.0021
550,551,headset,weak,low,r,0.45,100169,7,100162,0,0,100162,7,0.0,0.0,0.0,0.0
551,552,headstall_(for_horses),medium,medium,c,0.3,100169,74,100095,74,100017,78,0,0.0007,1.0,0.0015,0.0009
552,553,heart,medium,medium,c,0.39,100169,66,100103,1,2,100101,65,0.3333,0.0152,0.029,0.0641
553,554,heater,medium,medium,c,0.37,100169,57,100112,21,11507,88605,36,0.0018,0.3684,0.0036,0.0023
554,555,helicopter,medium,medium,c,0.44,100169,44,100125,5,3,100122,39,0.625,0.1136,0.1923,0.3289
555,556,helmet,high,high,f,0.38,100169,1905,98264,179,1317,96947,1726,0.1197,0.094,0.1053,0.1134
556,557,heron,weak,low,r,0.45,100169,4,100165,0,5,100160,4,0.0,0.0,0.0,0.0
557,558,highchair,medium,medium,c,0.41,100169,90,100079,3,106,99973,87,0.0275,0.0333,0.0302,0.0285
558,559,hinge,high,high,f,0.37,100169,1635,98534,174,3614,94920,1461,0.0459,0.1064,0.0642,0.0518
559,560,hippopotamus,weak,low,r,0.45,100169,8,100161,0,1,100160,8,0.0,0.0,0.0,0.0
560,561,hockey_stick,weak,low,r,0.45,100169,5,100164,0,0,100164,5,0.0,0.0,0.0,0.0
561,562,hog,medium,medium,c,0.4,100169,50,100119,1,78,100041,49,0.0127,0.02,0.0155,0.0137
562,563,home_plate_(baseball),high,high,f,0.4,100169,545,99624,159,282,99342,386,0.3605,0.2917,0.3225,0.3443
563,564,honey,medium,medium,c,0.39,100169,20,100149,2,94,100055,18,0.0208,0.1,0.0345,0.0248
564,565,fume_hood,high,high,f,0.29,100169,193,99976,192,99088,888,1,0.0019,0.9948,0.0039,0.0024
565,566,hook,high,high,f,0.39,100169,285,99884,2,91,99793,283,0.0215,0.007,0.0106,0.0152
566,567,hookah,weak,low,r,0.45,100169,3,100166,0,0,100166,3,0.0,0.0,0.0,0.0
567,568,hornet,weak,low,r,0.45,100169,1,100168,0,0,100168,1,0.0,0.0,0.0,0.0
568,569,horse,high,high,f,0.39,100169,1904,98265,788,561,97704,1116,0.5841,0.4139,0.4845,0.5397
569,570,hose,high,high,f,0.42,100169,294,99875,1,3,99872,293,0.25,0.0034,0.0067,0.0161
570,571,hot-air_balloon,weak,low,r,0.45,100169,3,100166,0,4,100162,3,0.0,0.0,0.0,0.0
571,572,hotplate,weak,low,r,0.45,100169,5,100164,0,0,100164,5,0.0,0.0,0.0,0.0
572,573,hot_sauce,medium,medium,c,0.42,100169,24,100145,1,13,100132,23,0.0714,0.0417,0.0526,0.0625
573,574,hourglass,weak,low,r,0.45,100169,2,100167,0,0,100167,2,0.0,0.0,0.0,0.0
574,575,houseboat,weak,low,r,0.45,100169,2,100167,0,2,100165,2,0.0,0.0,0.0,0.0
575,576,hummingbird,medium,medium,c,0.44,100169,16,100153,6,7,100146,10,0.4615,0.375,0.4138,0.4412
576,577,hummus,weak,low,r,0.45,100169,8,100161,0,0,100161,8,0.0,0.0,0.0,0.0
577,578,polar_bear,high,high,f,0.43,100169,154,100015,101,14,100001,53,0.8783,0.6558,0.7509,0.8225
578,579,icecream,medium,medium,c,0.43,100169,66,100103,2,31,100072,64,0.0606,0.0303,0.0404,0.0505
579,580,popsicle,weak,low,r,0.45,100169,1,100168,0,0,100168,1,0.0,0.0,0.0,0.0
580,581,ice_maker,medium,medium,c,0.36,100169,24,100145,8,11574,88571,16,0.0007,0.3333,0.0014,0.0009
581,582,ice_pack,weak,low,r,0.45,100169,1,100168,0,0,100168,1,0.0,0.0,0.0,0.0
582,583,ice_skate,weak,low,r,0.45,100169,4,100165,0,3,100162,4,0.0,0.0,0.0,0.0
583,584,igniter,medium,medium,c,0.36,100169,75,100094,18,8836,91258,57,0.002,0.24,0.004,0.0025
584,585,inhaler,weak,low,r,0.45,100169,6,100163,0,0,100163,6,0.0,0.0,0.0,0.0
585,586,iPod,high,high,f,0.46,100169,126,100043,2,2,100041,124,0.5,0.0159,0.0308,0.0704
586,587,iron_(for_clothing),medium,medium,c,0.37,100169,24,100145,1,1987,98158,23,0.0005,0.0417,0.001,0.0006
587,588,ironing_board,medium,medium,c,0.4,100169,22,100147,3,159,99988,19,0.0185,0.1364,0.0326,0.0224
588,589,jacket,high,high,f,0.36,100169,1872,98297,178,3072,95225,1694,0.0548,0.0951,0.0695,0.0598
589,590,jam,medium,medium,c,0.35,100169,16,100153,10,40733,59420,6,0.0002,0.625,0.0005,0.0003
590,591,jar,high,high,f,0.41,100169,423,99746,19,213,99533,404,0.0819,0.0449,0.058,0.0703
591,592,jean,high,high,f,0.36,100169,1927,98242,363,8010,90232,1564,0.0434,0.1884,0.0705,0.0512
592,593,jeep,medium,medium,c,0.42,100169,38,100131,2,35,100096,36,0.0541,0.0526,0.0533,0.0538
593,594,jelly_bean,weak,low,r,0.45,100169,3,100166,0,0,100166,3,0.0,0.0,0.0,0.0
594,595,jersey,high,high,f,0.36,100169,1945,98224,217,2838,95386,1728,0.071,0.1116,0.0868,0.0766
595,596,jet_plane,medium,medium,c,0.42,100169,35,100134,3,188,99946,32,0.0157,0.0857,0.0265,0.0188
596,597,jewel,weak,low,r,0.45,100169,1,100168,0,0,100168,1,0.0,0.0,0.0,0.0
597,598,jewelry,medium,medium,c,0.37,100169,13,100156,1,253,99903,12,0.0039,0.0769,0.0075,0.0049
598,599,joystick,weak,low,r,0.45,100169,9,100160,0,0,100160,9,0.0,0.0,0.0,0.0
599,600,jumpsuit,medium,medium,c,0.37,100169,14,100155,1,1612,98543,13,0.0006,0.0714,0.0012,0.0008
600,601,kayak,medium,medium,c,0.42,100169,37,100132,6,48,100084,31,0.1111,0.1622,0.1319,0.1186
601,602,keg,weak,low,r,0.45,100169,3,100166,0,0,100166,3,0.0,0.0,0.0,0.0
602,603,kennel,weak,low,r,0.45,100169,4,100165,0,0,100165,4,0.0,0.0,0.0,0.0
603,604,kettle,medium,medium,c,0.39,100169,100,100069,13,890,99179,87,0.0144,0.13,0.0259,0.0175
604,605,key,high,high,f,0.38,100169,195,99974,4,291,99683,191,0.0136,0.0205,0.0163,0.0145
605,606,keycard,weak,low,r,0.45,100169,1,100168,0,0,100168,1,0.0,0.0,0.0,0.0
606,607,kilt,medium,medium,c,0.42,100169,12,100157,1,21,100136,11,0.0455,0.0833,0.0588,0.05
607,608,kimono,medium,medium,c,0.44,100169,24,100145,3,0,100145,21,1.0,0.125,0.2222,0.4167
608,609,kitchen_sink,high,high,f,0.43,100169,489,99680,104,574,99106,385,0.1534,0.2127,0.1782,0.1624
609,610,kitchen_table,weak,low,r,0.45,100169,10,100159,0,1,100158,10,0.0,0.0,0.0,0.0
610,611,kite,high,high,f,0.41,100169,1689,98480,1146,239,98241,543,0.8274,0.6785,0.7456,0.7926
611,612,kitten,medium,medium,c,0.43,100169,42,100127,5,160,99967,37,0.0303,0.119,0.0483,0.0356
612,613,kiwi_fruit,medium,medium,c,0.41,100169,81,100088,6,114,99974,75,0.05,0.0741,0.0597,0.0535
613,614,knee_pad,high,high,f,0.39,100169,894,99275,59,729,98546,835,0.0749,0.066,0.0702,0.0729
614,615,knife,high,high,f,0.37,100169,1868,98301,103,1642,96659,1765,0.059,0.0551,0.057,0.0582
615,616,knitting_needle,weak,low,r,0.45,100169,7,100162,0,2,100160,7,0.0,0.0,0.0,0.0
616,617,knob,high,high,f,0.36,100169,1567,98602,507,19665,78937,1060,0.0251,0.3235,0.0466,0.0308
617,618,knocker_(on_a_door),weak,low,r,0.45,100169,10,100159,0,0,100159,10,0.0,0.0,0.0,0.0
618,619,koala,weak,low,r,0.45,100169,8,100161,0,0,100161,8,0.0,0.0,0.0,0.0
619,620,lab_coat,weak,low,r,0.45,100169,7,100162,0,0,100162,7,0.0,0.0,0.0,0.0
620,621,ladder,high,high,f,0.39,100169,629,99540,8,253,99287,621,0.0307,0.0127,0.018,0.0239
621,622,ladle,medium,medium,c,0.38,100169,89,100080,15,1787,98293,74,0.0083,0.1685,0.0159,0.0103
622,623,ladybug,medium,medium,c,0.36,100169,15,100154,1,353,99801,14,0.0028,0.0667,0.0054,0.0035
623,624,lamb_(animal),high,high,f,0.42,100169,134,100035,62,204,99831,72,0.2331,0.4627,0.31,0.2588
624,625,lamb-chop,weak,low,r,0.45,100169,4,100165,0,0,100165,4,0.0,0.0,0.0,0.0
625,626,lamp,high,high,f,0.37,100169,1802,98367,263,3637,94730,1539,0.0674,0.1459,0.0922,0.0756
626,627,lamppost,high,high,f,0.38,100169,595,99574,115,2947,96627,480,0.0376,0.1933,0.0629,0.0448
627,628,lampshade,high,high,f,0.37,100169,1210,98959,127,1590,97369,1083,0.074,0.105,0.0868,0.0786
628,629,lantern,medium,medium,c,0.42,100169,48,100121,1,8,100113,47,0.1111,0.0208,0.0351,0.0595
629,630,lanyard,high,high,f,0.38,100169,418,99751,22,976,98775,396,0.022,0.0526,0.0311,0.0249
630,631,laptop_computer,high,high,f,0.4,100169,1846,98323,849,1080,97243,997,0.4401,0.4599,0.4498,0.4439
631,632,lasagna,weak,low,r,0.45,100169,5,100164,1,27,100137,4,0.0357,0.2,0.0606,0.0427
632,633,latch,high,high,f,0.38,100169,221,99948,15,1318,98630,206,0.0113,0.0679,0.0193,0.0135
633,634,lawn_mower,weak,low,r,0.45,100169,10,100159,0,0,100159,10,0.0,0.0,0.0,0.0
634,635,leather,weak,low,r,0.45,100169,7,100162,0,0,100162,7,0.0,0.0,0.0,0.0
635,636,legging_(clothing),medium,medium,c,0.36,100169,76,100093,30,28588,71505,46,0.001,0.3947,0.0021,0.0013
636,637,Lego,medium,medium,c,0.43,100169,22,100147,1,1,100146,21,0.5,0.0455,0.0833,0.1667
637,638,legume,weak,low,r,0.45,100169,10,100159,0,0,100159,10,0.0,0.0,0.0,0.0
638,639,lemon,high,high,f,0.4,100169,341,99828,48,530,99298,293,0.083,0.1408,0.1045,0.0905
639,640,lemonade,weak,low,r,0.45,100169,1,100168,0,0,100168,1,0.0,0.0,0.0,0.0
640,641,lettuce,high,high,f,0.38,100169,705,99464,256,1510,97954,449,0.145,0.3631,0.2072,0.1648
641,642,license_plate,high,high,f,0.35,100169,1900,98269,415,4097,94172,1485,0.092,0.2184,0.1294,0.104
642,643,life_buoy,high,high,f,0.36,100169,188,99981,32,5605,94376,156,0.0057,0.1702,0.011,0.007
643,644,life_jacket,high,high,f,0.32,100169,227,99942,110,29623,70319,117,0.0037,0.4846,0.0073,0.0046
644,645,lightbulb,high,high,f,0.36,100169,861,99308,59,1935,97373,802,0.0296,0.0685,0.0413,0.0334
645,646,lightning_rod,weak,low,r,0.45,100169,6,100163,0,0,100163,6,0.0,0.0,0.0,0.0
646,647,lime,high,high,f,0.4,100169,115,100054,4,67,99987,111,0.0563,0.0348,0.043,0.0501
647,648,limousine,weak,low,r,0.45,100169,5,100164,0,0,100164,5,0.0,0.0,0.0,0.0
648,649,lion,medium,medium,c,0.39,100169,43,100126,2,240,99886,41,0.0083,0.0465,0.014,0.0099
649,650,lip_balm,medium,medium,c,0.35,100169,14,100155,7,8756,91399,7,0.0008,0.5,0.0016,0.001
650,651,liquor,weak,low,r,0.45,100169,6,100163,0,0,100163,6,0.0,0.0,0.0,0.0
651,652,lizard,medium,medium,c,0.38,100169,15,100154,2,109,100045,13,0.018,0.1333,0.0317,0.0218
652,653,log,high,high,f,0.38,100169,1167,99002,36,430,98572,1131,0.0773,0.0308,0.0441,0.0594
653,654,lollipop,medium,medium,c,0.34,100169,15,100154,5,14619,85535,10,0.0003,0.3333,0.0007,0.0004
654,655,speaker_(stero_equipment),high,high,f,0.37,100169,994,99175,190,1527,97648,804,0.1107,0.1911,0.1402,0.1208
655,656,loveseat,medium,medium,c,0.4,100169,28,100141,4,588,99553,24,0.0068,0.1429,0.0129,0.0083
656,657,machine_gun,weak,low,r,0.45,100169,2,100167,0,0,100167,2,0.0,0.0,0.0,0.0
657,658,magazine,high,high,f,0.37,100169,338,99831,19,417,99414,319,0.0436,0.0562,0.0491,0.0456
658,659,magnet,high,high,f,0.39,100169,334,99835,10,49,99786,324,0.1695,0.0299,0.0509,0.0877
659,660,mail_slot,medium,medium,c,0.38,100169,15,100154,1,670,99484,14,0.0015,0.0667,0.0029,0.0019
660,661,mailbox_(at_home),high,high,f,0.35,100169,102,100067,31,6669,93398,71,0.0046,0.3039,0.0091,0.0058
661,662,mallard,weak,low,r,0.45,100169,1,100168,0,2,100166,1,0.0,0.0,0.0,0.0
662,663,mallet,weak,low,r,0.45,100169,8,100161,0,0,100161,8,0.0,0.0,0.0,0.0
663,664,mammoth,weak,low,r,0.45,100169,1,100168,0,0,100168,1,0.0,0.0,0.0,0.0
664,665,manatee,weak,low,r,0.45,100169,1,100168,0,1,100167,1,0.0,0.0,0.0,0.0
665,666,mandarin_orange,medium,medium,c,0.46,100169,28,100141,2,2,100139,26,0.5,0.0714,0.125,0.2273
666,667,manger,medium,medium,c,0.37,100169,91,100078,10,7370,92708,81,0.0014,0.1099,0.0027,0.0017
667,668,manhole,high,high,f,0.42,100169,260,99909,12,54,99855,248,0.1818,0.0462,0.0736,0.1145
668,669,map,high,high,f,0.39,100169,131,100038,5,9,100029,126,0.3571,0.0382,0.069,0.1337
669,670,marker,high,high,f,0.35,100169,128,100041,58,22569,77472,70,0.0026,0.4531,0.0051,0.0032
670,671,martini,weak,low,r,0.45,100169,3,100166,0,0,100166,3,0.0,0.0,0.0,0.0
671,672,mascot,weak,low,r,0.45,100169,10,100159,0,0,100159,10,0.0,0.0,0.0,0.0
672,673,mashed_potato,medium,medium,c,0.38,100169,39,100130,17,2023,98107,22,0.0083,0.4359,0.0164,0.0104
673,674,masher,weak,low,r,0.45,100169,2,100167,0,0,100167,2,0.0,0.0,0.0,0.0
674,675,mask,high,high,f,0.33,100169,925,99244,430,17425,81819,495,0.0241,0.4649,0.0458,0.0297
675,676,mast,high,high,f,0.4,100169,354,99815,31,127,99688,323,0.1962,0.0876,0.1211,0.1572
676,677,mat_(gym_equipment),medium,medium,c,0.38,100169,31,100138,7,1411,98727,24,0.0049,0.2258,0.0097,0.0061
677,678,matchbox,weak,low,r,0.45,100169,10,100159,0,0,100159,10,0.0,0.0,0.0,0.0
678,679,mattress,high,high,f,0.42,100169,215,99954,20,122,99832,195,0.1408,0.093,0.112,0.1277
679,680,measuring_cup,medium,medium,c,0.4,100169,71,100098,6,195,99903,65,0.0299,0.0845,0.0441,0.0343
680,681,measuring_stick,medium,medium,c,0.4,100169,43,100126,1,26,100100,42,0.037,0.0233,0.0286,0.0331
681,682,meatball,medium,medium,c,0.42,100169,28,100141,1,60,100081,27,0.0164,0.0357,0.0225,0.0184
682,683,medicine,medium,medium,c,0.38,100169,34,100135,2,142,99993,32,0.0139,0.0588,0.0225,0.0164
683,684,melon,medium,medium,c,0.41,100169,16,100153,2,242,99911,14,0.0082,0.125,0.0154,0.0101
684,685,microphone,high,high,f,0.4,100169,273,99896,8,172,99724,265,0.0444,0.0293,0.0353,0.0403
685,686,microscope,weak,low,r,0.45,100169,2,100167,0,0,100167,2,0.0,0.0,0.0,0.0
686,687,microwave_oven,high,high,f,0.4,100169,999,99170,243,612,98558,756,0.2842,0.2432,0.2621,0.2749
687,688,milestone,weak,low,r,0.45,100169,4,100165,0,0,100165,4,0.0,0.0,0.0,0.0
688,689,milk,high,high,f,0.41,100169,107,100062,2,26,100036,105,0.0714,0.0187,0.0296,0.0457
689,690,milk_can,weak,low,r,0.45,100169,2,100167,0,0,100167,2,0.0,0.0,0.0,0.0
690,691,milkshake,weak,low,r,0.45,100169,1,100168,0,1,100167,1,0.0,0.0,0.0,0.0
691,692,minivan,high,high,f,0.41,100169,454,99715,7,106,99609,447,0.0619,0.0154,0.0247,0.0386
692,693,mint_candy,weak,low,r,0.45,100169,9,100160,0,0,100160,9,0.0,0.0,0.0,0.0
693,694,mirror,high,high,f,0.39,100169,1901,98268,182,967,97301,1719,0.1584,0.0957,0.1193,0.1401
694,695,mitten,medium,medium,c,0.36,100169,61,100108,20,17792,82316,41,0.0011,0.3279,0.0022,0.0014
695,696,mixer_(kitchen_tool),medium,medium,c,0.39,100169,91,100078,3,481,99597,88,0.0062,0.033,0.0104,0.0074
696,697,money,medium,medium,c,0.4,100169,46,100123,1,0,100123,45,1.0,0.0217,0.0426,0.1
697,698,monitor_(computer_equipment) computer_monitor,high,high,f,0.43,100169,1402,98767,427,191,98576,975,0.6909,0.3046,0.4228,0.5511
698,699,monkey,medium,medium,c,0.42,100169,74,100095,7,2,100093,67,0.7778,0.0946,0.1687,0.3182
699,700,motor,high,high,f,0.39,100169,421,99748,40,300,99448,381,0.1176,0.095,0.1051,0.1123
700,701,motor_scooter,high,high,f,0.43,100169,226,99943,20,73,99870,206,0.2151,0.0885,0.1254,0.1672
701,702,motor_vehicle,weak,low,r,0.45,100169,10,100159,0,0,100159,10,0.0,0.0,0.0,0.0
702,703,motorcycle,high,high,f,0.39,100169,1720,98449,1080,512,97937,640,0.6784,0.6279,0.6522,0.6677
703,704,mound_(baseball),high,high,f,0.44,100169,261,99908,56,126,99782,205,0.3077,0.2146,0.2528,0.2831
704,705,mouse_(computer_equipment),high,high,f,0.39,100169,1337,98832,744,1187,97645,593,0.3853,0.5565,0.4553,0.4106
705,706,mousepad,high,high,f,0.39,100169,293,99876,37,233,99643,256,0.137,0.1263,0.1314,0.1347
706,707,muffin,medium,medium,c,0.44,100169,62,100107,5,2,100105,57,0.7143,0.0806,0.1449,0.2778
707,708,mug,high,high,f,0.4,100169,814,99355,36,159,99196,778,0.1846,0.0442,0.0714,0.1129
708,709,mushroom,high,high,f,0.34,100169,407,99762,135,13146,86616,272,0.0102,0.3317,0.0197,0.0126
709,710,music_stool,weak,low,r,0.45,100169,6,100163,0,0,100163,6,0.0,0.0,0.0,0.0
710,711,musical_instrument,medium,medium,c,0.39,100169,16,100153,2,157,99996,14,0.0126,0.125,0.0229,0.0153
711,712,nailfile,weak,low,r,0.45,100169,7,100162,0,0,100162,7,0.0,0.0,0.0,0.0
712,713,napkin,high,high,f,0.37,100169,1791,98378,404,2559,95819,1387,0.1363,0.2256,0.17,0.1481
713,714,neckerchief,weak,low,r,0.45,100169,2,100167,0,0,100167,2,0.0,0.0,0.0,0.0
714,715,necklace,high,high,f,0.35,100169,1915,98254,169,2923,95331,1746,0.0547,0.0883,0.0675,0.0592
715,716,necktie,high,high,f,0.38,100169,1940,98229,263,262,97967,1677,0.501,0.1356,0.2134,0.3255
716,717,needle,medium,medium,c,0.39,100169,13,100156,1,127,100029,12,0.0078,0.0769,0.0142,0.0095
717,718,nest,medium,medium,c,0.42,100169,16,100153,5,0,100153,11,1.0,0.3125,0.4762,0.6944
718,719,newspaper,high,high,f,0.38,100169,448,99721,18,187,99534,430,0.0878,0.0402,0.0551,0.071
719,720,newsstand,medium,medium,c,0.43,100169,12,100157,1,19,100138,11,0.05,0.0833,0.0625,0.0543
720,721,nightshirt,medium,medium,c,0.39,100169,18,100151,2,606,99545,16,0.0033,0.1111,0.0064,0.0041
721,722,nosebag_(for_animals),weak,low,r,0.45,100169,4,100165,0,0,100165,4,0.0,0.0,0.0,0.0
722,723,noseband_(for_animals),medium,medium,c,0.3,100169,71,100098,71,99958,140,0,0.0007,1.0,0.0014,0.0009
723,724,notebook,high,high,f,0.41,100169,189,99980,12,83,99897,177,0.1263,0.0635,0.0845,0.1054
724,725,notepad,medium,medium,c,0.41,100169,74,100095,4,53,100042,70,0.0702,0.0541,0.0611,0.0662
725,726,nut,high,high,f,0.36,100169,103,100066,33,17194,82872,70,0.0019,0.3204,0.0038,0.0024
726,727,nutcracker,weak,low,r,0.45,100169,3,100166,0,0,100166,3,0.0,0.0,0.0,0.0
727,728,oar,high,high,f,0.2,100169,110,100059,110,100059,0,0,0.0011,1.0,0.0022,0.0014
728,729,octopus_(food),weak,low,r,0.45,100169,5,100164,0,0,100164,5,0.0,0.0,0.0,0.0
729,730,octopus_(animal),weak,low,r,0.45,100169,9,100160,0,0,100160,9,0.0,0.0,0.0,0.0
730,731,oil_lamp,medium,medium,c,0.38,100169,15,100154,1,725,99429,14,0.0014,0.0667,0.0027,0.0017
731,732,olive_oil,medium,medium,c,0.37,100169,25,100144,6,1425,98719,19,0.0042,0.24,0.0082,0.0052
732,733,omelet,weak,low,r,0.45,100169,7,100162,0,2,100160,7,0.0,0.0,0.0,0.0
733,734,onion,high,high,f,0.39,100169,647,99522,42,1031,98491,605,0.0391,0.0649,0.0488,0.0425
734,735,orange_(fruit),high,high,f,0.41,100169,824,99345,137,95,99250,687,0.5905,0.1663,0.2595,0.391
735,736,orange_juice,medium,medium,c,0.45,100169,100,100069,4,19,100050,96,0.1739,0.04,0.065,0.1042
736,737,ostrich,medium,medium,c,0.45,100169,47,100122,3,0,100122,44,1.0,0.0638,0.12,0.2542
737,738,ottoman,high,high,f,0.38,100169,121,100048,1,97,99951,120,0.0102,0.0083,0.0091,0.0097
738,739,oven,high,high,f,0.41,100169,731,99438,142,236,99202,589,0.3757,0.1943,0.2561,0.3165
739,740,overalls_(clothing),medium,medium,c,0.38,100169,73,100096,5,867,99229,68,0.0057,0.0685,0.0106,0.007
740,741,owl,medium,medium,c,0.41,100169,49,100120,9,13,100107,40,0.4091,0.1837,0.2535,0.3285
741,742,packet,medium,medium,c,0.37,100169,23,100146,1,716,99430,22,0.0014,0.0435,0.0027,0.0017
742,743,inkpad,weak,low,r,0.45,100169,4,100165,0,0,100165,4,0.0,0.0,0.0,0.0
743,744,pad,medium,medium,c,0.38,100169,62,100107,6,1794,98313,56,0.0033,0.0968,0.0064,0.0041
744,745,paddle,high,high,f,0.4,100169,118,100051,35,444,99607,83,0.0731,0.2966,0.1173,0.086
745,746,padlock,medium,medium,c,0.39,100169,99,100070,3,234,99836,96,0.0127,0.0303,0.0179,0.0143
746,747,paintbrush,medium,medium,c,0.4,100169,40,100129,1,5,100124,39,0.1667,0.025,0.0435,0.0781
747,748,painting,high,high,f,0.38,100169,1036,99133,47,254,98879,989,0.1561,0.0454,0.0703,0.1049
748,749,pajamas,high,high,f,0.4,100169,105,100064,6,224,99840,99,0.0261,0.0571,0.0358,0.0293
749,750,palette,medium,medium,c,0.35,100169,21,100148,4,6506,93642,17,0.0006,0.1905,0.0012,0.0008
750,751,pan_(for_cooking),high,high,f,0.41,100169,229,99940,21,146,99794,208,0.1257,0.0917,0.1061,0.1171
751,752,pan_(metal_container),weak,low,r,0.45,100169,7,100162,0,0,100162,7,0.0,0.0,0.0,0.0
752,753,pancake,medium,medium,c,0.43,100169,72,100097,8,35,100062,64,0.186,0.1111,0.1391,0.1639
753,754,pantyhose,weak,low,r,0.45,100169,9,100160,0,0,100160,9,0.0,0.0,0.0,0.0
754,755,papaya,weak,low,r,0.45,100169,10,100159,0,0,100159,10,0.0,0.0,0.0,0.0
755,756,paper_plate,high,high,f,0.36,100169,328,99841,30,1593,98248,298,0.0185,0.0915,0.0308,0.022
756,757,paper_towel,high,high,f,0.32,100169,468,99701,185,28952,70749,283,0.0063,0.3953,0.0125,0.0079
757,758,paperback_book,weak,low,r,0.45,100169,1,100168,0,0,100168,1,0.0,0.0,0.0,0.0
758,759,paperweight,weak,low,r,0.45,100169,2,100167,0,0,100167,2,0.0,0.0,0.0,0.0
759,760,parachute,medium,medium,c,0.43,100169,24,100145,1,15,100130,23,0.0625,0.0417,0.05,0.0568
760,761,parakeet,medium,medium,c,0.39,100169,11,100158,2,19,100139,9,0.0952,0.1818,0.125,0.1053
761,762,parasail_(sports),medium,medium,c,0.45,100169,72,100097,7,72,100025,65,0.0886,0.0972,0.0927,0.0902
762,763,parasol,medium,medium,c,0.39,100169,17,100152,3,412,99740,14,0.0072,0.1765,0.0139,0.0089
763,764,parchment,weak,low,r,0.45,100169,10,100159,0,0,100159,10,0.0,0.0,0.0,0.0
764,765,parka,medium,medium,c,0.33,100169,17,100152,17,93884,6268,0,0.0002,1.0,0.0004,0.0002
765,766,parking_meter,high,high,f,0.45,100169,489,99680,94,53,99627,395,0.6395,0.1922,0.2956,0.4364
766,767,parrot,medium,medium,c,0.44,100169,47,100122,9,5,100117,38,0.6429,0.1915,0.2951,0.4369
767,768,passenger_car_(part_of_a_train),medium,medium,c,0.4,100169,93,100076,7,424,99652,86,0.0162,0.0753,0.0267,0.0193
768,769,passenger_ship,weak,low,r,0.45,100169,1,100168,0,0,100168,1,0.0,0.0,0.0,0.0
769,770,passport,medium,medium,c,0.34,100169,12,100157,6,6730,93427,6,0.0009,0.5,0.0018,0.0011
770,771,pastry,high,high,f,0.41,100169,228,99941,50,610,99331,178,0.0758,0.2193,0.1126,0.0872
771,772,patty_(food),weak,low,r,0.45,100169,5,100164,0,0,100164,5,0.0,0.0,0.0,0.0
772,773,pea_(food),medium,medium,c,0.37,100169,76,100093,11,4945,95148,65,0.0022,0.1447,0.0044,0.0028
773,774,peach,medium,medium,c,0.42,100169,71,100098,3,129,99969,68,0.0227,0.0423,0.0296,0.025
774,775,peanut_butter,medium,medium,c,0.43,100169,30,100139,1,1,100138,29,0.5,0.0333,0.0625,0.1316
775,776,pear,high,high,f,0.42,100169,109,100060,8,97,99963,101,0.0762,0.0734,0.0748,0.0756
776,777,peeler_(tool_for_fruit_and_vegetables),medium,medium,c,0.36,100169,14,100155,5,20666,79489,9,0.0002,0.3571,0.0005,0.0003
777,778,wooden_leg,weak,low,r,0.45,100169,1,100168,0,0,100168,1,0.0,0.0,0.0,0.0
778,779,pegboard,weak,low,r,0.45,100169,8,100161,0,0,100161,8,0.0,0.0,0.0,0.0
779,780,pelican,medium,medium,c,0.43,100169,26,100143,5,8,100135,21,0.3846,0.1923,0.2564,0.3205
780,781,pen,high,high,f,0.39,100169,339,99830,12,111,99719,327,0.0976,0.0354,0.0519,0.0722
781,782,pencil,high,high,f,0.4,100169,153,100016,2,20,99996,151,0.0909,0.0131,0.0229,0.0415
782,783,pencil_box,weak,low,r,0.45,100169,2,100167,0,0,100167,2,0.0,0.0,0.0,0.0
783,784,pencil_sharpener,weak,low,r,0.45,100169,3,100166,0,0,100166,3,0.0,0.0,0.0,0.0
784,785,pendulum,weak,low,r,0.45,100169,8,100161,0,0,100161,8,0.0,0.0,0.0,0.0
785,786,penguin,medium,medium,c,0.41,100169,47,100122,5,20,100102,42,0.2,0.1064,0.1389,0.1701
786,787,pennant,weak,low,r,0.45,100169,8,100161,0,0,100161,8,0.0,0.0,0.0,0.0
787,788,penny_(coin),weak,low,r,0.45,100169,6,100163,0,0,100163,6,0.0,0.0,0.0,0.0
788,789,pepper,high,high,f,0.35,100169,116,100053,75,23346,76707,41,0.0032,0.6466,0.0064,0.004
789,790,pepper_mill,medium,medium,c,0.37,100169,69,100100,10,1882,98218,59,0.0053,0.1449,0.0102,0.0065
790,791,perfume,medium,medium,c,0.37,100169,13,100156,1,548,99608,12,0.0018,0.0769,0.0036,0.0023
791,792,persimmon,weak,low,r,0.45,100169,6,100163,0,9,100154,6,0.0,0.0,0.0,0.0
792,793,person,high,high,f,0.37,100169,1928,98241,146,4678,93563,1782,0.0303,0.0757,0.0432,0.0344
793,794,pet,medium,medium,c,0.41,100169,79,100090,4,116,99974,75,0.0333,0.0506,0.0402,0.0358
794,795,pew_(church_bench),medium,medium,c,0.4,100169,14,100155,6,268,99887,8,0.0219,0.4286,0.0417,0.027
795,796,phonebook,weak,low,r,0.45,100169,7,100162,0,0,100162,7,0.0,0.0,0.0,0.0
796,797,phonograph_record,medium,medium,c,0.4,100169,20,100149,5,137,100012,15,0.0352,0.25,0.0617,0.0425
797,798,piano,high,high,f,0.41,100169,114,100055,11,37,100018,103,0.2292,0.0965,0.1358,0.1797
798,799,pickle,high,high,f,0.4,100169,221,99948,14,191,99757,207,0.0683,0.0633,0.0657,0.0672
799,800,pickup_truck,high,high,f,0.4,100169,502,99667,75,444,99223,427,0.1445,0.1494,0.1469,0.1455
800,801,pie,medium,medium,c,0.42,100169,62,100107,6,86,100021,56,0.0652,0.0968,0.0779,0.0698
801,802,pigeon,medium,medium,c,0.44,100169,87,100082,12,17,100065,75,0.4138,0.1379,0.2069,0.2956
802,803,piggy_bank,weak,low,r,0.45,100169,4,100165,0,0,100165,4,0.0,0.0,0.0,0.0
803,804,pillow,high,high,f,0.39,100169,1912,98257,425,995,97262,1487,0.2993,0.2223,0.2551,0.2799
804,805,pin_(non_jewelry),weak,low,r,0.45,100169,7,100162,0,0,100162,7,0.0,0.0,0.0,0.0
805,806,pineapple,high,high,f,0.43,100169,186,99983,3,36,99947,183,0.0769,0.0161,0.0267,0.0439
806,807,pinecone,medium,medium,c,0.39,100169,18,100151,3,218,99933,15,0.0136,0.1667,0.0251,0.0166
807,808,ping-pong_ball,weak,low,r,0.45,100169,4,100165,0,0,100165,4,0.0,0.0,0.0,0.0
808,809,pinwheel,weak,low,r,0.45,100169,3,100166,0,0,100166,3,0.0,0.0,0.0,0.0
809,810,tobacco_pipe,weak,low,r,0.45,100169,7,100162,0,0,100162,7,0.0,0.0,0.0,0.0
810,811,pipe,high,high,f,0.38,100169,1413,98756,118,1809,96947,1295,0.0612,0.0835,0.0707,0.0647
811,812,pistol,weak,low,r,0.45,100169,7,100162,0,0,100162,7,0.0,0.0,0.0,0.0
812,813,pita_(bread),medium,medium,c,0.38,100169,12,100157,7,4687,95470,5,0.0015,0.5833,0.003,0.0019
813,814,pitcher_(vessel_for_liquid),high,high,f,0.35,100169,248,99921,82,20713,79208,166,0.0039,0.3306,0.0078,0.0049
814,815,pitchfork,weak,low,r,0.45,100169,4,100165,0,0,100165,4,0.0,0.0,0.0,0.0
815,816,pizza,high,high,f,0.42,100169,1881,98288,1124,331,97957,757,0.7725,0.5976,0.6739,0.7298
816,817,place_mat,high,high,f,0.39,100169,529,99640,4,195,99445,525,0.0201,0.0076,0.011,0.0151
817,818,plate,high,high,f,0.38,100169,1932,98237,608,2142,96095,1324,0.2211,0.3147,0.2597,0.2351
818,819,platter,medium,medium,c,0.38,100169,50,100119,19,5822,94297,31,0.0033,0.38,0.0065,0.0041
819,820,playpen,weak,low,r,0.45,100169,3,100166,0,0,100166,3,0.0,0.0,0.0,0.0
820,821,pliers,medium,medium,c,0.38,100169,28,100141,1,58,100083,27,0.0169,0.0357,0.023,0.0189
821,822,plow_(farm_equipment),weak,low,r,0.45,100169,10,100159,0,0,100159,10,0.0,0.0,0.0,0.0
822,823,plume,weak,low,r,0.45,100169,5,100164,0,0,100164,5,0.0,0.0,0.0,0.0
823,824,pocket_watch,weak,low,r,0.45,100169,5,100164,1,0,100164,4,1.0,0.2,0.3333,0.5556
824,825,pocketknife,medium,medium,c,0.42,100169,18,100151,1,1,100150,17,0.5,0.0556,0.1,0.1923
825,826,poker_(fire_stirring_tool),medium,medium,c,0.39,100169,14,100155,2,178,99977,12,0.0111,0.1429,0.0206,0.0136
826,827,pole,high,high,f,0.38,100169,1890,98279,115,2453,95826,1775,0.0448,0.0608,0.0516,0.0473
827,828,polo_shirt,high,high,f,0.34,100169,660,99509,164,6786,92723,496,0.0236,0.2485,0.0431,0.0288
828,829,poncho,weak,low,r,0.45,100169,8,100161,0,0,100161,8,0.0,0.0,0.0,0.0
829,830,pony,medium,medium,c,0.41,100169,25,100144,8,301,99843,17,0.0259,0.32,0.0479,0.0317
830,831,pool_table,weak,low,r,0.45,100169,10,100159,1,1,100158,9,0.5,0.1,0.1667,0.2778
831,832,pop_(soda),high,high,f,0.39,100169,218,99951,7,392,99559,211,0.0175,0.0321,0.0227,0.0193
832,833,postbox_(public),medium,medium,c,0.43,100169,36,100133,1,46,100087,35,0.0213,0.0278,0.0241,0.0223
833,834,postcard,medium,medium,c,0.36,100169,16,100153,1,630,99523,15,0.0016,0.0625,0.0031,0.002
834,835,poster,high,high,f,0.36,100169,808,99361,92,3281,96080,716,0.0273,0.1139,0.044,0.0322
835,836,pot,high,high,f,0.37,100169,479,99690,158,8120,91570,321,0.0191,0.3299,0.0361,0.0235
836,837,flowerpot,high,high,f,0.39,100169,1404,98765,116,993,97772,1288,0.1046,0.0826,0.0923,0.0993
837,838,potato,high,high,f,0.37,100169,307,99862,100,5036,94826,207,0.0195,0.3257,0.0367,0.024
838,839,potholder,medium,medium,c,0.36,100169,57,100112,9,8570,91542,48,0.001,0.1579,0.0021,0.0013
839,840,pottery,medium,medium,c,0.43,100169,28,100141,1,0,100141,27,1.0,0.0357,0.069,0.1562
840,841,pouch,medium,medium,c,0.38,100169,80,100089,3,577,99512,77,0.0052,0.0375,0.0091,0.0062
841,842,power_shovel,medium,medium,c,0.41,100169,11,100158,1,53,100105,10,0.0185,0.0909,0.0308,0.022
842,843,prawn,medium,medium,c,0.4,100169,92,100077,12,171,99906,80,0.0656,0.1304,0.0873,0.0728
843,844,pretzel,medium,medium,c,0.39,100169,20,100149,4,1657,98492,16,0.0024,0.2,0.0048,0.003
844,845,printer,high,high,f,0.41,100169,194,99975,11,115,99860,183,0.0873,0.0567,0.0688,0.0788
845,846,projectile_(weapon),medium,medium,c,0.38,100169,23,100146,1,223,99923,22,0.0045,0.0435,0.0081,0.0054
846,847,projector,medium,medium,c,0.41,100169,52,100117,4,104,100013,48,0.037,0.0769,0.05,0.0413
847,848,propeller,high,high,f,0.4,100169,673,99496,237,254,99242,436,0.4827,0.3522,0.4072,0.4494
848,849,prune,weak,low,r,0.45,100169,2,100167,0,0,100167,2,0.0,0.0,0.0,0.0
849,850,pudding,weak,low,r,0.45,100169,2,100167,0,0,100167,2,0.0,0.0,0.0,0.0
850,851,puffer_(fish),weak,low,r,0.45,100169,1,100168,0,0,100168,1,0.0,0.0,0.0,0.0
851,852,puffin,weak,low,r,0.45,100169,2,100167,0,0,100167,2,0.0,0.0,0.0,0.0
852,853,pug-dog,weak,low,r,0.45,100169,8,100161,0,1,100160,8,0.0,0.0,0.0,0.0
853,854,pumpkin,medium,medium,c,0.43,100169,80,100089,6,33,100056,74,0.1538,0.075,0.1008,0.1271
854,855,puncher,weak,low,r,0.45,100169,3,100166,0,0,100166,3,0.0,0.0,0.0,0.0
855,856,puppet,weak,low,r,0.45,100169,3,100166,0,0,100166,3,0.0,0.0,0.0,0.0
856,857,puppy,medium,medium,c,0.42,100169,15,100154,1,71,100083,14,0.0139,0.0667,0.023,0.0165
857,858,quesadilla,weak,low,r,0.45,100169,2,100167,1,2,100165,1,0.3333,0.5,0.4,0.3571
858,859,quiche,weak,low,r,0.45,100169,10,100159,1,22,100137,9,0.0435,0.1,0.0606,0.049
859,860,quilt,high,high,f,0.39,100169,386,99783,100,379,99404,286,0.2088,0.2591,0.2312,0.2172
860,861,rabbit,medium,medium,c,0.42,100169,65,100104,2,6,100098,63,0.25,0.0308,0.0548,0.1031
861,862,race_car,weak,low,r,0.45,100169,3,100166,0,0,100166,3,0.0,0.0,0.0,0.0
862,863,racket,medium,medium,c,0.41,100169,35,100134,1,118,100016,34,0.0084,0.0286,0.013,0.0098
863,864,radar,weak,low,r,0.45,100169,5,100164,0,0,100164,5,0.0,0.0,0.0,0.0
864,865,radiator,high,high,f,0.42,100169,180,99989,1,0,99989,179,1.0,0.0056,0.011,0.0272
865,866,radio_receiver,medium,medium,c,0.41,100169,99,100070,1,6,100064,98,0.1429,0.0101,0.0189,0.0394
866,867,radish,medium,medium,c,0.38,100169,49,100120,13,1319,98801,36,0.0098,0.2653,0.0188,0.0121
867,868,raft,medium,medium,c,0.4,100169,28,100141,7,130,100011,21,0.0511,0.25,0.0848,0.0608
868,869,rag_doll,weak,low,r,0.45,100169,1,100168,0,0,100168,1,0.0,0.0,0.0,0.0
869,870,raincoat,medium,medium,c,0.39,100169,52,100117,5,296,99821,47,0.0166,0.0962,0.0283,0.0199
870,871,ram_(animal),medium,medium,c,0.41,100169,36,100133,2,24,100109,34,0.0769,0.0556,0.0645,0.0714
871,872,raspberry,medium,medium,c,0.41,100169,70,100099,4,36,100063,66,0.1,0.0571,0.0727,0.087
872,873,rat,weak,low,r,0.45,100169,6,100163,0,0,100163,6,0.0,0.0,0.0,0.0
873,874,razorblade,medium,medium,c,0.35,100169,29,100140,7,11974,88166,22,0.0006,0.2414,0.0012,0.0007
874,875,reamer_(juicer),medium,medium,c,0.4,100169,24,100145,3,118,100027,21,0.0248,0.125,0.0414,0.0295
875,876,rearview_mirror,high,high,f,0.39,100169,1115,99054,103,762,98292,1012,0.1191,0.0924,0.104,0.1126
876,877,receipt,medium,medium,c,0.42,100169,61,100108,1,0,100108,60,1.0,0.0164,0.0323,0.0769
877,878,recliner,medium,medium,c,0.43,100169,18,100151,1,51,100100,17,0.0192,0.0556,0.0286,0.0221
878,879,record_player,medium,medium,c,0.42,100169,18,100151,1,25,100126,17,0.0385,0.0556,0.0455,0.041
879,880,reflector,high,high,f,0.38,100169,665,99504,18,1265,98239,647,0.014,0.0271,0.0185,0.0155
880,881,remote_control,high,high,f,0.4,100169,1096,99073,64,254,98819,1032,0.2013,0.0584,0.0905,0.1351
881,882,rhinoceros,medium,medium,c,0.43,100169,29,100140,1,4,100136,28,0.2,0.0345,0.0588,0.102
882,883,rib_(food),weak,low,r,0.45,100169,8,100161,0,0,100161,8,0.0,0.0,0.0,0.0
883,884,rifle,medium,medium,c,0.37,100169,14,100155,1,1954,98201,13,0.0005,0.0714,0.001,0.0006
884,885,ring,high,high,f,0.37,100169,1622,98547,78,1337,97210,1544,0.0551,0.0481,0.0514,0.0536
885,886,river_boat,weak,low,r,0.45,100169,2,100167,0,1,100166,2,0.0,0.0,0.0,0.0
886,887,road_map,weak,low,r,0.45,100169,3,100166,0,0,100166,3,0.0,0.0,0.0,0.0
887,888,robe,medium,medium,c,0.39,100169,32,100137,1,235,99902,31,0.0042,0.0312,0.0075,0.0051
888,889,rocking_chair,medium,medium,c,0.41,100169,55,100114,3,105,100009,52,0.0278,0.0545,0.0368,0.0308
889,890,rodent,weak,low,r,0.45,100169,1,100168,0,0,100168,1,0.0,0.0,0.0,0.0
890,891,roller_skate,weak,low,r,0.45,100169,10,100159,0,72,100087,10,0.0,0.0,0.0,0.0
891,892,Rollerblade,weak,low,r,0.45,100169,10,100159,0,2,100157,10,0.0,0.0,0.0,0.0
892,893,rolling_pin,medium,medium,c,0.34,100169,47,100122,32,51355,48767,15,0.0006,0.6809,0.0012,0.0008
893,894,root_beer,weak,low,r,0.45,100169,3,100166,0,0,100166,3,0.0,0.0,0.0,0.0
894,895,router_(computer_equipment),medium,medium,c,0.42,100169,29,100140,1,19,100121,28,0.05,0.0345,0.0408,0.0459
895,896,rubber_band,high,high,f,0.34,100169,342,99827,137,28454,71373,205,0.0048,0.4006,0.0095,0.006
896,897,runner_(carpet),medium,medium,c,0.36,100169,25,100144,7,22055,78089,18,0.0003,0.28,0.0006,0.0004
897,898,plastic_bag,high,high,f,0.36,100169,1469,98700,146,2287,96413,1323,0.06,0.0994,0.0748,0.0652
898,899,saddle_(on_an_animal),high,high,f,0.39,100169,521,99648,154,388,99260,367,0.2841,0.2956,0.2897,0.2864
899,900,saddle_blanket,high,high,f,0.36,100169,347,99822,121,4396,95426,226,0.0268,0.3487,0.0498,0.0329
900,901,saddlebag,medium,medium,c,0.36,100169,35,100134,11,3272,96862,24,0.0034,0.3143,0.0066,0.0042
901,902,safety_pin,weak,low,r,0.45,100169,7,100162,0,0,100162,7,0.0,0.0,0.0,0.0
902,903,sail,high,high,f,0.4,100169,207,99962,64,79,99883,143,0.4476,0.3092,0.3657,0.4108
903,904,salad,high,high,f,0.44,100169,108,100061,4,25,100036,104,0.1379,0.037,0.0584,0.0893
904,905,salad_plate,weak,low,r,0.45,100169,2,100167,0,4,100163,2,0.0,0.0,0.0,0.0
905,906,salami,medium,medium,c,0.43,100169,34,100135,2,30,100105,32,0.0625,0.0588,0.0606,0.0617
906,907,salmon_(fish),medium,medium,c,0.4,100169,12,100157,2,87,100070,10,0.0225,0.1667,0.0396,0.0272
907,908,salmon_(food),weak,low,r,0.45,100169,10,100159,0,0,100159,10,0.0,0.0,0.0,0.0
908,909,salsa,medium,medium,c,0.39,100169,13,100156,3,273,99883,10,0.0109,0.2308,0.0208,0.0134
909,910,saltshaker,high,high,f,0.36,100169,361,99808,109,12309,87499,252,0.0088,0.3019,0.0171,0.0109
910,911,sandal_(type_of_shoe),high,high,f,0.37,100169,1023,99146,62,1464,97682,961,0.0406,0.0606,0.0486,0.0435
911,912,sandwich,high,high,f,0.42,100169,782,99387,341,514,98873,441,0.3988,0.4361,0.4166,0.4058
912,913,satchel,weak,low,r,0.45,100169,2,100167,0,0,100167,2,0.0,0.0,0.0,0.0
913,914,saucepan,weak,low,r,0.45,100169,5,100164,0,0,100164,5,0.0,0.0,0.0,0.0
914,915,saucer,high,high,f,0.39,100169,247,99922,10,186,99736,237,0.051,0.0405,0.0451,0.0485
915,916,sausage,high,high,f,0.41,100169,221,99948,28,620,99328,193,0.0432,0.1267,0.0644,0.0498
916,917,sawhorse,weak,low,r,0.45,100169,4,100165,0,0,100165,4,0.0,0.0,0.0,0.0
917,918,saxophone,weak,low,r,0.45,100169,8,100161,1,0,100161,7,1.0,0.125,0.2222,0.4167
918,919,scale_(measuring_instrument),high,high,f,0.39,100169,158,100011,1,19,99992,157,0.05,0.0063,0.0112,0.021
919,920,scarecrow,weak,low,r,0.45,100169,3,100166,0,0,100166,3,0.0,0.0,0.0,0.0
920,921,scarf,high,high,f,0.37,100169,752,99417,35,950,98467,717,0.0355,0.0465,0.0403,0.0373
921,922,school_bus,medium,medium,c,0.46,100169,64,100105,20,23,100082,44,0.4651,0.3125,0.3738,0.4237
922,923,scissors,high,high,f,0.39,100169,707,99462,93,107,99355,614,0.465,0.1315,0.2051,0.3086
923,924,scoreboard,high,high,f,0.41,100169,143,100026,5,32,99994,138,0.1351,0.035,0.0556,0.0859
924,925,scraper,weak,low,r,0.45,100169,1,100168,0,0,100168,1,0.0,0.0,0.0,0.0
925,926,screwdriver,medium,medium,c,0.42,100169,49,100120,1,21,100099,48,0.0455,0.0204,0.0282,0.0365
926,927,scrubbing_brush,high,high,f,0.37,100169,126,100043,5,1558,98485,121,0.0032,0.0397,0.0059,0.0039
927,928,sculpture,medium,medium,c,0.41,100169,76,100093,4,34,100059,72,0.1053,0.0526,0.0702,0.0877
928,929,seabird,medium,medium,c,0.4,100169,11,100158,2,108,100050,9,0.0182,0.1818,0.0331,0.0222
929,930,seahorse,medium,medium,c,0.4,100169,11,100158,1,20,100138,10,0.0476,0.0909,0.0625,0.0526
930,931,seaplane,weak,low,r,0.45,100169,4,100165,1,3,100162,3,0.25,0.25,0.25,0.25
931,932,seashell,medium,medium,c,0.36,100169,39,100130,6,1777,98353,33,0.0034,0.1538,0.0066,0.0042
932,933,sewing_machine,medium,medium,c,0.43,100169,11,100158,1,6,100152,10,0.1429,0.0909,0.1111,0.1282
933,934,shaker,medium,medium,c,0.33,100169,13,100156,10,61304,38852,3,0.0002,0.7692,0.0003,0.0002
934,935,shampoo,medium,medium,c,0.4,100169,91,100078,7,174,99904,84,0.0387,0.0769,0.0515,0.0429
935,936,shark,medium,medium,c,0.42,100169,14,100155,1,2,100153,13,0.3333,0.0714,0.1176,0.1923
936,937,sharpener,weak,low,r,0.45,100169,5,100164,0,0,100164,5,0.0,0.0,0.0,0.0
937,938,Sharpie,weak,low,r,0.45,100169,3,100166,0,0,100166,3,0.0,0.0,0.0,0.0
938,939,shaver_(electric),weak,low,r,0.45,100169,10,100159,0,0,100159,10,0.0,0.0,0.0,0.0
939,940,shaving_cream,medium,medium,c,0.43,100169,18,100151,1,11,100140,17,0.0833,0.0556,0.0667,0.0758
940,941,shawl,weak,low,r,0.45,100169,9,100160,0,0,100160,9,0.0,0.0,0.0,0.0
941,942,shears,weak,low,r,0.45,100169,6,100163,0,0,100163,6,0.0,0.0,0.0,0.0
942,943,sheep,high,high,f,0.42,100169,951,99218,479,122,99096,472,0.797,0.5037,0.6173,0.7139
943,944,shepherd_dog,weak,low,r,0.45,100169,2,100167,0,0,100167,2,0.0,0.0,0.0,0.0
944,945,sherbert,weak,low,r,0.45,100169,1,100168,0,0,100168,1,0.0,0.0,0.0,0.0
945,946,shield,medium,medium,c,0.37,100169,19,100150,2,700,99450,17,0.0028,0.1053,0.0055,0.0035
946,947,shirt,high,high,f,0.36,100169,1942,98227,192,3348,94879,1750,0.0542,0.0989,0.07,0.0596
947,948,shoe,high,high,f,0.37,100169,1916,98253,338,3246,95007,1578,0.0943,0.1764,0.1229,0.104
948,949,shopping_bag,high,high,f,0.43,100169,139,100030,3,9,100021,136,0.25,0.0216,0.0397,0.0802
949,950,shopping_cart,medium,medium,c,0.45,100169,43,100126,3,1,100125,40,0.75,0.0698,0.1277,0.2542
950,951,short_pants,high,high,f,0.37,100169,1969,98200,170,3403,94797,1799,0.0476,0.0863,0.0613,0.0523
951,952,shot_glass,weak,low,r,0.45,100169,5,100164,0,0,100164,5,0.0,0.0,0.0,0.0
952,953,shoulder_bag,high,high,f,0.41,100169,134,100035,1,71,99964,133,0.0139,0.0075,0.0097,0.0118
953,954,shovel,medium,medium,c,0.41,100169,74,100095,1,71,100024,73,0.0139,0.0135,0.0137,0.0138
954,955,shower_head,high,high,f,0.39,100169,381,99788,163,1495,98293,218,0.0983,0.4278,0.1599,0.1162
955,956,shower_cap,weak,low,r,0.45,100169,1,100168,0,0,100168,1,0.0,0.0,0.0,0.0
956,957,shower_curtain,high,high,f,0.41,100169,381,99788,63,109,99679,318,0.3663,0.1654,0.2278,0.2947
957,958,shredder_(for_paper),weak,low,r,0.45,100169,6,100163,0,0,100163,6,0.0,0.0,0.0,0.0
958,959,signboard,high,high,f,0.35,100169,1826,98343,397,4163,94180,1429,0.0871,0.2174,0.1243,0.0989
959,960,silo,medium,medium,c,0.41,100169,28,100141,2,3,100138,26,0.4,0.0714,0.1212,0.2083
960,961,sink,high,high,f,0.41,100169,1635,98534,701,1321,97213,934,0.3467,0.4287,0.3834,0.3605
961,962,skateboard,high,high,f,0.4,100169,1967,98202,1326,808,97394,641,0.6214,0.6741,0.6467,0.6312
962,963,skewer,medium,medium,c,0.38,100169,16,100153,9,4915,95238,7,0.0018,0.5625,0.0036,0.0023
963,964,ski,high,high,f,0.39,100169,1926,98243,1672,1663,96580,254,0.5013,0.8681,0.6356,0.5476
964,965,ski_boot,high,high,f,0.4,100169,1789,98380,1150,1289,97091,639,0.4715,0.6428,0.544,0.4981
965,966,ski_parka,high,high,f,0.4,100169,401,99768,296,2067,97701,105,0.1253,0.7382,0.2142,0.1502
966,967,ski_pole,high,high,f,0.4,100169,1968,98201,1352,1220,96981,616,0.5257,0.687,0.5956,0.5516
967,968,skirt,high,high,f,0.38,100169,1167,99002,68,548,98454,1099,0.1104,0.0583,0.0763,0.0936
968,969,skullcap,weak,low,r,0.45,100169,1,100168,0,0,100168,1,0.0,0.0,0.0,0.0
969,970,sled,medium,medium,c,0.42,100169,56,100113,4,54,100059,52,0.069,0.0714,0.0702,0.0694
970,971,sleeping_bag,medium,medium,c,0.39,100169,17,100152,6,2094,98058,11,0.0029,0.3529,0.0057,0.0036
971,972,sling_(bandage),weak,low,r,0.45,100169,1,100168,0,0,100168,1,0.0,0.0,0.0,0.0
972,973,slipper_(footwear),medium,medium,c,0.42,100169,58,100111,1,2,100109,57,0.3333,0.0172,0.0328,0.0714
973,974,smoothie,weak,low,r,0.45,100169,9,100160,0,0,100160,9,0.0,0.0,0.0,0.0
974,975,snake,weak,low,r,0.45,100169,8,100161,0,0,100161,8,0.0,0.0,0.0,0.0
975,976,snowboard,high,high,f,0.43,100169,1124,99045,412,244,98801,712,0.628,0.3665,0.4629,0.5496
976,977,snowman,medium,medium,c,0.46,100169,31,100138,3,3,100135,28,0.5,0.0968,0.1622,0.2727
977,978,snowmobile,medium,medium,c,0.46,100169,16,100153,1,3,100150,15,0.25,0.0625,0.1,0.1562
978,979,soap,high,high,f,0.37,100169,491,99678,100,1965,97713,391,0.0484,0.2037,0.0782,0.0571
979,980,soccer_ball,high,high,f,0.41,100169,432,99737,126,345,99392,306,0.2675,0.2917,0.2791,0.272
980,981,sock,high,high,f,0.34,100169,1945,98224,1065,28374,69850,880,0.0362,0.5476,0.0679,0.0445
981,982,sofa,high,high,f,0.41,100169,1899,98270,383,453,97817,1516,0.4581,0.2017,0.2801,0.3652
982,983,softball,weak,low,r,0.45,100169,5,100164,0,30,100134,5,0.0,0.0,0.0,0.0
983,984,solar_array,medium,medium,c,0.38,100169,28,100141,1,115,100026,27,0.0086,0.0357,0.0139,0.0102
984,985,sombrero,weak,low,r,0.45,100169,7,100162,0,0,100162,7,0.0,0.0,0.0,0.0
985,986,soup,high,high,f,0.42,100169,146,100023,20,32,99991,126,0.3846,0.137,0.202,0.2825
986,987,soup_bowl,weak,low,r,0.45,100169,1,100168,0,0,100168,1,0.0,0.0,0.0,0.0
987,988,soupspoon,medium,medium,c,0.39,100169,25,100144,1,400,99744,24,0.0025,0.04,0.0047,0.0031
988,989,sour_cream,medium,medium,c,0.36,100169,22,100147,5,7184,92963,17,0.0007,0.2273,0.0014,0.0009
989,990,soya_milk,weak,low,r,0.45,100169,1,100168,0,0,100168,1,0.0,0.0,0.0,0.0
990,991,space_shuttle,weak,low,r,0.45,100169,10,100159,0,0,100159,10,0.0,0.0,0.0,0.0
991,992,sparkler_(fireworks),weak,low,r,0.45,100169,9,100160,0,0,100160,9,0.0,0.0,0.0,0.0
992,993,spatula,high,high,f,0.38,100169,308,99861,25,1991,97870,283,0.0124,0.0812,0.0215,0.0149
993,994,spear,weak,low,r,0.45,100169,4,100165,0,0,100165,4,0.0,0.0,0.0,0.0
994,995,spectacles,high,high,f,0.38,100169,1969,98200,98,675,97525,1871,0.1268,0.0498,0.0715,0.0968
995,996,spice_rack,medium,medium,c,0.41,100169,45,100124,4,257,99867,41,0.0153,0.0889,0.0261,0.0184
996,997,spider,medium,medium,c,0.36,100169,12,100157,1,866,99291,11,0.0012,0.0833,0.0023,0.0014
997,998,crawfish,weak,low,r,0.45,100169,1,100168,0,0,100168,1,0.0,0.0,0.0,0.0
998,999,sponge,medium,medium,c,0.41,100169,85,100084,1,4,100080,84,0.2,0.0118,0.0222,0.0476
999,1000,spoon,high,high,f,0.37,100169,1127,99042,208,5061,93981,919,0.0395,0.1846,0.065,0.0468
1000,1001,sportswear,medium,medium,c,0.34,100169,11,100158,6,19570,80588,5,0.0003,0.5455,0.0006,0.0004
1001,1002,spotlight,medium,medium,c,0.38,100169,60,100109,3,977,99132,57,0.0031,0.05,0.0058,0.0038
1002,1003,squid_(food),weak,low,r,0.45,100169,1,100168,0,0,100168,1,0.0,0.0,0.0,0.0
1003,1004,squirrel,medium,medium,c,0.44,100169,16,100153,4,0,100153,12,1.0,0.25,0.4,0.625
1004,1005,stagecoach,weak,low,r,0.45,100169,1,100168,0,0,100168,1,0.0,0.0,0.0,0.0
1005,1006,stapler_(stapling_machine),medium,medium,c,0.41,100169,65,100104,1,6,100098,64,0.1429,0.0154,0.0278,0.0538
1006,1007,starfish,medium,medium,c,0.38,100169,13,100156,1,38,100118,12,0.0256,0.0769,0.0385,0.0296
1007,1008,statue_(sculpture),high,high,f,0.4,100169,655,99514,69,143,99371,586,0.3255,0.1053,0.1592,0.2295
1008,1009,steak_(food),medium,medium,c,0.42,100169,51,100118,19,115,100003,32,0.1418,0.3725,0.2054,0.1618
1009,1010,steak_knife,weak,low,r,0.45,100169,1,100168,0,2,100166,1,0.0,0.0,0.0,0.0
1010,1011,steering_wheel,high,high,f,0.39,100169,673,99496,31,265,99231,642,0.1047,0.0461,0.064,0.0835
1011,1012,stepladder,weak,low,r,0.45,100169,5,100164,0,0,100164,5,0.0,0.0,0.0,0.0
1012,1013,step_stool,medium,medium,c,0.35,100169,36,100133,8,10557,89576,28,0.0008,0.2222,0.0015,0.0009
1013,1014,stereo_(sound_system),medium,medium,c,0.41,100169,54,100115,1,21,100094,53,0.0455,0.0185,0.0263,0.0352
1014,1015,stew,weak,low,r,0.45,100169,5,100164,0,0,100164,5,0.0,0.0,0.0,0.0
1015,1016,stirrer,weak,low,r,0.45,100169,8,100161,0,0,100161,8,0.0,0.0,0.0,0.0
1016,1017,stirrup,high,high,f,0.32,100169,305,99864,305,98993,871,0,0.0031,1.0,0.0061,0.0038
1017,1018,stool,high,high,f,0.39,100169,297,99872,9,545,99327,288,0.0162,0.0303,0.0212,0.0179
1018,1019,stop_sign,high,high,f,0.44,100169,1053,99116,357,90,99026,696,0.7987,0.339,0.476,0.6283
1019,1020,brake_light,high,high,f,0.38,100169,223,99946,32,1285,98661,191,0.0243,0.1435,0.0416,0.0291
1020,1021,stove,high,high,f,0.41,100169,1037,99132,358,654,98478,679,0.3538,0.3452,0.3494,0.352
1021,1022,strainer,medium,medium,c,0.36,100169,63,100106,12,9894,90212,51,0.0012,0.1905,0.0024,0.0015
1022,1023,strap,high,high,f,0.37,100169,1881,98288,149,3616,94672,1732,0.0396,0.0792,0.0528,0.044
1023,1024,straw_(for_drinking),high,high,f,0.39,100169,507,99662,31,1102,98560,476,0.0274,0.0611,0.0378,0.0308
1024,1025,strawberry,high,high,f,0.38,100169,333,99836,82,784,99052,251,0.0947,0.2462,0.1368,0.108
1025,1026,street_sign,high,high,f,0.41,100169,1911,98258,564,899,97359,1347,0.3855,0.2951,0.3343,0.3633
1026,1027,streetlight,high,high,f,0.4,100169,1765,98404,235,1278,97126,1530,0.1553,0.1331,0.1434,0.1503
1027,1028,string_cheese,weak,low,r,0.45,100169,1,100168,0,0,100168,1,0.0,0.0,0.0,0.0
1028,1029,stylus,weak,low,r,0.45,100169,5,100164,0,0,100164,5,0.0,0.0,0.0,0.0
1029,1030,subwoofer,weak,low,r,0.45,100169,1,100168,0,0,100168,1,0.0,0.0,0.0,0.0
1030,1031,sugar_bowl,weak,low,r,0.45,100169,9,100160,0,0,100160,9,0.0,0.0,0.0,0.0
1031,1032,sugarcane_(plant),weak,low,r,0.45,100169,2,100167,0,0,100167,2,0.0,0.0,0.0,0.0
1032,1033,suit_(clothing),high,high,f,0.4,100169,151,100018,9,86,99932,142,0.0947,0.0596,0.0732,0.0847
1033,1034,sunflower,medium,medium,c,0.41,100169,82,100087,13,22,100065,69,0.3714,0.1585,0.2222,0.2928
1034,1035,sunglasses,high,high,f,0.37,100169,1931,98238,75,847,97391,1856,0.0813,0.0388,0.0526,0.0667
1035,1036,sunhat,medium,medium,c,0.43,100169,41,100128,1,5,100123,40,0.1667,0.0244,0.0426,0.0769
1036,1037,surfboard,high,high,f,0.4,100169,1895,98274,1095,557,97717,800,0.6628,0.5778,0.6174,0.6439
1037,1038,sushi,medium,medium,c,0.45,100169,24,100145,5,0,100145,19,1.0,0.2083,0.3448,0.5682
1038,1039,mop,medium,medium,c,0.4,100169,22,100147,1,24,100123,21,0.04,0.0455,0.0426,0.041
1039,1040,sweat_pants,medium,medium,c,0.38,100169,35,100134,1,887,99247,34,0.0011,0.0286,0.0022,0.0014
1040,1041,sweatband,medium,medium,c,0.38,100169,69,100100,2,2157,97943,67,0.0009,0.029,0.0018,0.0011
1041,1042,sweater,high,high,f,0.38,100169,962,99207,72,983,98224,890,0.0682,0.0748,0.0714,0.0695
1042,1043,sweatshirt,high,high,f,0.39,100169,588,99581,12,162,99419,576,0.069,0.0204,0.0315,0.0467
1043,1044,sweet_potato,medium,medium,c,0.4,100169,21,100148,2,300,99848,19,0.0066,0.0952,0.0124,0.0081
1044,1045,swimsuit,high,high,f,0.38,100169,825,99344,123,288,99056,702,0.2993,0.1491,0.199,0.2491
1045,1046,sword,medium,medium,c,0.36,100169,52,100117,7,1475,98642,45,0.0047,0.1346,0.0091,0.0059
1046,1047,syringe,weak,low,r,0.45,100169,5,100164,0,0,100164,5,0.0,0.0,0.0,0.0
1047,1048,Tabasco_sauce,weak,low,r,0.45,100169,5,100164,0,0,100164,5,0.0,0.0,0.0,0.0
1048,1049,table-tennis_table,weak,low,r,0.45,100169,5,100164,0,1,100163,5,0.0,0.0,0.0,0.0
1049,1050,table,high,high,f,0.38,100169,1860,98309,198,2457,95852,1662,0.0746,0.1065,0.0877,0.0793
1050,1051,table_lamp,medium,medium,c,0.4,100169,56,100113,2,221,99892,54,0.009,0.0357,0.0143,0.0105
1051,1052,tablecloth,high,high,f,0.37,100169,1582,98587,125,1201,97386,1457,0.0943,0.079,0.086,0.0908
1052,1053,tachometer,weak,low,r,0.45,100169,7,100162,0,0,100162,7,0.0,0.0,0.0,0.0
1053,1054,taco,weak,low,r,0.45,100169,2,100167,0,3,100164,2,0.0,0.0,0.0,0.0
1054,1055,tag,high,high,f,0.34,100169,1562,98607,1057,61080,37527,505,0.017,0.6767,0.0332,0.0211
1055,1056,taillight,high,high,f,0.38,100169,1885,98284,325,2321,95963,1560,0.1228,0.1724,0.1435,0.1303
1056,1057,tambourine,weak,low,r,0.45,100169,1,100168,0,0,100168,1,0.0,0.0,0.0,0.0
1057,1058,army_tank,weak,low,r,0.45,100169,5,100164,0,1,100163,5,0.0,0.0,0.0,0.0
1058,1059,tank_(storage_vessel),high,high,f,0.39,100169,137,100032,3,196,99836,134,0.0151,0.0219,0.0179,0.0161
1059,1060,tank_top_(clothing),high,high,f,0.37,100169,1094,99075,94,1942,97133,1000,0.0462,0.0859,0.0601,0.0509
1060,1061,tape_(sticky_cloth_or_paper),high,high,f,0.4,100169,134,100035,1,12,100023,133,0.0769,0.0075,0.0136,0.0269
1061,1062,tape_measure,medium,medium,c,0.39,100169,29,100140,1,171,99969,28,0.0058,0.0345,0.01,0.007
1062,1063,tapestry,medium,medium,c,0.37,100169,22,100147,4,783,99364,18,0.0051,0.1818,0.0099,0.0063
1063,1064,tarp,high,high,f,0.39,100169,522,99647,13,217,99430,509,0.0565,0.0249,0.0346,0.0451
1064,1065,tartan,medium,medium,c,0.41,100169,50,100119,1,7,100112,49,0.125,0.02,0.0345,0.061
1065,1066,tassel,medium,medium,c,0.36,100169,68,100101,3,1417,98684,65,0.0021,0.0441,0.004,0.0026
1066,1067,tea_bag,medium,medium,c,0.41,100169,16,100153,2,41,100112,14,0.0465,0.125,0.0678,0.0532
1067,1068,teacup,medium,medium,c,0.39,100169,40,100129,1,295,99834,39,0.0034,0.025,0.006,0.0041
1068,1069,teakettle,medium,medium,c,0.37,100169,35,100134,2,3145,96989,33,0.0006,0.0571,0.0013,0.0008
1069,1070,teapot,high,high,f,0.4,100169,135,100034,6,246,99788,129,0.0238,0.0444,0.031,0.0262
1070,1071,teddy_bear,high,high,f,0.4,100169,1413,98756,648,134,98622,765,0.8286,0.4586,0.5904,0.7135
1071,1072,telephone,high,high,f,0.39,100169,772,99397,44,932,98465,728,0.0451,0.057,0.0503,0.047
1072,1073,telephone_booth,medium,medium,c,0.44,100169,50,100119,2,20,100099,48,0.0909,0.04,0.0556,0.0725
1073,1074,telephone_pole,high,high,f,0.39,100169,1015,99154,167,1226,97928,848,0.1199,0.1645,0.1387,0.1268
1074,1075,telephoto_lens,weak,low,r,0.45,100169,1,100168,0,0,100168,1,0.0,0.0,0.0,0.0
1075,1076,television_camera,medium,medium,c,0.31,100169,65,100104,42,38785,61319,23,0.0011,0.6462,0.0022,0.0014
1076,1077,television_set,high,high,f,0.4,100169,1900,98269,432,424,97845,1468,0.5047,0.2274,0.3135,0.4057
1077,1078,tennis_ball,high,high,f,0.4,100169,1302,98867,754,833,98034,548,0.4751,0.5791,0.522,0.4928
1078,1079,tennis_racket,high,high,f,0.39,100169,1977,98192,1315,650,97542,662,0.6692,0.6651,0.6672,0.6684
1079,1080,tequila,weak,low,r,0.45,100169,2,100167,0,0,100167,2,0.0,0.0,0.0,0.0
1080,1081,thermometer,medium,medium,c,0.37,100169,29,100140,3,1677,98463,26,0.0018,0.1034,0.0035,0.0022
1081,1082,thermos_bottle,medium,medium,c,0.33,100169,36,100133,12,9883,90250,24,0.0012,0.3333,0.0024,0.0015
1082,1083,thermostat,high,high,f,0.36,100169,138,100031,20,3125,96906,118,0.0064,0.1449,0.0122,0.0079
1083,1084,thimble,weak,low,r,0.45,100169,4,100165,0,0,100165,4,0.0,0.0,0.0,0.0
1084,1085,thread,medium,medium,c,0.41,100169,67,100102,3,3,100099,64,0.5,0.0448,0.0822,0.1648
1085,1086,thumbtack,medium,medium,c,0.36,100169,26,100143,12,8803,91340,14,0.0014,0.4615,0.0027,0.0017
1086,1087,tiara,medium,medium,c,0.38,100169,25,100144,4,278,99866,21,0.0142,0.16,0.0261,0.0173
1087,1088,tiger,medium,medium,c,0.44,100169,33,100136,1,1,100135,32,0.5,0.0303,0.0571,0.122
1088,1089,tights_(clothing),medium,medium,c,0.39,100169,37,100132,2,18,100114,35,0.1,0.0541,0.0702,0.0855
1089,1090,timer,medium,medium,c,0.39,100169,50,100119,2,388,99731,48,0.0051,0.04,0.0091,0.0062
1090,1091,tinfoil,high,high,f,0.35,100169,270,99899,102,24258,75641,168,0.0042,0.3778,0.0083,0.0052
1091,1092,tinsel,medium,medium,c,0.42,100169,12,100157,1,1,100156,11,0.5,0.0833,0.1429,0.25
1092,1093,tissue_paper,high,high,f,0.38,100169,316,99853,2,137,99716,314,0.0144,0.0063,0.0088,0.0115
1093,1094,toast_(food),medium,medium,c,0.39,100169,41,100128,9,1672,98456,32,0.0054,0.2195,0.0105,0.0067
1094,1095,toaster,high,high,f,0.41,100169,224,99945,7,101,99844,217,0.0648,0.0312,0.0422,0.0534
1095,1096,toaster_oven,high,high,f,0.44,100169,105,100064,4,27,100037,101,0.129,0.0381,0.0588,0.0873
1096,1097,toilet,high,high,f,0.42,100169,1925,98244,1060,706,97538,865,0.6002,0.5506,0.5744,0.5896
1097,1098,toilet_tissue,high,high,f,0.41,100169,1021,99148,527,1055,98093,494,0.3331,0.5162,0.4049,0.3586
1098,1099,tomato,high,high,f,0.37,100169,1213,98956,261,1902,97054,952,0.1207,0.2152,0.1546,0.1323
1099,1100,tongs,high,high,f,0.38,100169,172,99997,2,564,99433,170,0.0035,0.0116,0.0054,0.0041
1100,1101,toolbox,medium,medium,c,0.39,100169,28,100141,2,398,99743,26,0.005,0.0714,0.0093,0.0061
1101,1102,toothbrush,high,high,f,0.4,100169,745,99424,150,148,99276,595,0.5034,0.2013,0.2876,0.3872
1102,1103,toothpaste,high,high,f,0.41,100169,187,99982,18,21,99961,169,0.4615,0.0963,0.1593,0.2624
1103,1104,toothpick,high,high,f,0.34,100169,147,100022,65,27657,72365,82,0.0023,0.4422,0.0047,0.0029
1104,1105,cover,high,high,f,0.32,100169,136,100033,119,82501,17532,17,0.0014,0.875,0.0029,0.0018
1105,1106,tortilla,medium,medium,c,0.42,100169,34,100135,3,169,99966,31,0.0174,0.0882,0.0291,0.0208
1106,1107,tow_truck,medium,medium,c,0.43,100169,41,100128,6,82,100046,35,0.0682,0.1463,0.093,0.0763
1107,1108,towel,high,high,f,0.37,100169,636,99533,125,4505,95028,511,0.027,0.1965,0.0475,0.0326
1108,1109,towel_rack,high,high,f,0.41,100169,570,99599,44,227,99372,526,0.1624,0.0772,0.1046,0.133
1109,1110,toy,high,high,f,0.4,100169,1149,99020,102,277,98743,1047,0.2691,0.0888,0.1335,0.1914
1110,1111,tractor_(farm_equipment),medium,medium,c,0.44,100169,61,100108,3,2,100106,58,0.6,0.0492,0.0909,0.1852
1111,1112,traffic_light,high,high,f,0.42,100169,1890,98279,446,465,97814,1444,0.4896,0.236,0.3185,0.403
1112,1113,dirt_bike,medium,medium,c,0.42,100169,18,100151,9,75,100076,9,0.1071,0.5,0.1765,0.1271
1113,1114,trailer_truck,high,high,f,0.43,100169,143,100026,11,58,99968,132,0.1594,0.0769,0.1038,0.1313
1114,1115,train_(railroad_vehicle),high,high,f,0.39,100169,1517,98652,979,952,97700,538,0.507,0.6454,0.5679,0.5297
1115,1116,trampoline,weak,low,r,0.45,100169,7,100162,0,1,100161,7,0.0,0.0,0.0,0.0
1116,1117,tray,high,high,f,0.38,100169,943,99226,183,3436,95790,760,0.0506,0.1941,0.0802,0.0593
1117,1118,trench_coat,weak,low,r,0.45,100169,6,100163,0,0,100163,6,0.0,0.0,0.0,0.0
1118,1119,triangle_(musical_instrument),weak,low,r,0.45,100169,1,100168,0,0,100168,1,0.0,0.0,0.0,0.0
1119,1120,tricycle,medium,medium,c,0.42,100169,11,100158,1,124,100034,10,0.008,0.0909,0.0147,0.0098
1120,1121,tripod,high,high,f,0.4,100169,101,100068,4,59,100009,97,0.0635,0.0396,0.0488,0.0567
1121,1122,trousers,high,high,f,0.37,100169,1909,98260,139,3302,94958,1770,0.0404,0.0728,0.052,0.0443
1122,1123,truck,high,high,f,0.41,100169,800,99369,130,468,98901,670,0.2174,0.1625,0.186,0.2036
1123,1124,truffle_(chocolate),weak,low,r,0.45,100169,1,100168,0,1,100167,1,0.0,0.0,0.0,0.0
1124,1125,trunk,medium,medium,c,0.38,100169,44,100125,7,1087,99038,37,0.0064,0.1591,0.0123,0.0079
1125,1126,vat,weak,low,r,0.45,100169,3,100166,0,0,100166,3,0.0,0.0,0.0,0.0
1126,1127,turban,medium,medium,c,0.4,100169,44,100125,1,32,100093,43,0.0303,0.0227,0.026,0.0284
1127,1128,turkey_(food),medium,medium,c,0.42,100169,31,100138,1,15,100123,30,0.0625,0.0323,0.0426,0.0526
1128,1129,turnip,weak,low,r,0.45,100169,7,100162,0,0,100162,7,0.0,0.0,0.0,0.0
1129,1130,turtle,medium,medium,c,0.42,100169,20,100149,1,0,100149,19,1.0,0.05,0.0952,0.2083
1130,1131,turtleneck_(clothing),medium,medium,c,0.35,100169,11,100158,3,13913,86245,8,0.0002,0.2727,0.0004,0.0003
1131,1132,typewriter,medium,medium,c,0.44,100169,13,100156,1,8,100148,12,0.1111,0.0769,0.0909,0.102
1132,1133,umbrella,high,high,f,0.4,100169,1924,98245,503,368,97877,1421,0.5775,0.2614,0.3599,0.4651
1133,1134,underwear,high,high,f,0.38,100169,113,100056,11,633,99423,102,0.0171,0.0973,0.0291,0.0205
1134,1135,unicycle,weak,low,r,0.45,100169,2,100167,1,4,100163,1,0.2,0.5,0.2857,0.2273
1135,1136,urinal,high,high,f,0.45,100169,139,100030,31,75,99955,108,0.2925,0.223,0.2531,0.2753
1136,1137,urn,medium,medium,c,0.42,100169,12,100157,3,53,100104,9,0.0536,0.25,0.0882,0.0636
1137,1138,vacuum_cleaner,medium,medium,c,0.37,100169,37,100132,8,2423,97709,29,0.0033,0.2162,0.0065,0.0041
1138,1139,vase,high,high,f,0.39,100169,1866,98303,594,304,97999,1272,0.6615,0.3183,0.4298,0.5442
1139,1140,vending_machine,medium,medium,c,0.43,100169,47,100122,1,32,100090,46,0.0303,0.0213,0.025,0.0279
1140,1141,vent,high,high,f,0.37,100169,1468,98701,50,1689,97012,1418,0.0288,0.0341,0.0312,0.0297
1141,1142,vest,high,high,f,0.38,100169,729,99440,20,481,98959,709,0.0399,0.0274,0.0325,0.0366
1142,1143,videotape,medium,medium,c,0.39,100169,24,100145,3,326,99819,21,0.0091,0.125,0.017,0.0112
1143,1144,vinegar,weak,low,r,0.45,100169,1,100168,0,0,100168,1,0.0,0.0,0.0,0.0
1144,1145,violin,weak,low,r,0.45,100169,10,100159,0,0,100159,10,0.0,0.0,0.0,0.0
1145,1146,vodka,weak,low,r,0.45,100169,3,100166,0,0,100166,3,0.0,0.0,0.0,0.0
1146,1147,volleyball,medium,medium,c,0.45,100169,14,100155,2,1,100154,12,0.6667,0.1429,0.2353,0.3846
1147,1148,vulture,weak,low,r,0.45,100169,4,100165,0,0,100165,4,0.0,0.0,0.0,0.0
1148,1149,waffle,medium,medium,c,0.45,100169,29,100140,3,0,100140,26,1.0,0.1034,0.1875,0.3659
1149,1150,waffle_iron,weak,low,r,0.45,100169,4,100165,0,1,100164,4,0.0,0.0,0.0,0.0
1150,1151,wagon,medium,medium,c,0.42,100169,70,100099,7,40,100059,63,0.1489,0.1,0.1197,0.1357
1151,1152,wagon_wheel,medium,medium,c,0.38,100169,46,100123,10,202,99921,36,0.0472,0.2174,0.0775,0.0559
1152,1153,walking_stick,medium,medium,c,0.36,100169,14,100155,2,8720,91435,12,0.0002,0.1429,0.0005,0.0003
1153,1154,wall_clock,medium,medium,c,0.46,100169,48,100121,1,3,100118,47,0.25,0.0208,0.0385,0.0781
1154,1155,wall_socket,high,high,f,0.36,100169,1855,98314,396,5908,92406,1459,0.0628,0.2135,0.0971,0.0731
1155,1156,wallet,high,high,f,0.38,100169,113,100056,15,557,99499,98,0.0262,0.1327,0.0438,0.0312
1156,1157,walrus,weak,low,r,0.45,100169,1,100168,0,0,100168,1,0.0,0.0,0.0,0.0
1157,1158,wardrobe,weak,low,r,0.45,100169,1,100168,0,0,100168,1,0.0,0.0,0.0,0.0
1158,1159,washbasin,weak,low,r,0.45,100169,10,100159,0,0,100159,10,0.0,0.0,0.0,0.0
1159,1160,automatic_washer,medium,medium,c,0.39,100169,54,100115,18,1825,98290,36,0.0098,0.3333,0.019,0.0121
1160,1161,watch,high,high,f,0.34,100169,1922,98247,309,9052,89195,1613,0.033,0.1608,0.0548,0.0392
1161,1162,water_bottle,high,high,f,0.4,100169,630,99539,4,179,99360,626,0.0219,0.0063,0.0098,0.0147
1162,1163,water_cooler,medium,medium,c,0.4,100169,31,100138,1,701,99437,30,0.0014,0.0323,0.0027,0.0018
1163,1164,water_faucet,medium,medium,c,0.38,100169,69,100100,27,3835,96265,42,0.007,0.3913,0.0137,0.0087
1164,1165,water_heater,weak,low,r,0.45,100169,7,100162,0,11,100151,7,0.0,0.0,0.0,0.0
1165,1166,water_jug,medium,medium,c,0.32,100169,11,100158,5,25096,75062,6,0.0002,0.4545,0.0004,0.0002
1166,1167,water_gun,weak,low,r,0.45,100169,1,100168,0,0,100168,1,0.0,0.0,0.0,0.0
1167,1168,water_scooter,medium,medium,c,0.42,100169,30,100139,3,31,100108,27,0.0882,0.1,0.0938,0.0904
1168,1169,water_ski,medium,medium,c,0.44,100169,50,100119,7,23,100096,43,0.2333,0.14,0.175,0.2059
1169,1170,water_tower,medium,medium,c,0.45,100169,45,100124,1,0,100124,44,1.0,0.0222,0.0435,0.102
1170,1171,watering_can,medium,medium,c,0.4,100169,28,100141,7,734,99407,21,0.0094,0.25,0.0182,0.0117
1171,1172,watermelon,high,high,f,0.4,100169,114,100055,7,200,99855,107,0.0338,0.0614,0.0436,0.0372
1172,1173,weathervane,high,high,f,0.41,100169,193,99976,7,26,99950,186,0.2121,0.0363,0.0619,0.1077
1173,1174,webcam,medium,medium,c,0.4,100169,21,100148,8,1750,98398,13,0.0046,0.381,0.009,0.0057
1174,1175,wedding_cake,medium,medium,c,0.44,100169,91,100078,28,37,100041,63,0.4308,0.3077,0.359,0.3989
1175,1176,wedding_ring,medium,medium,c,0.4,100169,31,100138,1,60,100078,30,0.0164,0.0323,0.0217,0.0182
1176,1177,wet_suit,high,high,f,0.37,100169,1469,98700,319,3152,95548,1150,0.0919,0.2172,0.1291,0.1039
1177,1178,wheel,high,high,f,0.37,100169,1924,98245,366,3701,94544,1558,0.09,0.1902,0.1222,0.1006
1178,1179,wheelchair,medium,medium,c,0.41,100169,87,100082,1,84,99998,86,0.0118,0.0115,0.0116,0.0117
1179,1180,whipped_cream,medium,medium,c,0.43,100169,77,100092,8,22,100070,69,0.2667,0.1039,0.1495,0.203
1180,1181,whistle,medium,medium,c,0.35,100169,11,100158,9,44186,55972,2,0.0002,0.8182,0.0004,0.0003
1181,1182,wig,medium,medium,c,0.41,100169,47,100122,1,10,100112,46,0.0909,0.0213,0.0345,0.0549
1182,1183,wind_chime,medium,medium,c,0.38,100169,21,100148,2,666,99482,19,0.003,0.0952,0.0058,0.0037
1183,1184,windmill,medium,medium,c,0.42,100169,47,100122,3,0,100122,44,1.0,0.0638,0.12,0.2542
1184,1185,window_box_(for_plants),medium,medium,c,0.45,100169,70,100099,1,6,100093,69,0.1429,0.0143,0.026,0.051
1185,1186,windshield_wiper,high,high,f,0.39,100169,1838,98331,84,707,97624,1754,0.1062,0.0457,0.0639,0.084
1186,1187,windsock,medium,medium,c,0.36,100169,19,100150,6,8808,91342,13,0.0007,0.3158,0.0014,0.0009
1187,1188,wine_bottle,high,high,f,0.4,100169,531,99638,60,87,99551,471,0.4082,0.113,0.177,0.2681
1188,1189,wine_bucket,medium,medium,c,0.4,100169,11,100158,1,113,100045,10,0.0088,0.0909,0.016,0.0107
1189,1190,wineglass,high,high,f,0.4,100169,941,99228,138,144,99084,803,0.4894,0.1467,0.2257,0.3335
1190,1191,blinder_(for_horses),high,high,f,0.32,100169,113,100056,112,96028,4028,1,0.0012,0.9912,0.0023,0.0015
1191,1192,wok,medium,medium,c,0.41,100169,26,100143,4,169,99974,22,0.0231,0.1538,0.0402,0.0279
1192,1193,wolf,weak,low,r,0.45,100169,5,100164,0,0,100164,5,0.0,0.0,0.0,0.0
1193,1194,wooden_spoon,medium,medium,c,0.4,100169,56,100113,1,141,99972,55,0.007,0.0179,0.0101,0.008
1194,1195,wreath,medium,medium,c,0.44,100169,73,100096,1,0,100096,72,1.0,0.0137,0.027,0.0649
1195,1196,wrench,medium,medium,c,0.36,100169,32,100137,10,7994,92143,22,0.0012,0.3125,0.0025,0.0016
1196,1197,wristband,high,high,f,0.34,100169,128,100041,20,5832,94209,108,0.0034,0.1562,0.0067,0.0042
1197,1198,wristlet,high,high,f,0.3,100169,623,99546,403,40170,59376,220,0.0099,0.6469,0.0196,0.0124
1198,1199,yacht,medium,medium,c,0.41,100169,12,100157,3,84,100073,9,0.0345,0.25,0.0606,0.0417
1199,1200,yogurt,medium,medium,c,0.38,100169,52,100117,13,1461,98656,39,0.0088,0.25,0.017,0.0109
1200,1201,yoke_(animal_equipment),medium,medium,c,0.32,100169,11,100158,11,99929,229,0,0.0001,1.0,0.0002,0.0001
1201,1202,zebra,high,high,f,0.42,100169,1674,98495,1260,21,98474,414,0.9836,0.7527,0.8528,0.9267
1202,1203,zucchini,medium,medium,c,0.41,100169,81,100088,8,299,99789,73,0.0261,0.0988,0.0412,0.0306
