lvis_row,cat_id,name,ram_row,ram_tag,bucket,frequency,target,threshold,subset_total,num_positives,num_negatives,TP,FP,TN,FN,precision,recall,target_met,best_precision,reason
0,1,aerosol_can,26,spray can,medium,c,0.8,,128,64,64,,,,,,,0,0.6875,unreachable
1,2,air_conditioner,30,air conditioner,high,f,0.8,,728,364,364,,,,,,,0,0.7097,unreachable
2,3,airplane,,,high,f,0.8,,,,,,,,,,,0,,unmapped
3,4,alarm_clock,48,alarm clock,high,f,0.8,0.325,298,149,149,90,22,127,59,0.8036,0.604,1,1.0,ok
4,5,alcohol,52,alcohol,medium,c,0.8,0.345,58,29,29,25,5,24,4,0.8333,0.8621,1,1.0,ok
5,6,alligator,,,medium,c,0.8,,,,,,,,,,,0,,unmapped
6,7,almond,56,almond,medium,c,0.8,0.37,118,59,59,10,2,57,49,0.8333,0.1695,1,1.0,ok
7,8,ambulance,64,ambulance,medium,c,0.8,0.32,44,22,22,16,2,20,6,0.8889,0.7273,1,1.0,ok
8,9,amplifier,69,amplifier,medium,c,0.8,,,12,,,,,,,,0,,low_gt
9,10,anklet,85,anklet,medium,c,0.8,,56,28,28,,,,,,,0,0.75,unreachable
10,11,antenna,24,antenna,high,f,0.8,,1010,505,505,,,,,,,0,0.7923,unreachable
11,12,apple,101,apple,high,f,0.8,0.35,2414,1207,1207,835,151,1056,372,0.8469,0.6918,1,1.0,ok
12,13,applesauce,105,applesauce,weak,r,0.8,,,4,,,,,,,,0,,low_gt
13,14,apricot,109,apricot,weak,r,0.8,,,10,,,,,,,,0,,low_gt
14,15,apron,110,apron,high,f,0.8,0.355,1000,500,500,188,44,456,312,0.8103,0.376,1,1.0,ok
15,16,aquarium,112,aquarium,medium,c,0.8,0.3,66,33,33,29,4,29,4,0.8788,0.8788,1,1.0,ok
16,17,arctic_(type_of_shoe),,,weak,r,0.8,,,,,,,,,,,0,,unmapped
17,18,armband,131,armband,medium,c,0.8,,88,44,44,,,,,,,0,0.6667,unreachable
18,19,armchair,132,armchair,high,f,0.8,0.33,1122,561,561,468,115,446,93,0.8027,0.8342,1,1.0,ok
19,20,armoire,133,armoire,weak,r,0.8,,,8,,,,,,,,0,,low_gt
20,21,armor,134,armor,weak,r,0.8,,,9,,,,,,,,0,,low_gt
21,22,artichoke,148,artichoke,medium,c,0.8,0.335,66,33,33,24,6,27,9,0.8,0.7273,1,1.0,ok
22,23,trash_can,,,high,f,0.8,,,,,,,,,,,0,,unmapped
23,24,ashtray,154,ashtray,medium,c,0.8,,196,98,98,,,,,,,0,0.7895,unreachable
24,25,asparagus,156,asparagus,medium,c,0.8,0.32,140,70,70,69,12,58,1,0.8519,0.9857,1,1.0,ok
25,26,atomizer,3830,spray,medium,c,0.8,0.35,92,46,46,20,5,41,26,0.8,0.4348,1,0.8333,ok
26,27,avocado,199,avocado,high,f,0.8,0.34,234,117,117,92,23,94,25,0.8,0.7863,1,0.9524,ok
27,28,award,200,award,medium,c,0.8,0.345,82,41,41,22,5,36,19,0.8148,0.5366,1,0.8889,ok
28,29,awning,,,high,f,0.8,,,,,,,,,,,0,,unmapped
29,30,ax,204,ax,weak,r,0.8,,,7,,,,,,,,0,,low_gt
30,31,baboon,206,baboon,weak,r,0.8,,,1,,,,,,,,0,,low_gt
31,32,baby_buggy,209,baby carriage,high,f,0.8,0.375,628,314,314,20,4,310,294,0.8333,0.0637,1,1.0,ok
32,33,basketball_backboard,311,basketball backboard,medium,c,0.8,0.33,62,31,31,20,4,27,11,0.8333,0.6452,1,1.0,ok
33,34,backpack,218,backpack,high,f,0.8,0.36,3810,1905,1905,474,113,1792,1431,0.8075,0.2488,1,1.0,ok
34,35,handbag,2014,handbag,high,f,0.8,0.355,3718,1859,1859,385,95,1764,1474,0.8021,0.2071,1,0.8195,ok
35,36,suitcase,2500,luggage,high,f,0.8,0.33,3246,1623,1623,1437,344,1279,186,0.8069,0.8854,1,1.0,ok
36,37,bagel,227,bagel,medium,c,0.8,0.335,94,47,47,44,11,36,3,0.8,0.9362,1,1.0,ok
37,38,bagpipe,228,bagpipe,weak,r,0.8,,,3,,,,,,,,0,,low_gt
38,39,baguet,229,baguette,weak,r,0.8,,,3,,,,,,,,0,,low_gt
39,40,bait,230,bait,weak,r,0.8,,,1,,,,,,,,0,,low_gt
40,41,ball,239,ball,high,f,0.8,0.385,610,305,305,61,15,290,244,0.8026,0.2,1,1.0,ok
41,42,ballet_skirt,244,ballet skirt,weak,r,0.8,,,6,,,,,,,,0,,low_gt
42,43,balloon,245,balloon,high,f,0.8,0.34,420,210,210,93,18,192,117,0.8378,0.4429,1,1.0,ok
43,44,bamboo,249,bamboo,medium,c,0.8,0.35,72,36,36,14,3,33,22,0.8235,0.3889,1,1.0,ok
44,45,banana,251,banana,high,f,0.8,0.35,3574,1787,1787,1308,260,1527,479,0.8342,0.732,1,1.0,ok
45,46,Band_Aid,256,band aid,medium,c,0.8,,,17,,,,,,,,0,,low_gt
46,47,bandage,257,bandage,medium,c,0.8,0.36,102,51,51,9,2,49,42,0.8182,0.1765,1,1.0,ok
47,48,bandanna,,,high,f,0.8,,,,,,,,,,,0,,unmapped
48,49,banjo,263,banjo,weak,r,0.8,,,3,,,,,,,,0,,low_gt
49,50,banner,268,banner,high,f,0.8,0.37,2940,1470,1470,70,12,1458,1400,0.8537,0.0476,1,1.0,ok
50,51,barbell,279,barbell,weak,r,0.8,,,3,,,,,,,,0,,low_gt
51,52,barge,283,barge,weak,r,0.8,,,2,,,,,,,,0,,low_gt
52,53,barrel,290,barrel,high,f,0.8,0.385,372,186,186,10,1,185,176,0.9091,0.0538,1,1.0,ok
53,54,barrette,,,medium,c,0.8,,,,,,,,,,,0,,unmapped
54,55,barrow,,,medium,c,0.8,,,,,,,,,,,0,,unmapped
55,56,baseball_base,296,baseball base,high,f,0.8,0.31,606,303,303,303,69,234,0,0.8145,1.0,1,1.0,ok
56,57,baseball,295,baseball,high,f,0.8,0.325,1476,738,738,714,158,580,24,0.8188,0.9675,1,1.0,ok
57,58,baseball_bat,297,baseball bat,high,f,0.8,0.32,3598,1799,1799,1727,330,1469,72,0.8396,0.96,1,1.0,ok
58,59,baseball_cap,2281,jockey cap,high,f,0.8,0.345,3868,1934,1934,939,232,1702,995,0.8019,0.4855,1,0.9,ok
59,60,baseball_glove,301,baseball glove,high,f,0.8,0.305,3218,1609,1609,1590,355,1254,19,0.8175,0.9882,1,1.0,ok
60,61,basket,308,basket,high,f,0.8,0.385,3244,1622,1622,37,9,1613,1585,0.8043,0.0228,1,1.0,ok
61,62,basketball,310,basketball,medium,c,0.8,0.34,82,41,41,32,8,33,9,0.8,0.7805,1,1.0,ok
62,63,bass_horn,321,bass horn,weak,r,0.8,,,4,,,,,,,,0,,low_gt
63,64,bat_(animal),323,bat,medium,c,0.8,,,11,,,,,,,,0,,low_gt
64,65,bath_mat,326,bath mat,high,f,0.8,0.33,540,270,270,258,64,206,12,0.8012,0.9556,1,1.0,ok
65,66,bath_towel,327,bath towel,high,f,0.8,0.32,698,349,349,330,68,281,19,0.8291,0.9456,1,1.0,ok
66,67,bathrobe,329,bathrobe,medium,c,0.8,0.32,84,42,42,41,8,34,1,0.8367,0.9762,1,1.0,ok
67,68,bathtub,,,high,f,0.8,,,,,,,,,,,0,,unmapped
68,69,batter_(food),340,batter,weak,r,0.8,,,6,,,,,,,,0,,low_gt
69,70,battery,341,battery,medium,c,0.8,0.355,96,48,48,44,9,39,4,0.8302,0.9167,1,1.0,ok
70,71,beachball,,,weak,r,0.8,,,,,,,,,,,0,,unmapped
71,72,bead,358,bead,medium,c,0.8,0.345,84,42,42,19,3,39,23,0.8636,0.4524,1,1.0,ok
72,73,bean_curd,4177,tofu,medium,c,0.8,0.325,48,24,24,24,6,18,0,0.8,1.0,1,1.0,ok
73,74,beanbag,365,beanbag,medium,c,0.8,,,16,,,,,,,,0,,low_gt
74,75,beanie,,,high,f,0.8,,,,,,,,,,,0,,unmapped
75,76,bear,366,bear,high,f,0.8,0.335,1292,646,646,614,137,509,32,0.8176,0.9505,1,0.996,ok
76,77,bed,375,bed,high,f,0.8,0.345,3530,1765,1765,1704,381,1384,61,0.8173,0.9654,1,1.0,ok
77,78,bedpan,380,bedpan,weak,r,0.8,,,2,,,,,,,,0,,low_gt
78,79,bedspread,376,bedcover,high,f,0.8,0.34,250,125,125,115,24,101,10,0.8273,0.92,1,1.0,ok
79,80,cow,1160,cow,high,f,0.8,0.33,2840,1420,1420,1363,277,1143,57,0.8311,0.9599,1,1.0,ok
80,81,beef_(food),385,beef,high,f,0.8,0.35,280,140,140,137,28,112,3,0.8303,0.9786,1,1.0,ok
81,82,beeper,387,beeper,weak,r,0.8,,,4,,,,,,,,0,,low_gt
82,83,beer_bottle,389,beer bottle,high,f,0.8,0.305,644,322,322,189,42,280,133,0.8182,0.587,1,0.9524,ok
83,84,beer_can,390,beer can,medium,c,0.8,0.33,120,60,60,43,10,50,17,0.8113,0.7167,1,1.0,ok
84,85,beetle,395,beetle,weak,r,0.8,,,2,,,,,,,,0,,low_gt
85,86,bell,,,high,f,0.8,,,,,,,,,,,0,,unmapped
86,87,bell_pepper,398,bell pepper,high,f,0.8,0.34,666,333,333,71,17,316,262,0.8068,0.2132,1,1.0,ok
87,88,belt,400,belt,high,f,0.8,,3882,1941,1941,,,,,,,0,0.7654,unreachable
88,89,belt_buckle,401,belt buckle,high,f,0.8,0.335,734,367,367,73,14,353,294,0.8391,0.1989,1,0.9655,ok
89,90,bench,402,bench,high,f,0.8,0.345,3844,1922,1922,1108,243,1679,814,0.8201,0.5765,1,1.0,ok
90,91,beret,406,beret,medium,c,0.8,,,18,,,,,,,,0,,low_gt
91,92,bib,410,bib,medium,c,0.8,0.35,162,81,81,56,13,68,25,0.8116,0.6914,1,1.0,ok
92,93,Bible,412,bible,weak,r,0.8,,,1,,,,,,,,0,,low_gt
93,94,bicycle,414,bicycle,high,f,0.8,0.325,3704,1852,1852,1421,354,1498,431,0.8006,0.7673,1,1.0,ok
94,95,visor,4372,visor,high,f,0.8,,860,430,430,,,,,,,0,0.6599,unreachable
95,96,billboard,428,billboard,high,f,0.8,0.325,494,247,247,160,39,208,87,0.804,0.6478,1,1.0,ok
96,97,binder,431,binder,medium,c,0.8,0.345,188,94,94,59,11,83,35,0.8429,0.6277,1,1.0,ok
97,98,binoculars,432,binocular,medium,c,0.8,,42,21,21,,,,,,,0,0.6364,unreachable
98,99,bird,437,bird,high,f,0.8,0.345,3642,1821,1821,1324,308,1513,497,0.8113,0.7271,1,1.0,ok
99,100,birdfeeder,,,medium,c,0.8,,,,,,,,,,,0,,unmapped
100,101,birdbath,442,birdbath,medium,c,0.8,,,12,,,,,,,,0,,low_gt
101,102,birdcage,,,medium,c,0.8,,,,,,,,,,,0,,unmapped
102,103,birdhouse,,,medium,c,0.8,,,,,,,,,,,0,,unmapped
103,104,birthday_cake,446,birthday cake,high,f,0.8,0.315,488,244,244,239,54,190,5,0.8157,0.9795,1,1.0,ok
104,105,birthday_card,448,birthday card,weak,r,0.8,,,7,,,,,,,,0,,low_gt
105,106,pirate_flag,3069,pirate flag,weak,r,0.8,,,1,,,,,,,,0,,low_gt
106,107,black_sheep,456,black sheep,medium,c,0.8,0.325,80,40,40,39,9,31,1,0.8125,0.975,1,1.0,ok
107,108,blackberry,457,blackberry,medium,c,0.8,0.36,80,40,40,8,2,38,32,0.8,0.2,1,0.8571,ok
108,109,blackboard,459,blackboard,high,f,0.8,0.345,208,104,104,17,3,101,87,0.85,0.1635,1,1.0,ok
109,110,blanket,462,blanket,high,f,0.8,0.345,3342,1671,1671,1340,291,1380,331,0.8216,0.8019,1,1.0,ok
110,111,blazer,463,sports coat,medium,c,0.8,,98,49,49,,,,,,,0,0.6667,unreachable
111,112,blender,465,blender,high,f,0.8,0.36,486,243,243,160,30,213,83,0.8421,0.6584,1,1.0,ok
112,113,blimp,,,weak,r,0.8,,,,,,,,,,,0,,unmapped
113,114,blinker,469,flasher,high,f,0.8,,484,242,242,,,,,,,0,0.625,unreachable
114,115,blouse,476,blouse,high,f,0.8,0.34,542,271,271,63,12,259,208,0.84,0.2325,1,0.8627,ok
115,116,blueberry,484,blueberry,high,f,0.8,0.35,208,104,104,64,12,92,40,0.8421,0.6154,1,1.0,ok
116,117,gameboard,,,weak,r,0.8,,,,,,,,,,,0,,unmapped
117,118,boat,491,boat,high,f,0.8,0.325,3516,1758,1758,1639,393,1365,119,0.8066,0.9323,1,1.0,ok
118,119,bob,496,bobfloat,weak,r,0.8,,,1,,,,,,,,0,,low_gt
119,120,bobbin,3344,reel,medium,c,0.8,,96,48,48,,,,,,,0,0.5169,unreachable
120,121,bobby_pin,1994,hairgrip,medium,c,0.8,,,14,,,,,,,,0,,low_gt
121,122,boiled_egg,501,boiled egg,medium,c,0.8,0.325,80,40,40,24,6,34,16,0.8,0.6,1,1.0,ok
122,123,bolo_tie,503,bolo tie,weak,r,0.8,,,1,,,,,,,,0,,low_gt
123,124,deadbolt,1272,deadbolt,medium,c,0.8,,74,37,37,,,,,,,0,0.75,unreachable
124,125,bolt,504,bolt,high,f,0.8,0.37,3020,1510,1510,227,54,1456,1283,0.8078,0.1503,1,0.95,ok
125,126,bonnet,510,bonnet,weak,r,0.8,,,6,,,,,,,,0,,low_gt
126,127,book,512,book,high,f,0.8,0.34,3806,1903,1903,1117,229,1674,786,0.8299,0.587,1,1.0,ok
127,128,bookcase,514,bookcase,medium,c,0.8,0.33,140,70,70,61,13,57,9,0.8243,0.8714,1,1.0,ok
128,129,booklet,,,medium,c,0.8,,,,,,,,,,,0,,unmapped
129,130,bookmark,516,bookmark,weak,r,0.8,,,7,,,,,,,,0,,low_gt
130,131,boom_microphone,519,boom microphone,weak,r,0.8,,,5,,,,,,,,0,,low_gt
131,132,boot,521,boot,high,f,0.8,0.405,2812,1406,1406,4,1,1405,1402,0.8,0.0028,1,0.8,ok
132,133,bottle,525,bottle,high,f,0.8,0.36,3802,1901,1901,260,65,1836,1641,0.8,0.1368,1,1.0,ok
133,134,bottle_opener,527,bottle opener,medium,c,0.8,,,15,,,,,,,,0,,low_gt
134,135,bouquet,531,bouquet,medium,c,0.8,0.33,56,28,28,27,4,24,1,0.871,0.9643,1,1.0,ok
135,136,bow_(weapon),,,weak,r,0.8,,,,,,,,,,,0,,unmapped
136,137,bow_(decorative_ribbons),,,high,f,0.8,,,,,,,,,,,0,,unmapped
137,138,bow-tie,535,bow tie,high,f,0.8,0.34,468,234,234,131,27,207,103,0.8291,0.5598,1,0.9667,ok
138,139,bowl,537,bowl,high,f,0.8,0.37,3844,1922,1922,545,133,1789,1377,0.8038,0.2836,1,1.0,ok
139,140,pipe_bowl,3067,pipe bowl,weak,r,0.8,,,1,,,,,,,,0,,low_gt
140,141,bowler_hat,1295,derby,medium,c,0.8,0.375,70,35,35,4,1,34,31,0.8,0.1143,1,0.8,ok
141,142,bowling_ball,540,bowling ball,weak,r,0.8,,,5,,,,,,,,0,,low_gt
142,143,box,542,box,high,f,0.8,0.375,3656,1828,1828,242,52,1776,1586,0.8231,0.1324,1,0.9231,ok
143,144,boxing_glove,548,boxing glove,weak,r,0.8,,,8,,,,,,,,0,,low_gt
144,145,suspenders,4016,suspenders,medium,c,0.8,0.355,126,63,63,13,2,61,50,0.8667,0.2063,1,0.8667,ok
145,146,bracelet,261,bracelet,high,f,0.8,,3334,1667,1667,,,,,,,0,0.6959,unreachable
146,147,brass_plaque,561,brass plaque,weak,r,0.8,,,4,,,,,,,,0,,low_gt
147,148,brassiere,259,bandeau,medium,c,0.8,,190,95,95,,,,,,,0,0.6842,unreachable
148,149,bread-bin,563,breadbox,medium,c,0.8,,,17,,,,,,,,0,,low_gt
149,150,bread,562,bread,high,f,0.8,0.335,3134,1567,1567,1465,344,1223,102,0.8098,0.9349,1,1.0,ok
150,151,breechcloth,,,weak,r,0.8,,,,,,,,,,,0,,unmapped
151,152,bridal_gown,573,wedding dress,high,f,0.8,0.285,206,103,103,100,23,80,3,0.813,0.9709,1,1.0,ok
152,153,briefcase,579,briefcase,medium,c,0.8,,100,50,50,,,,,,,0,0.7586,unreachable
153,154,broccoli,584,broccoli,high,f,0.8,0.33,2618,1309,1309,1256,278,1031,53,0.8188,0.9595,1,1.0,ok
154,155,broach,582,broach,weak,r,0.8,,,6,,,,,,,,0,,low_gt
155,156,broom,591,broom,medium,c,0.8,0.365,184,92,92,12,2,90,80,0.8571,0.1304,1,0.9091,ok
156,157,brownie,595,brownie,medium,c,0.8,,,19,,,,,,,,0,,low_gt
157,158,brussels_sprouts,600,brussels sprout,medium,c,0.8,0.345,74,37,37,24,6,31,13,0.8,0.6486,1,0.9167,ok
158,159,bubble_gum,602,bubble gum,weak,r,0.8,,,4,,,,,,,,0,,low_gt
159,160,bucket,,,high,f,0.8,,,,,,,,,,,0,,unmapped
160,161,horse_buggy,,,weak,r,0.8,,,,,,,,,,,0,,unmapped
161,162,bull,618,bull,medium,c,0.8,0.345,164,82,82,75,16,66,7,0.8242,0.9146,1,1.0,ok
162,163,bulldog,619,bulldog,medium,c,0.8,,,15,,,,,,,,0,,low_gt
163,164,bulldozer,1388,dozer,weak,r,0.8,,,3,,,,,,,,0,,low_gt
164,165,bullet_train,621,bullet train,medium,c,0.8,0.31,122,61,61,61,14,47,0,0.8133,1.0,1,1.0,ok
165,166,bulletin_board,622,bulletin board,medium,c,0.8,0.325,102,51,51,30,7,44,21,0.8108,0.5882,1,1.0,ok
166,167,bulletproof_vest,623,bulletproof vest,weak,r,0.8,,,5,,,,,,,,0,,low_gt
167,168,bullhorn,625,megaphone,medium,c,0.8,,,13,,,,,,,,0,,low_gt
168,169,bun,629,roll,high,f,0.8,0.37,1284,642,642,321,66,576,321,0.8295,0.5,1,0.8726,ok
169,170,bunk_bed,632,bunk bed,medium,c,0.8,0.355,48,24,24,23,3,21,1,0.8846,0.9583,1,1.0,ok
170,171,buoy,635,buoy,high,f,0.8,0.345,510,255,255,202,48,207,53,0.808,0.7922,1,0.931,ok
171,172,burrito,639,burrito,weak,r,0.8,,,9,,,,,,,,0,,low_gt
172,173,bus_(vehicle),640,bus,high,f,0.8,0.33,3616,1808,1808,1728,427,1381,80,0.8019,0.9558,1,1.0,ok
173,174,business_card,648,business card,medium,c,0.8,0.315,62,31,31,13,3,28,18,0.8125,0.4194,1,0.8333,ok
174,175,butter,658,butter,high,f,0.8,0.36,316,158,158,96,20,138,62,0.8276,0.6076,1,1.0,ok
175,176,butterfly,660,butterfly,medium,c,0.8,0.32,160,80,80,43,8,72,37,0.8431,0.5375,1,1.0,ok
176,177,button,662,button,high,f,0.8,,3768,1884,1884,,,,,,,0,0.6667,unreachable
177,178,cab_(taxi),665,taxi,high,f,0.8,0.32,316,158,158,154,35,123,4,0.8148,0.9747,1,1.0,ok
178,179,cabana,666,cabana,weak,r,0.8,,,2,,,,,,,,0,,low_gt
179,180,cabin_car,669,cabin car,medium,c,0.8,,,12,,,,,,,,0,,low_gt
180,181,cabinet,670,cabinet,high,f,0.8,0.34,3318,1659,1659,1451,360,1299,208,0.8012,0.8746,1,1.0,ok
181,182,locker,2485,locker,weak,r,0.8,,,7,,,,,,,,0,,low_gt
182,183,cake,678,cake,high,f,0.8,0.34,1668,834,834,793,189,645,41,0.8075,0.9508,1,1.0,ok
183,184,calculator,680,calculator,medium,c,0.8,0.29,114,57,57,53,13,44,4,0.803,0.9298,1,1.0,ok
184,185,calendar,682,calendar,high,f,0.8,0.34,348,174,174,76,16,158,98,0.8261,0.4368,1,1.0,ok
185,186,calf,683,calf,medium,c,0.8,0.325,190,95,95,94,22,73,1,0.8103,0.9895,1,1.0,ok
186,187,camcorder,688,camcorder,medium,c,0.8,0.37,54,27,27,4,1,26,23,0.8,0.1481,1,0.8,ok
187,188,camel,689,camel,medium,c,0.8,0.345,44,22,22,13,3,19,9,0.8125,0.5909,1,1.0,ok
188,189,camera,690,camera,high,f,0.8,0.39,2782,1391,1391,106,16,1375,1285,0.8689,0.0762,1,1.0,ok
189,190,camera_lens,691,camera lens,medium,c,0.8,0.34,180,90,90,52,8,82,38,0.8667,0.5778,1,1.0,ok
190,191,camper_(vehicle),694,camper,medium,c,0.8,0.355,80,40,40,20,4,36,20,0.8333,0.5,1,1.0,ok
191,192,can,699,can,high,f,0.8,0.38,890,445,445,7,0,445,438,1.0,0.0157,1,1.0,ok
192,193,can_opener,700,can opener,medium,c,0.8,,42,21,21,,,,,,,0,0.6,unreachable
193,194,candle,704,candle,high,f,0.8,0.33,2264,1132,1132,614,126,1006,518,0.8297,0.5424,1,1.0,ok
194,195,candle_holder,705,candle holder,high,f,0.8,0.31,354,177,177,97,24,153,80,0.8017,0.548,1,0.96,ok
195,196,candy_bar,707,candy bar,weak,r,0.8,,,4,,,,,,,,0,,low_gt
196,197,candy_cane,708,candy cane,medium,c,0.8,,,17,,,,,,,,0,,low_gt
197,198,walking_cane,4391,walking cane,medium,c,0.8,0.37,168,84,84,14,3,81,70,0.8235,0.1667,1,0.8235,ok
198,199,canister,,,medium,c,0.8,,,,,,,,,,,0,,unmapped
199,200,canoe,1435,canoe,medium,c,0.8,0.33,60,30,30,25,4,26,5,0.8621,0.8333,1,1.0,ok
200,201,cantaloup,715,cantaloupe,medium,c,0.8,0.35,50,25,25,17,4,21,8,0.8095,0.68,1,1.0,ok
201,202,canteen,676,canteen,weak,r,0.8,,,2,,,,,,,,0,,low_gt
202,203,cap_(headwear),719,cap,high,f,0.8,,250,125,125,,,,,,,0,0.6486,unreachable
203,204,bottle_cap,526,bottle cap,high,f,0.8,0.355,2270,1135,1135,65,14,1121,1070,0.8228,0.0573,1,0.9,ok
204,205,cape,720,cape,medium,c,0.8,,,19,,,,,,,,0,,low_gt
205,206,cappuccino,722,cappuccino,medium,c,0.8,0.315,144,72,72,67,16,56,5,0.8072,0.9306,1,1.0,ok
206,207,car_(automobile),726,car,high,f,0.8,0.345,3852,1926,1926,916,223,1703,1010,0.8042,0.4756,1,0.9286,ok
207,208,railcar_(part_of_a_train),3289,railcar,high,f,0.8,0.315,318,159,159,159,34,125,0,0.8238,1.0,1,1.0,ok
208,209,elevator_car,1485,elevator car,weak,r,0.8,,,7,,,,,,,,0,,low_gt
209,210,car_battery,187,car battery,weak,r,0.8,,,1,,,,,,,,0,,low_gt
210,211,identity_card,2201,identity card,medium,c,0.8,,,13,,,,,,,,0,,low_gt
211,212,card,738,card,medium,c,0.8,0.335,70,35,35,16,2,33,19,0.8889,0.4571,1,0.8889,ok
212,213,cardigan,742,cardigan,medium,c,0.8,,,18,,,,,,,,0,,low_gt
213,214,cargo_ship,746,cargo ship,weak,r,0.8,,,8,,,,,,,,0,,low_gt
214,215,carnation,748,carnation,weak,r,0.8,,,6,,,,,,,,0,,low_gt
215,216,horse_carriage,,,medium,c,0.8,,,,,,,,,,,0,,unmapped
216,217,carrot,760,carrot,high,f,0.8,0.345,2444,1222,1222,948,203,1019,274,0.8236,0.7758,1,1.0,ok
217,218,tote_bag,4199,tote bag,high,f,0.8,0.32,206,103,103,40,10,93,63,0.8,0.3883,1,1.0,ok
218,219,cart,763,cart,medium,c,0.8,0.36,56,28,28,21,2,26,7,0.913,0.75,1,1.0,ok
219,220,carton,764,carton,medium,c,0.8,0.355,126,63,63,18,4,59,45,0.8182,0.2857,1,0.8571,ok
220,221,cash_register,3349,register,medium,c,0.8,0.35,56,28,28,10,2,26,18,0.8333,0.3571,1,0.875,ok
221,222,casserole,774,casserole,weak,r,0.8,,,5,,,,,,,,0,,low_gt
222,223,cassette,775,cassette,weak,r,0.8,,,7,,,,,,,,0,,low_gt
223,224,cast,777,plaster bandage,medium,c,0.8,,,14,,,,,,,,0,,low_gt
224,225,cat,780,cat,high,f,0.8,0.33,3836,1918,1918,1826,372,1546,92,0.8308,0.952,1,1.0,ok
225,226,cauliflower,796,cauliflower,high,f,0.8,0.31,266,133,133,123,30,103,10,0.8039,0.9248,1,1.0,ok
226,227,cayenne_(spice),,,medium,c,0.8,,,,,,,,,,,0,,unmapped
227,228,CD_player,800,CD player,medium,c,0.8,0.335,54,27,27,20,4,23,7,0.8333,0.7407,1,1.0,ok
228,229,celery,807,celery,high,f,0.8,0.325,220,110,110,93,21,89,17,0.8158,0.8455,1,1.0,ok
229,230,cellular_telephone,,,high,f,0.8,,,,,,,,,,,0,,unmapped
230,231,chain_mail,2526,chain mail,weak,r,0.8,,,4,,,,,,,,0,,low_gt
231,232,chair,821,chair,high,f,0.8,0.375,3854,1927,1927,224,48,1879,1703,0.8235,0.1162,1,1.0,ok
232,233,chaise_longue,823,daybed,weak,r,0.8,,,8,,,,,,,,0,,low_gt
233,234,chalice,825,chalice,weak,r,0.8,,,1,,,,,,,,0,,low_gt
234,235,chandelier,833,chandelier,high,f,0.8,0.305,526,263,263,236,57,206,27,0.8055,0.8973,1,1.0,ok
235,236,chap,836,chap,weak,r,0.8,,,10,,,,,,,,0,,low_gt
236,237,checkbook,850,checkbook,weak,r,0.8,,,2,,,,,,,,0,,low_gt
237,238,checkerboard,,,weak,r,0.8,,,,,,,,,,,0,,unmapped
238,239,cherry,865,cherry,medium,c,0.8,,174,87,87,,,,,,,0,0.7805,unreachable
239,240,chessboard,851,chessboard,weak,r,0.8,,,9,,,,,,,,0,,low_gt
240,241,chicken_(animal),871,chicken,medium,c,0.8,0.34,142,71,71,57,12,59,14,0.8261,0.8028,1,1.0,ok
241,242,chickpea,876,garbanzo,medium,c,0.8,,,13,,,,,,,,0,,low_gt
242,243,chili_(vegetable),882,chile,medium,c,0.8,,,18,,,,,,,,0,,low_gt
243,244,chime,,,weak,r,0.8,,,,,,,,,,,0,,unmapped
244,245,chinaware,886,chinaware,weak,r,0.8,,,5,,,,,,,,0,,low_gt
245,246,crisp_(potato_chip),3191,potato chip,medium,c,0.8,0.325,90,45,45,40,10,35,5,0.8,0.8889,1,1.0,ok
246,247,poker_chip,3144,poker chip,weak,r,0.8,,,1,,,,,,,,0,,low_gt
247,248,chocolate_bar,896,chocolate bar,medium,c,0.8,0.32,46,23,23,17,4,19,6,0.8095,0.7391,1,1.0,ok
248,249,chocolate_cake,897,chocolate cake,medium,c,0.8,0.28,64,32,32,32,7,25,0,0.8205,1.0,1,1.0,ok
249,250,chocolate_milk,900,chocolate milk,weak,r,0.8,,,4,,,,,,,,0,,low_gt
250,251,chocolate_mousse,901,chocolate mousse,weak,r,0.8,,,1,,,,,,,,0,,low_gt
251,252,choker,2778,neckband,high,f,0.8,,1716,858,858,,,,,,,0,0.7826,unreachable
252,253,chopping_board,905,cutting board,high,f,0.8,0.35,1322,661,661,409,86,575,252,0.8263,0.6188,1,0.9643,ok
253,254,chopstick,906,chopstick,high,f,0.8,0.345,336,168,168,141,35,133,27,0.8011,0.8393,1,1.0,ok
254,255,Christmas_tree,917,christmas tree,high,f,0.8,0.3,420,210,210,195,40,170,15,0.8298,0.9286,1,1.0,ok
255,256,slide,3734,slide,medium,c,0.8,0.375,130,65,65,18,4,61,47,0.8182,0.2769,1,0.9286,ok
256,257,cider,921,cider,weak,r,0.8,,,4,,,,,,,,0,,low_gt
257,258,cigar_box,923,cigar box,weak,r,0.8,,,2,,,,,,,,0,,low_gt
258,259,cigarette,924,cigarette,high,f,0.8,0.365,318,159,159,58,9,150,101,0.8657,0.3648,1,1.0,ok
259,260,cigarette_case,925,cigarette case,medium,c,0.8,0.345,62,31,31,5,1,30,26,0.8333,0.1613,1,0.8333,ok
260,261,cistern,934,water tank,high,f,0.8,0.33,1622,811,811,640,144,667,171,0.8163,0.7891,1,0.9136,ok
261,262,clarinet,947,clarinet,weak,r,0.8,,,1,,,,,,,,0,,low_gt
262,263,clasp,948,clasp,medium,c,0.8,,84,42,42,,,,,,,0,0.5065,unreachable
263,264,cleansing_agent,958,cleaner,medium,c,0.8,,54,27,27,,,,,,,0,0.6316,unreachable
264,265,cleat_(for_securing_rope),961,cleat,weak,r,0.8,,,2,,,,,,,,0,,low_gt
265,266,clementine,962,clementine,weak,r,0.8,,,5,,,,,,,,0,,low_gt
266,267,clip,969,clip,medium,c,0.8,0.37,190,95,95,18,3,92,77,0.8571,0.1895,1,0.9091,ok
267,268,clipboard,971,clipboard,medium,c,0.8,0.34,64,32,32,17,4,28,15,0.8095,0.5312,1,1.0,ok
268,269,clippers_(for_plants),972,clipper,weak,r,0.8,,,1,,,,,,,,0,,low_gt
269,270,cloak,974,cloak,weak,r,0.8,,,1,,,,,,,,0,,low_gt
270,271,clock,397,clock,high,f,0.8,0.335,3688,1844,1844,1301,282,1562,543,0.8219,0.7055,1,1.0,ok
271,272,clock_tower,,,high,f,0.8,,,,,,,,,,,0,,unmapped
272,273,clothes_hamper,2389,laundry basket,medium,c,0.8,0.315,62,31,31,25,5,26,6,0.8333,0.8065,1,1.0,ok
273,274,clothespin,981,clothespin,medium,c,0.8,0.355,46,23,23,8,1,22,15,0.8889,0.3478,1,0.8889,ok
274,275,clutch_bag,992,clutch bag,weak,r,0.8,,,1,,,,,,,,0,,low_gt
275,276,coaster,3431,coaster,high,f,0.8,,404,202,202,,,,,,,0,0.7895,unreachable
276,277,coat,995,coat,high,f,0.8,0.385,1492,746,746,13,3,743,733,0.8125,0.0174,1,0.8125,ok
277,278,coat_hanger,,,medium,c,0.8,,,,,,,,,,,0,,unmapped
278,279,coatrack,996,coatrack,medium,c,0.8,,,14,,,,,,,,0,,low_gt
279,280,cock,998,cock,medium,c,0.8,0.37,52,26,26,4,1,25,22,0.8,0.1538,1,0.8,ok
280,281,cockroach,,,weak,r,0.8,,,,,,,,,,,0,,unmapped
281,282,cocoa_(beverage),1007,cocoa,weak,r,0.8,,,2,,,,,,,,0,,low_gt
282,283,coconut,1008,coconut,medium,c,0.8,0.325,50,25,25,24,6,19,1,0.8,0.96,1,0.95,ok
283,284,coffee_maker,1013,coffee machine,high,f,0.8,0.34,476,238,238,137,33,205,101,0.8059,0.5756,1,1.0,ok
284,285,coffee_table,1006,cocktail table,high,f,0.8,0.36,1184,592,592,52,12,580,540,0.8125,0.0878,1,0.8421,ok
285,286,coffeepot,1015,coffeepot,medium,c,0.8,0.335,52,26,26,17,3,23,9,0.85,0.6538,1,1.0,ok
286,287,coil,,,weak,r,0.8,,,,,,,,,,,0,,unmapped
287,288,coin,1019,coin,medium,c,0.8,0.34,84,42,42,21,5,37,21,0.8077,0.5,1,0.8333,ok
288,289,colander,1021,colander,medium,c,0.8,,,13,,,,,,,,0,,low_gt
289,290,coleslaw,1023,slaw,medium,c,0.8,0.345,92,46,46,46,11,35,0,0.807,1.0,1,1.0,ok
290,291,coloring_material,1032,coloring material,weak,r,0.8,,,1,,,,,,,,0,,low_gt
291,292,combination_lock,1036,combination lock,weak,r,0.8,,,8,,,,,,,,0,,low_gt
292,293,pacifier,2892,teething ring,medium,c,0.8,0.325,68,34,34,30,6,28,4,0.8333,0.8824,1,1.0,ok
293,294,comic_book,1043,comic book,weak,r,0.8,,,5,,,,,,,,0,,low_gt
294,295,compass,1051,compass,weak,r,0.8,,,1,,,,,,,,0,,low_gt
295,296,computer_keyboard,1062,keyboard,high,f,0.8,0.325,3742,1871,1871,1781,370,1501,90,0.828,0.9519,1,1.0,ok
296,297,condiment,1072,condiment,high,f,0.8,0.355,1434,717,717,676,145,572,41,0.8234,0.9428,1,1.0,ok
297,298,cone,1076,cone,high,f,0.8,0.395,2020,1010,1010,12,3,1007,998,0.8,0.0119,1,0.8,ok
298,299,control,1096,control,high,f,0.8,0.36,1358,679,679,433,79,600,246,0.8457,0.6377,1,1.0,ok
299,300,convertible_(automobile),1102,convertible,weak,r,0.8,,,3,,,,,,,,0,,low_gt
300,301,sofa_bed,,,weak,r,0.8,,,,,,,,,,,0,,unmapped
301,302,cooker,1107,cooker,weak,r,0.8,,,1,,,,,,,,0,,low_gt
302,303,cookie,450,biscuit,high,f,0.8,0.365,332,166,166,72,16,150,94,0.8182,0.4337,1,1.0,ok
303,304,cooking_utensil,,,weak,r,0.8,,,,,,,,,,,0,,unmapped
304,305,cooler_(for_food),1109,cooler,high,f,0.8,,532,266,266,,,,,,,0,0.5262,unreachable
305,306,cork_(bottle_plug),1118,cork,high,f,0.8,0.355,202,101,101,52,11,90,49,0.8254,0.5149,1,0.9,ok
306,307,corkboard,1119,corkboard,weak,r,0.8,,,6,,,,,,,,0,,low_gt
307,308,corkscrew,528,bottle screw,medium,c,0.8,,,14,,,,,,,,0,,low_gt
308,309,edible_corn,1121,corn,high,f,0.8,0.355,266,133,133,61,15,118,72,0.8026,0.4586,1,0.8824,ok
309,310,cornbread,1123,cornbread,weak,r,0.8,,,2,,,,,,,,0,,low_gt
310,311,cornet,1125,trumpet,medium,c,0.8,,76,38,38,,,,,,,0,0.7778,unreachable
311,312,cornice,1126,cornice,medium,c,0.8,,190,95,95,,,,,,,0,0.6,unreachable
312,313,cornmeal,1127,cornmeal,weak,r,0.8,,,1,,,,,,,,0,,low_gt
313,314,corset,1130,corset,medium,c,0.8,,,12,,,,,,,,0,,low_gt
314,315,costume,1135,costume,medium,c,0.8,0.35,98,49,49,31,6,43,18,0.8378,0.6327,1,1.0,ok
315,316,cougar,787,catamount,weak,r,0.8,,,5,,,,,,,,0,,low_gt
316,317,coverall,1159,coverall,weak,r,0.8,,,5,,,,,,,,0,,low_gt
317,318,cowbell,1161,cowbell,medium,c,0.8,,,16,,,,,,,,0,,low_gt
318,319,cowboy_hat,1164,cowboy hat,high,f,0.8,0.335,432,216,216,146,32,184,70,0.8202,0.6759,1,1.0,ok
319,320,crab_(animal),1165,crab,medium,c,0.8,,,12,,,,,,,,0,,low_gt
320,321,crabmeat,1166,crabmeat,weak,r,0.8,,,1,,,,,,,,0,,low_gt
321,322,cracker,,,medium,c,0.8,,,,,,,,,,,0,,unmapped
322,323,crape,1173,crape,weak,r,0.8,,,5,,,,,,,,0,,low_gt
323,324,crate,1175,crate,high,f,0.8,0.37,490,245,245,20,4,241,225,0.8333,0.0816,1,1.0,ok
324,325,crayon,1178,crayon,medium,c,0.8,,,12,,,,,,,,0,,low_gt
325,326,cream_pitcher,1180,cream pitcher,weak,r,0.8,,,7,,,,,,,,0,,low_gt
326,327,crescent_roll,1185,croissant,medium,c,0.8,0.32,70,35,35,35,8,27,0,0.814,1.0,1,1.0,ok
327,328,crib,,,medium,c,0.8,,,,,,,,,,,0,,unmapped
328,329,crock_pot,1193,crock pot,medium,c,0.8,0.355,64,32,32,17,4,28,15,0.8095,0.5312,1,0.8571,ok
329,330,crossbar,1198,crossbar,high,f,0.8,,2054,1027,1027,,,,,,,0,0.6154,unreachable
330,331,crouton,1202,crouton,weak,r,0.8,,,10,,,,,,,,0,,low_gt
331,332,crow,1203,crow,medium,c,0.8,,,12,,,,,,,,0,,low_gt
332,333,crowbar,1204,crowbar,weak,r,0.8,,,1,,,,,,,,0,,low_gt
333,334,crown,1207,crown,medium,c,0.8,,134,67,67,,,,,,,0,0.7647,unreachable
334,335,crucifix,1209,crucifix,medium,c,0.8,0.32,142,71,71,38,9,62,33,0.8085,0.5352,1,1.0,ok
335,336,cruise_ship,1211,cruise ship,medium,c,0.8,0.305,60,30,30,29,7,23,1,0.8056,0.9667,1,1.0,ok
336,337,police_cruiser,3149,police car,medium,c,0.8,0.3,96,48,48,44,8,40,4,0.8462,0.9167,1,1.0,ok
337,338,crumb,1213,crumb,high,f,0.8,0.37,498,249,249,77,14,235,172,0.8462,0.3092,1,1.0,ok
338,339,crutch,1215,crutch,medium,c,0.8,,,13,,,,,,,,0,,low_gt
339,340,cub_(animal),1217,cub,medium,c,0.8,0.35,58,29,29,27,4,25,2,0.871,0.931,1,1.0,ok
340,341,cube,1218,cube,medium,c,0.8,,,14,,,,,,,,0,,low_gt
341,342,cucumber,1219,cucumber,high,f,0.8,0.345,472,236,236,101,24,212,135,0.808,0.428,1,0.8721,ok
342,343,cufflink,1222,cufflink,medium,c,0.8,,,15,,,,,,,,0,,low_gt
343,344,cup,1225,cup,high,f,0.8,0.365,3042,1521,1521,288,57,1464,1233,0.8348,0.1893,1,1.0,ok
344,345,trophy_cup,4273,trophy cup,medium,c,0.8,0.33,50,25,25,12,2,23,13,0.8571,0.48,1,0.875,ok
345,346,cupboard,977,closet,high,f,0.8,0.33,498,249,249,215,53,196,34,0.8022,0.8635,1,0.9286,ok
346,347,cupcake,1226,cupcake,high,f,0.8,0.33,278,139,139,137,33,106,2,0.8059,0.9856,1,1.0,ok
347,348,hair_curler,1230,hair roller,weak,r,0.8,,,2,,,,,,,,0,,low_gt
348,349,curling_iron,,,weak,r,0.8,,,,,,,,,,,0,,unmapped
349,350,curtain,1234,curtain,high,f,0.8,0.35,3780,1890,1890,931,231,1659,959,0.8012,0.4926,1,1.0,ok
350,351,cushion,,,high,f,0.8,,,,,,,,,,,0,,unmapped
351,352,cylinder,1243,cylinder,weak,r,0.8,,,1,,,,,,,,0,,low_gt
352,353,cymbal,1244,cymbal,weak,r,0.8,,,9,,,,,,,,0,,low_gt
353,354,dagger,1249,dagger,weak,r,0.8,,,1,,,,,,,,0,,low_gt
354,355,dalmatian,758,dalmatian,weak,r,0.8,,,3,,,,,,,,0,,low_gt
355,356,dartboard,1265,dartboard,medium,c,0.8,,,11,,,,,,,,0,,low_gt
356,357,date_(fruit),1267,date,weak,r,0.8,,,4,,,,,,,,0,,low_gt
357,358,deck_chair,352,beach chair,high,f,0.8,0.31,472,236,236,208,52,184,28,0.8,0.8814,1,1.0,ok
358,359,deer,1282,deer,medium,c,0.8,0.335,88,44,44,31,7,37,13,0.8158,0.7045,1,1.0,ok
359,360,dental_floss,1699,floss,medium,c,0.8,,,19,,,,,,,,0,,low_gt
360,361,desk,,,high,f,0.8,,,,,,,,,,,0,,unmapped
361,362,detergent,1308,detergent,weak,r,0.8,,,7,,,,,,,,0,,low_gt
362,363,diaper,1312,diaper,medium,c,0.8,0.335,138,69,69,66,16,53,3,0.8049,0.9565,1,1.0,ok
363,364,diary,1314,journal,weak,r,0.8,,,2,,,,,,,,0,,low_gt
364,365,die,1315,die,weak,r,0.8,,,8,,,,,,,,0,,low_gt
365,366,dinghy,1322,rowboat,weak,r,0.8,,,5,,,,,,,,0,,low_gt
366,367,dining_table,,,high,f,0.8,,,,,,,,,,,0,,unmapped
367,368,tux,,,weak,r,0.8,,,,,,,,,,,0,,unmapped
368,369,dish,,,high,f,0.8,,,,,,,,,,,0,,unmapped
369,370,dish_antenna,1343,dish antenna,medium,c,0.8,,162,81,81,,,,,,,0,0.75,unreachable
370,371,dishrag,1345,dishrag,medium,c,0.8,,,17,,,,,,,,0,,low_gt
371,372,dishtowel,,,high,f,0.8,,,,,,,,,,,0,,unmapped
372,373,dishwasher,,,high,f,0.8,,,,,,,,,,,0,,unmapped
373,374,dishwasher_detergent,1347,dishsoap,weak,r,0.8,,,8,,,,,,,,0,,low_gt
374,375,dispenser,1349,dispenser,high,f,0.8,0.345,542,271,271,227,56,215,44,0.8021,0.8376,1,1.0,ok
375,376,diving_board,1355,diving board,weak,r,0.8,,,2,,,,,,,,0,,low_gt
376,377,Dixie_cup,1356,paper cup,high,f,0.8,0.33,206,103,103,42,10,93,61,0.8077,0.4078,1,1.0,ok
377,378,dog,1363,dog,high,f,0.8,0.335,3876,1938,1938,1592,326,1612,346,0.83,0.8215,1,1.0,ok
378,379,dog_collar,1366,dog collar,high,f,0.8,0.31,1148,574,574,518,124,450,56,0.8069,0.9024,1,1.0,ok
379,380,doll,1369,doll,high,f,0.8,0.335,240,120,120,107,26,94,13,0.8045,0.8917,1,1.0,ok
380,381,dollar,1370,dollar,weak,r,0.8,,,2,,,,,,,,0,,low_gt
381,382,dollhouse,1371,dollhouse,weak,r,0.8,,,2,,,,,,,,0,,low_gt
382,383,dolphin,1373,dolphin,medium,c,0.8,,,13,,,,,,,,0,,low_gt
383,384,domestic_ass,1377,donkey,medium,c,0.8,0.325,58,29,29,25,5,24,4,0.8333,0.8621,1,1.0,ok
384,385,doorknob,,,high,f,0.8,,,,,,,,,,,0,,unmapped
385,386,doormat,1382,doormat,medium,c,0.8,0.345,132,66,66,28,7,59,38,0.8,0.4242,1,0.8929,ok
386,387,doughnut,1378,donut,high,f,0.8,0.325,2016,1008,1008,987,232,776,21,0.8097,0.9792,1,1.0,ok
387,388,dove,,,weak,r,0.8,,,,,,,,,,,0,,unmapped
388,389,dragonfly,1391,dragonfly,weak,r,0.8,,,3,,,,,,,,0,,low_gt
389,390,drawer,1396,drawer,high,f,0.8,0.35,3884,1942,1942,1179,279,1663,763,0.8086,0.6071,1,1.0,ok
390,391,underdrawers,546,underdrawers,medium,c,0.8,,,19,,,,,,,,0,,low_gt
391,392,dress,1400,dress,high,f,0.8,0.345,2976,1488,1488,622,140,1348,866,0.8163,0.418,1,1.0,ok
392,393,dress_hat,1401,dress hat,medium,c,0.8,0.325,92,46,46,25,6,40,21,0.8065,0.5435,1,1.0,ok
393,394,dress_suit,1404,dress suit,high,f,0.8,0.325,212,106,106,58,12,94,48,0.8286,0.5472,1,0.9091,ok
394,395,dresser,1405,dresser,high,f,0.8,0.33,230,115,115,90,21,94,25,0.8108,0.7826,1,1.0,ok
395,396,drill,1410,drill,medium,c,0.8,,,19,,,,,,,,0,,low_gt
396,397,drone,1416,drone,weak,r,0.8,,,2,,,,,,,,0,,low_gt
397,398,dropper,1419,dropper,weak,r,0.8,,,1,,,,,,,,0,,low_gt
398,399,drum_(musical_instrument),1423,drum,medium,c,0.8,0.36,56,28,28,9,2,26,19,0.8182,0.3214,1,1.0,ok
399,400,drumstick,1425,drumstick,weak,r,0.8,,,9,,,,,,,,0,,low_gt
400,401,duck,1428,duck,high,f,0.8,0.345,384,192,192,138,34,158,54,0.8023,0.7188,1,1.0,ok
401,402,duckling,1430,duckling,medium,c,0.8,,,12,,,,,,,,0,,low_gt
402,403,duct_tape,1431,duct tape,medium,c,0.8,0.35,42,21,21,9,2,19,12,0.8182,0.4286,1,0.8571,ok
403,404,duffel_bag,1434,duffel,high,f,0.8,0.37,494,247,247,8,2,245,239,0.8,0.0324,1,0.8,ok
404,405,dumbbell,1436,dumbbell,weak,r,0.8,,,6,,,,,,,,0,,low_gt
405,406,dumpster,,,medium,c,0.8,,,,,,,,,,,0,,unmapped
406,407,dustpan,1444,dustpan,weak,r,0.8,,,7,,,,,,,,0,,low_gt
407,408,eagle,1448,eagle,medium,c,0.8,0.33,80,40,40,27,5,35,13,0.8438,0.675,1,1.0,ok
408,409,earphone,1451,earphone,high,f,0.8,0.375,1084,542,542,91,20,522,451,0.8198,0.1679,1,0.8198,ok
409,410,earplug,1452,earplug,weak,r,0.8,,,2,,,,,,,,0,,low_gt
410,411,earring,1453,earring,high,f,0.8,0.405,3796,1898,1898,5,1,1897,1893,0.8333,0.0026,1,0.8333,ok
411,412,easel,1455,easel,medium,c,0.8,0.355,72,36,36,11,1,35,25,0.9167,0.3056,1,1.0,ok
412,413,eclair,1461,eclair,weak,r,0.8,,,4,,,,,,,,0,,low_gt
413,414,eel,1467,eel,weak,r,0.8,,,1,,,,,,,,0,,low_gt
414,415,egg,1468,egg,high,f,0.8,0.355,382,191,191,80,20,171,111,0.8,0.4188,1,0.913,ok
415,416,egg_roll,1469,egg roll,weak,r,0.8,,,6,,,,,,,,0,,low_gt
416,417,egg_yolk,4573,yolk,medium,c,0.8,0.355,82,41,41,37,9,32,4,0.8043,0.9024,1,0.9,ok
417,418,eggbeater,1471,eggbeater,medium,c,0.8,,78,39,39,,,,,,,0,0.5849,unreachable
418,419,eggplant,175,eggplant,medium,c,0.8,0.35,92,46,46,29,5,41,17,0.8529,0.6304,1,0.8889,ok
419,420,electric_chair,1476,electric chair,weak,r,0.8,,,1,,,,,,,,0,,low_gt
420,421,refrigerator,,,high,f,0.8,,,,,,,,,,,0,,unmapped
421,422,elephant,1482,elephant,high,f,0.8,0.32,3756,1878,1878,1838,449,1429,40,0.8037,0.9787,1,1.0,ok
422,423,elk,2686,moose,medium,c,0.8,,,11,,,,,,,,0,,low_gt
423,424,envelope,1519,envelope,medium,c,0.8,0.335,164,82,82,40,8,74,42,0.8333,0.4878,1,1.0,ok
424,425,eraser,1522,eraser,medium,c,0.8,,,18,,,,,,,,0,,low_gt
425,426,escargot,1526,escargot,weak,r,0.8,,,1,,,,,,,,0,,low_gt
426,427,eyepatch,,,weak,r,0.8,,,,,,,,,,,0,,unmapped
427,428,falcon,1568,falcon,weak,r,0.8,,,3,,,,,,,,0,,low_gt
428,429,fan,1574,fan,high,f,0.8,,1150,575,575,,,,,,,0,0.75,unreachable
429,430,faucet,1591,faucet,high,f,0.8,0.33,3814,1907,1907,1708,410,1497,199,0.8064,0.8956,1,1.0,ok
430,431,fedora,1598,fedora,weak,r,0.8,,,8,,,,,,,,0,,low_gt
431,432,ferret,1608,ferret,weak,r,0.8,,,4,,,,,,,,0,,low_gt
432,433,Ferris_wheel,1609,ferris wheel,medium,c,0.8,0.305,64,32,32,28,7,25,4,0.8,0.875,1,1.0,ok
433,434,ferry,1610,ferry,medium,c,0.8,,,11,,,,,,,,0,,low_gt
434,435,fig_(fruit),1618,fig,weak,r,0.8,,,4,,,,,,,,0,,low_gt
435,436,fighter_jet,171,fighter jet,medium,c,0.8,0.295,108,54,54,54,13,41,0,0.806,1.0,1,1.0,ok
436,437,figurine,1621,figurine,high,f,0.8,0.35,404,202,202,85,17,185,117,0.8333,0.4208,1,1.0,ok
437,438,file_cabinet,1624,file cabinet,medium,c,0.8,0.32,64,32,32,29,7,25,3,0.8056,0.9062,1,1.0,ok
438,439,file_(tool),1622,file,weak,r,0.8,,,3,,,,,,,,0,,low_gt
439,440,fire_alarm,1639,fire alarm,high,f,0.8,,260,130,130,,,,,,,0,0.6615,unreachable
440,441,fire_engine,1641,fire truck,high,f,0.8,0.295,238,119,119,119,27,92,0,0.8151,1.0,1,1.0,ok
441,442,fire_extinguisher,1547,extinguisher,high,f,0.8,,282,141,141,,,,,,,0,0.7333,unreachable
442,443,fire_hose,1643,fire hose,medium,c,0.8,0.32,58,29,29,29,6,23,0,0.8286,1.0,1,1.0,ok
443,444,fireplace,1648,fireplace,high,f,0.8,0.315,1050,525,525,502,125,400,23,0.8006,0.9562,1,1.0,ok
444,445,fireplug,2176,hydrant,high,f,0.8,0.325,2646,1323,1323,1223,272,1051,100,0.8181,0.9244,1,1.0,ok
445,446,first-aid_kit,1651,first-aid kit,weak,r,0.8,,,2,,,,,,,,0,,low_gt
446,447,fish,,,high,f,0.8,,,,,,,,,,,0,,unmapped
447,448,fish_(food),,,medium,c,0.8,,,,,,,,,,,0,,unmapped
448,449,fishbowl,1656,fishbowl,weak,r,0.8,,,7,,,,,,,,0,,low_gt
449,450,fishing_rod,1661,fishing pole,medium,c,0.8,0.325,70,35,35,33,7,28,2,0.825,0.9429,1,0.96,ok
450,451,flag,1668,flag,high,f,0.8,0.35,3816,1908,1908,324,78,1830,1584,0.806,0.1698,1,0.9545,ok
451,452,flagpole,,,high,f,0.8,,,,,,,,,,,0,,unmapped
452,453,flamingo,1672,flamingo,medium,c,0.8,,,18,,,,,,,,0,,low_gt
453,454,flannel,1673,flannel,medium,c,0.8,,,14,,,,,,,,0,,low_gt
454,455,flap,1674,flap,medium,c,0.8,,154,77,77,,,,,,,0,0.75,unreachable
455,456,flash,1676,flash,weak,r,0.8,,,8,,,,,,,,0,,low_gt
456,457,flashlight,4195,torch,medium,c,0.8,0.36,74,37,37,5,1,36,32,0.8333,0.1351,1,0.8333,ok
457,458,fleece,,,weak,r,0.8,,,,,,,,,,,0,,unmapped
458,459,flip-flop_(sandal),1687,flip-flop,high,f,0.8,0.38,692,346,346,8,2,344,338,0.8,0.0231,1,1.0,ok
459,460,flipper_(footwear),1633,fin,medium,c,0.8,,,19,,,,,,,,0,,low_gt
460,461,flower_arrangement,1697,floral arrangement,high,f,0.8,0.285,3558,1779,1779,1397,329,1450,382,0.8094,0.7853,1,1.0,ok
461,462,flute_glass,830,champagne flute,medium,c,0.8,0.31,46,23,23,20,4,19,3,0.8333,0.8696,1,1.0,ok
462,463,foal,,,medium,c,0.8,,,,,,,,,,,0,,unmapped
463,464,folding_chair,1721,folding chair,medium,c,0.8,0.35,134,67,67,6,1,66,61,0.8571,0.0896,1,0.8571,ok
464,465,food_processor,1732,food processor,medium,c,0.8,,,19,,,,,,,,0,,low_gt
465,466,football_(American),1738,football,medium,c,0.8,0.335,56,28,28,18,3,25,10,0.8571,0.6429,1,1.0,ok
466,467,football_helmet,1744,football helmet,weak,r,0.8,,,4,,,,,,,,0,,low_gt
467,468,footstool,1750,footrest,medium,c,0.8,,54,27,27,,,,,,,0,0.5625,unreachable
468,469,fork,1762,fork,high,f,0.8,0.35,3722,1861,1861,1424,346,1515,437,0.8045,0.7652,1,0.907,ok
469,470,forklift,1763,forklift,medium,c,0.8,,,11,,,,,,,,0,,low_gt
470,471,freight_car,,,medium,c,0.8,,,,,,,,,,,0,,unmapped
471,472,French_toast,1783,French toast,medium,c,0.8,,,13,,,,,,,,0,,low_gt
472,473,freshener,1784,freshener,medium,c,0.8,0.35,64,32,32,23,5,27,9,0.8214,0.7188,1,1.0,ok
473,474,frisbee,1790,frisbee,high,f,0.8,0.345,3532,1766,1766,1682,374,1392,84,0.8181,0.9524,1,1.0,ok
474,475,frog,1791,frog,medium,c,0.8,0.34,84,42,42,21,5,37,21,0.8077,0.5,1,1.0,ok
475,476,fruit_juice,,,medium,c,0.8,,,,,,,,,,,0,,unmapped
476,477,frying_pan,1805,frying pan,high,f,0.8,0.35,256,128,128,119,24,104,9,0.8322,0.9297,1,1.0,ok
477,478,fudge,1806,fudge,weak,r,0.8,,,1,,,,,,,,0,,low_gt
478,479,funnel,1812,funnel,weak,r,0.8,,,9,,,,,,,,0,,low_gt
479,480,futon,1816,futon,weak,r,0.8,,,10,,,,,,,,0,,low_gt
480,481,gag,1818,muzzle,weak,r,0.8,,,4,,,,,,,,0,,low_gt
481,482,garbage,1829,garbage,weak,r,0.8,,,9,,,,,,,,0,,low_gt
482,483,garbage_truck,1443,garbage truck,medium,c,0.8,,,18,,,,,,,,0,,low_gt
483,484,garden_hose,1832,garden hose,medium,c,0.8,0.315,82,41,41,33,8,33,8,0.8049,0.8049,1,1.0,ok
484,485,gargle,2733,mouthwash,medium,c,0.8,0.35,56,28,28,27,6,22,1,0.8182,0.9643,1,1.0,ok
485,486,gargoyle,1837,gargoyle,weak,r,0.8,,,3,,,,,,,,0,,low_gt
486,487,garlic,1839,garlic,medium,c,0.8,0.345,130,65,65,55,13,52,10,0.8088,0.8462,1,1.0,ok
487,488,gasmask,1844,gasmask,weak,r,0.8,,,9,,,,,,,,0,,low_gt
488,489,gazelle,,,medium,c,0.8,,,,,,,,,,,0,,unmapped
489,490,gelatin,2270,jelly,medium,c,0.8,0.35,48,24,24,18,4,20,6,0.8182,0.75,1,0.9286,ok
490,491,gemstone,,,weak,r,0.8,,,,,,,,,,,0,,unmapped
491,492,generator,1854,generator,weak,r,0.8,,,2,,,,,,,,0,,low_gt
492,493,giant_panda,2911,panda,medium,c,0.8,0.335,118,59,59,40,7,52,19,0.8511,0.678,1,1.0,ok
493,494,gift_wrap,1863,gift wrap,medium,c,0.8,0.335,96,48,48,36,7,41,12,0.8372,0.75,1,1.0,ok
494,495,ginger,1866,ginger,medium,c,0.8,,,17,,,,,,,,0,,low_gt
495,496,giraffe,1870,giraffe,high,f,0.8,0.315,3754,1877,1877,1862,382,1495,15,0.8298,0.992,1,1.0,ok
496,497,cincture,926,waistband,medium,c,0.8,,,18,,,,,,,,0,,low_gt
497,498,glass_(drink_container),,,high,f,0.8,,,,,,,,,,,0,,unmapped
498,499,globe,,,medium,c,0.8,,,,,,,,,,,0,,unmapped
499,500,glove,1893,glove,high,f,0.8,,3780,1890,1890,,,,,,,0,0.6573,unreachable
500,501,goat,1900,goat,medium,c,0.8,0.335,198,99,99,89,20,79,10,0.8165,0.899,1,1.0,ok
501,502,goggles,1903,goggles,high,f,0.8,,3060,1530,1530,,,,,,,0,0.6866,unreachable
502,503,goldfish,1908,goldfish,weak,r,0.8,,,3,,,,,,,,0,,low_gt
503,504,golf_club,1912,golf club,medium,c,0.8,,,11,,,,,,,,0,,low_gt
504,505,golfcart,,,medium,c,0.8,,,,,,,,,,,0,,unmapped
505,506,gondola_(boat),,,weak,r,0.8,,,,,,,,,,,0,,unmapped
506,507,goose,1915,goose,medium,c,0.8,0.345,126,63,63,48,11,52,15,0.8136,0.7619,1,1.0,ok
507,508,gorilla,1916,gorilla,weak,r,0.8,,,5,,,,,,,,0,,low_gt
508,509,gourd,1918,gourd,weak,r,0.8,,,6,,,,,,,,0,,low_gt
509,510,grape,1932,grape,high,f,0.8,0.335,466,233,233,118,27,206,115,0.8138,0.5064,1,1.0,ok
510,511,grater,1939,grater,medium,c,0.8,,108,54,54,,,,,,,0,0.5169,unreachable
511,512,gravestone,1942,gravestone,medium,c,0.8,0.305,72,36,36,31,6,30,5,0.8378,0.8611,1,1.0,ok
512,513,gravy_boat,1944,gravy boat,weak,r,0.8,,,10,,,,,,,,0,,low_gt
513,514,green_bean,,,high,f,0.8,,,,,,,,,,,0,,unmapped
514,515,green_onion,,,high,f,0.8,,,,,,,,,,,0,,unmapped
515,516,griddle,1955,griddle,weak,r,0.8,,,3,,,,,,,,0,,low_gt
516,517,grill,1956,grill,high,f,0.8,0.39,726,363,363,8,2,361,355,0.8,0.022,1,0.8889,ok
517,518,grits,1961,grits,weak,r,0.8,,,3,,,,,,,,0,,low_gt
518,519,grizzly,,,medium,c,0.8,,,,,,,,,,,0,,unmapped
519,520,grocery_bag,1962,grocery bag,medium,c,0.8,,,18,,,,,,,,0,,low_gt
520,521,guitar,1976,guitar,high,f,0.8,0.33,398,199,199,123,23,176,76,0.8425,0.6181,1,1.0,ok
521,522,gull,1979,gull,medium,c,0.8,0.33,194,97,97,90,22,75,7,0.8036,0.9278,1,1.0,ok
522,523,gun,1980,gun,medium,c,0.8,,64,32,32,,,,,,,0,0.7143,unreachable
523,524,hairbrush,1992,hairbrush,high,f,0.8,0.33,242,121,121,91,18,103,30,0.8349,0.7521,1,1.0,ok
524,525,hairnet,1995,hairnet,medium,c,0.8,,,16,,,,,,,,0,,low_gt
525,526,hairpin,1996,hairpin,medium,c,0.8,,,12,,,,,,,,0,,low_gt
526,527,halter_top,2003,halter top,weak,r,0.8,,,2,,,,,,,,0,,low_gt
527,528,ham,1824,ham,high,f,0.8,0.355,428,214,214,196,46,168,18,0.8099,0.9159,1,1.0,ok
528,529,hamburger,2005,hamburger,medium,c,0.8,0.345,96,48,48,44,11,37,4,0.8,0.9167,1,1.0,ok
529,530,hammer,2007,hammer,medium,c,0.8,,52,26,26,,,,,,,0,0.7778,unreachable
530,531,hammock,2008,hammock,medium,c,0.8,,,13,,,,,,,,0,,low_gt
531,532,hamper,2009,hamper,weak,r,0.8,,,4,,,,,,,,0,,low_gt
532,533,hamster,2010,hamster,medium,c,0.8,,,11,,,,,,,,0,,low_gt
533,534,hair_dryer,,,high,f,0.8,,,,,,,,,,,0,,unmapped
534,535,hand_glass,2012,hand glass,weak,r,0.8,,,7,,,,,,,,0,,low_gt
535,536,hand_towel,2013,hand towel,high,f,0.8,0.345,400,200,200,56,14,186,144,0.8,0.28,1,0.9333,ok
536,537,handcart,293,handcart,medium,c,0.8,0.355,182,91,91,61,14,77,30,0.8133,0.6703,1,1.0,ok
537,538,handcuff,2016,handcuff,weak,r,0.8,,,9,,,,,,,,0,,low_gt
538,539,handkerchief,2018,handkerchief,medium,c,0.8,,144,72,72,,,,,,,0,0.6296,unreachable
539,540,handle,2019,handle,high,f,0.8,,3772,1886,1886,,,,,,,0,0.6667,unreachable
540,541,handsaw,2020,handsaw,weak,r,0.8,,,4,,,,,,,,0,,low_gt
541,542,hardback_book,2032,hardback book,weak,r,0.8,,,1,,,,,,,,0,,low_gt
542,543,harmonium,,,weak,r,0.8,,,,,,,,,,,0,,unmapped
543,544,hat,2044,hat,high,f,0.8,0.375,3864,1932,1932,134,22,1910,1798,0.859,0.0694,1,1.0,ok
544,545,hatbox,2045,hatbox,weak,r,0.8,,,4,,,,,,,,0,,low_gt
545,546,veil,4342,veil,medium,c,0.8,0.355,112,56,56,39,8,48,17,0.8298,0.6964,1,1.0,ok
546,547,headband,,,high,f,0.8,,,,,,,,,,,0,,unmapped
547,548,headboard,2054,headboard,high,f,0.8,0.33,1510,755,755,716,155,600,39,0.822,0.9483,1,1.0,ok
548,549,headlight,2053,headlight,high,f,0.8,0.375,3686,1843,1843,176,42,1801,1667,0.8073,0.0955,1,1.0,ok
549,550,headscarf,258,headscarf,medium,c,0.8,,192,96,96,,,,,,,0,0.5918,unreachable
550,551,headset,,,weak,r,0.8,,,,,,,,,,,0,,unmapped
551,552,headstall_(for_horses),,,medium,c,0.8,,,,,,,,,,,0,,unmapped
552,553,heart,2059,heart,medium,c,0.8,0.35,132,66,66,20,5,61,46,0.8,0.303,1,0.8667,ok
553,554,heater,2062,heater,medium,c,0.8,,114,57,57,,,,,,,0,0.7111,unreachable
554,555,helicopter,2067,helicopter,medium,c,0.8,0.335,88,44,44,37,7,37,7,0.8409,0.8409,1,1.0,ok
555,556,helmet,2069,helmet,high,f,0.8,0.36,3810,1905,1905,649,150,1755,1256,0.8123,0.3407,1,0.9348,ok
556,557,heron,2077,heron,weak,r,0.8,,,4,,,,,,,,0,,low_gt
557,558,highchair,1602,feeding chair,medium,c,0.8,0.335,180,90,90,77,18,72,13,0.8105,0.8556,1,1.0,ok
558,559,hinge,2094,hinge,high,f,0.8,0.39,3270,1635,1635,4,1,1634,1631,0.8,0.0024,1,0.8,ok
559,560,hippopotamus,,,weak,r,0.8,,,,,,,,,,,0,,unmapped
560,561,hockey_stick,2105,hockey stick,weak,r,0.8,,,5,,,,,,,,0,,low_gt
561,562,hog,486,pig,medium,c,0.8,0.36,100,50,50,12,3,47,38,0.8,0.24,1,0.8182,ok
562,563,home_plate_(baseball),2113,home base,high,f,0.8,0.35,1090,545,545,515,119,426,30,0.8123,0.945,1,0.9155,ok
563,564,honey,2120,honey,medium,c,0.8,,,20,,,,,,,,0,,low_gt
564,565,fume_hood,1808,fume hood,high,f,0.8,,386,193,193,,,,,,,0,0.5013,unreachable
565,566,hook,2125,hook,high,f,0.8,0.38,570,285,285,6,0,285,279,1.0,0.0211,1,1.0,ok
566,567,hookah,4421,water pipe,weak,r,0.8,,,3,,,,,,,,0,,low_gt
567,568,hornet,2130,hornet,weak,r,0.8,,,1,,,,,,,,0,,low_gt
568,569,horse,1715,horse,high,f,0.8,0.325,3808,1904,1904,1745,346,1558,159,0.8345,0.9165,1,1.0,ok
569,570,hose,2139,hose,high,f,0.8,0.385,588,294,294,21,4,290,273,0.84,0.0714,1,1.0,ok
570,571,hot-air_balloon,2146,hot air balloon,weak,r,0.8,,,3,,,,,,,,0,,low_gt
571,572,hotplate,2153,hotplate,weak,r,0.8,,,5,,,,,,,,0,,low_gt
572,573,hot_sauce,2148,hot sauce,medium,c,0.8,0.335,48,24,24,23,5,19,1,0.8214,0.9583,1,1.0,ok
573,574,hourglass,2154,hourglass,weak,r,0.8,,,2,,,,,,,,0,,low_gt
574,575,houseboat,,,weak,r,0.8,,,,,,,,,,,0,,unmapped
575,576,hummingbird,2165,hummingbird,medium,c,0.8,,,16,,,,,,,,0,,low_gt
576,577,hummus,2119,hummus,weak,r,0.8,,,8,,,,,,,,0,,low_gt
577,578,polar_bear,2180,polar bear,high,f,0.8,0.31,308,154,154,153,32,122,1,0.827,0.9935,1,1.0,ok
578,579,icecream,2182,icecream,medium,c,0.8,0.35,132,66,66,57,13,53,9,0.8143,0.8636,1,1.0,ok
579,580,popsicle,,,weak,r,0.8,,,,,,,,,,,0,,unmapped
580,581,ice_maker,2190,ice maker,medium,c,0.8,,48,24,24,,,,,,,0,0.7143,unreachable
581,582,ice_pack,2179,ice bag,weak,r,0.8,,,1,,,,,,,,0,,low_gt
582,583,ice_skate,,,weak,r,0.8,,,,,,,,,,,0,,unmapped
583,584,igniter,,,medium,c,0.8,,,,,,,,,,,0,,unmapped
584,585,inhaler,2222,inhalator,weak,r,0.8,,,6,,,,,,,,0,,low_gt
585,586,iPod,2242,ipod,high,f,0.8,0.36,252,126,126,108,21,105,18,0.8372,0.8571,1,1.0,ok
586,587,iron_(for_clothing),2244,iron,medium,c,0.8,,48,24,24,,,,,,,0,0.625,unreachable
587,588,ironing_board,2245,ironing board,medium,c,0.8,0.315,44,22,22,22,5,17,0,0.8148,1.0,1,0.9474,ok
588,589,jacket,2255,jacket,high,f,0.8,0.39,3744,1872,1872,12,1,1871,1860,0.9231,0.0064,1,1.0,ok
589,590,jam,2260,jam,medium,c,0.8,,,16,,,,,,,,0,,low_gt
590,591,jar,711,jar,high,f,0.8,0.36,846,423,423,228,57,366,195,0.8,0.539,1,1.0,ok
591,592,jean,2268,jeans,high,f,0.8,0.355,3854,1927,1927,455,107,1820,1472,0.8096,0.2361,1,1.0,ok
592,593,jeep,2269,jeep,medium,c,0.8,0.335,76,38,38,20,5,33,18,0.8,0.5263,1,0.8182,ok
593,594,jelly_bean,2271,jelly bean,weak,r,0.8,,,3,,,,,,,,0,,low_gt
594,595,jersey,4051,t-shirt,high,f,0.8,0.4,3890,1945,1945,8,2,1943,1937,0.8,0.0041,1,0.8333,ok
595,596,jet_plane,,,medium,c,0.8,,,,,,,,,,,0,,unmapped
596,597,jewel,2275,jewel,weak,r,0.8,,,1,,,,,,,,0,,low_gt
597,598,jewelry,2276,jewellery,medium,c,0.8,,,13,,,,,,,,0,,low_gt
598,599,joystick,2285,joystick,weak,r,0.8,,,9,,,,,,,,0,,low_gt
599,600,jumpsuit,2293,jumpsuit,medium,c,0.8,,,14,,,,,,,,0,,low_gt
600,601,kayak,2303,kayak,medium,c,0.8,0.32,74,37,37,36,9,28,1,0.8,0.973,1,1.0,ok
601,602,keg,,,weak,r,0.8,,,,,,,,,,,0,,unmapped
602,603,kennel,,,weak,r,0.8,,,,,,,,,,,0,,unmapped
603,604,kettle,502,boiler,medium,c,0.8,0.335,200,100,100,66,16,84,34,0.8049,0.66,1,0.8451,ok
604,605,key,2305,key,high,f,0.8,0.365,390,195,195,56,11,184,139,0.8358,0.2872,1,0.8358,ok
605,606,keycard,2306,keycard,weak,r,0.8,,,1,,,,,,,,0,,low_gt
606,607,kilt,2309,kilt,medium,c,0.8,,,12,,,,,,,,0,,low_gt
607,608,kimono,2310,kimono,medium,c,0.8,0.31,48,24,24,24,5,19,0,0.8276,1.0,1,1.0,ok
608,609,kitchen_sink,2323,kitchen sink,high,f,0.8,0.32,978,489,489,481,118,371,8,0.803,0.9836,1,0.9704,ok
609,610,kitchen_table,2324,kitchen table,weak,r,0.8,,,10,,,,,,,,0,,low_gt
610,611,kite,2328,kite,high,f,0.8,0.335,3378,1689,1689,1674,379,1310,15,0.8154,0.9911,1,1.0,ok
611,612,kitten,,,medium,c,0.8,,,,,,,,,,,0,,unmapped
612,613,kiwi_fruit,,,medium,c,0.8,,,,,,,,,,,0,,unmapped
613,614,knee_pad,2330,knee pad,high,f,0.8,0.385,1788,894,894,94,19,875,800,0.8319,0.1051,1,1.0,ok
614,615,knife,2332,knife,high,f,0.8,0.38,3736,1868,1868,52,13,1855,1816,0.8,0.0278,1,0.9583,ok
615,616,knitting_needle,2335,knitting needle,weak,r,0.8,,,7,,,,,,,,0,,low_gt
616,617,knob,2336,knob,high,f,0.8,,3134,1567,1567,,,,,,,0,0.6867,unreachable
617,618,knocker_(on_a_door),2337,knocker,weak,r,0.8,,,10,,,,,,,,0,,low_gt
618,619,koala,2339,koala,weak,r,0.8,,,8,,,,,,,,0,,low_gt
619,620,lab_coat,2343,lab coat,weak,r,0.8,,,7,,,,,,,,0,,low_gt
620,621,ladder,2349,ladder,high,f,0.8,0.385,1258,629,629,11,2,627,618,0.8462,0.0175,1,0.875,ok
621,622,ladle,2350,ladle,medium,c,0.8,0.35,178,89,89,66,16,73,23,0.8049,0.7416,1,0.9091,ok
622,623,ladybug,,,medium,c,0.8,,,,,,,,,,,0,,unmapped
623,624,lamb_(animal),2357,lamb,high,f,0.8,0.325,268,134,134,132,32,102,2,0.8049,0.9851,1,1.0,ok
624,625,lamb-chop,2358,lamb chop,weak,r,0.8,,,4,,,,,,,,0,,low_gt
625,626,lamp,617,lamp,high,f,0.8,0.365,3604,1802,1802,357,87,1715,1445,0.8041,0.1981,1,1.0,ok
626,627,lamppost,,,high,f,0.8,,,,,,,,,,,0,,unmapped
627,628,lampshade,,,high,f,0.8,,,,,,,,,,,0,,unmapped
628,629,lantern,2371,lantern,medium,c,0.8,0.345,96,48,48,14,2,46,34,0.875,0.2917,1,1.0,ok
629,630,lanyard,2370,lanyard,high,f,0.8,0.375,836,418,418,75,17,401,343,0.8152,0.1794,1,1.0,ok
630,631,laptop_computer,,,high,f,0.8,,,,,,,,,,,0,,unmapped
631,632,lasagna,2376,lasagne,weak,r,0.8,,,5,,,,,,,,0,,low_gt
632,633,latch,2380,latch,high,f,0.8,0.37,442,221,221,36,9,212,185,0.8,0.1629,1,0.8519,ok
633,634,lawn_mower,,,weak,r,0.8,,,,,,,,,,,0,,unmapped
634,635,leather,2405,leather,weak,r,0.8,,,7,,,,,,,,0,,low_gt
635,636,legging_(clothing),2415,legging,medium,c,0.8,,152,76,76,,,,,,,0,0.5588,unreachable
636,637,Lego,2417,lego,medium,c,0.8,0.335,44,22,22,18,4,18,4,0.8182,0.8182,1,1.0,ok
637,638,legume,2418,legume,weak,r,0.8,,,10,,,,,,,,0,,low_gt
638,639,lemon,2419,lemon,high,f,0.8,0.36,682,341,341,121,21,320,220,0.8521,0.3548,1,1.0,ok
639,640,lemonade,2421,lemonade,weak,r,0.8,,,1,,,,,,,,0,,low_gt
640,641,lettuce,2435,lettuce,high,f,0.8,0.34,1410,705,705,637,129,576,68,0.8316,0.9035,1,1.0,ok
641,642,license_plate,2439,license plate,high,f,0.8,0.33,3800,1900,1900,773,181,1719,1127,0.8103,0.4068,1,1.0,ok
642,643,life_buoy,2444,life belt,high,f,0.8,,376,188,188,,,,,,,0,0.5,unreachable
643,644,life_jacket,2445,life jacket,high,f,0.8,,454,227,227,,,,,,,0,0.577,unreachable
644,645,lightbulb,,,high,f,0.8,,,,,,,,,,,0,,unmapped
645,646,lightning_rod,2454,lightning rod,weak,r,0.8,,,6,,,,,,,,0,,low_gt
646,647,lime,2458,lime,high,f,0.8,0.36,230,115,115,49,11,104,66,0.8167,0.4261,1,1.0,ok
647,648,limousine,,,weak,r,0.8,,,,,,,,,,,0,,unmapped
648,649,lion,2466,lion,medium,c,0.8,0.33,86,43,43,22,5,38,21,0.8148,0.5116,1,0.9167,ok
649,650,lip_balm,2467,lip balm,medium,c,0.8,,,14,,,,,,,,0,,low_gt
650,651,liquor,1116,liquor,weak,r,0.8,,,6,,,,,,,,0,,low_gt
651,652,lizard,2477,lizard,medium,c,0.8,,,15,,,,,,,,0,,low_gt
652,653,log,2487,log,high,f,0.8,0.38,2334,1167,1167,34,8,1159,1133,0.8095,0.0291,1,0.9231,ok
653,654,lollipop,2189,lollipop,medium,c,0.8,,,15,,,,,,,,0,,low_gt
654,655,speaker_(stero_equipment),3803,speaker,high,f,0.8,0.335,1988,994,994,757,172,822,237,0.8149,0.7616,1,1.0,ok
655,656,loveseat,2499,loveseat,medium,c,0.8,0.345,56,28,28,25,4,24,3,0.8621,0.8929,1,0.9333,ok
656,657,machine_gun,2515,machine gun,weak,r,0.8,,,2,,,,,,,,0,,low_gt
657,658,magazine,2516,magazine,high,f,0.8,0.35,676,338,338,94,23,315,244,0.8034,0.2781,1,1.0,ok
658,659,magnet,2519,magnet,high,f,0.8,0.36,668,334,334,142,23,311,192,0.8606,0.4251,1,0.9412,ok
659,660,mail_slot,2527,mail slot,medium,c,0.8,,,15,,,,,,,,0,,low_gt
660,661,mailbox_(at_home),,,high,f,0.8,,,,,,,,,,,0,,unmapped
661,662,mallard,2532,mallard,weak,r,0.8,,,1,,,,,,,,0,,low_gt
662,663,mallet,2534,mallet,weak,r,0.8,,,8,,,,,,,,0,,low_gt
663,664,mammoth,2536,mammoth,weak,r,0.8,,,1,,,,,,,,0,,low_gt
664,665,manatee,2540,manatee,weak,r,0.8,,,1,,,,,,,,0,,low_gt
665,666,mandarin_orange,2542,mandarin orange,medium,c,0.8,0.345,56,28,28,22,4,24,6,0.8462,0.7857,1,1.0,ok
666,667,manger,2546,manger,medium,c,0.8,,182,91,91,,,,,,,0,0.6429,unreachable
667,668,manhole,2551,manhole,high,f,0.8,0.34,520,260,260,186,41,219,74,0.8194,0.7154,1,1.0,ok
668,669,map,2562,map,high,f,0.8,0.33,262,131,131,72,17,114,59,0.809,0.5496,1,1.0,ok
669,670,marker,,,high,f,0.8,,,,,,,,,,,0,,unmapped
670,671,martini,2585,martini,weak,r,0.8,,,3,,,,,,,,0,,low_gt
671,672,mascot,2588,mascot,weak,r,0.8,,,10,,,,,,,,0,,low_gt
672,673,mashed_potato,2589,mashed potato,medium,c,0.8,0.32,78,39,39,38,8,31,1,0.8261,0.9744,1,0.9286,ok
673,674,masher,2590,masher,weak,r,0.8,,,2,,,,,,,,0,,low_gt
674,675,mask,2591,mask,high,f,0.8,,1850,925,925,,,,,,,0,0.7054,unreachable
675,676,mast,2593,mast,high,f,0.8,0.345,708,354,354,265,53,301,89,0.8333,0.7486,1,1.0,ok
676,677,mat_(gym_equipment),2594,mat,medium,c,0.8,0.365,62,31,31,17,4,27,14,0.8095,0.5484,1,0.8333,ok
677,678,matchbox,2597,matchbox,weak,r,0.8,,,10,,,,,,,,0,,low_gt
678,679,mattress,2599,mattress,high,f,0.8,0.33,430,215,215,198,44,171,17,0.8182,0.9209,1,1.0,ok
679,680,measuring_cup,2603,measuring cup,medium,c,0.8,0.33,142,71,71,48,12,59,23,0.8,0.6761,1,1.0,ok
680,681,measuring_stick,3463,ruler,medium,c,0.8,0.35,86,43,43,28,2,41,15,0.9333,0.6512,1,0.9333,ok
681,682,meatball,2606,meatball,medium,c,0.8,0.36,56,28,28,25,5,23,3,0.8333,0.8929,1,1.0,ok
682,683,medicine,1421,medicine,medium,c,0.8,0.35,68,34,34,28,6,28,6,0.8235,0.8235,1,1.0,ok
683,684,melon,2620,melon,medium,c,0.8,,,16,,,,,,,,0,,low_gt
684,685,microphone,2632,microphone,high,f,0.8,0.355,546,273,273,115,24,249,158,0.8273,0.4212,1,0.9167,ok
685,686,microscope,2633,microscope,weak,r,0.8,,,2,,,,,,,,0,,low_gt
686,687,microwave_oven,,,high,f,0.8,,,,,,,,,,,0,,unmapped
687,688,milestone,2636,milestone,weak,r,0.8,,,4,,,,,,,,0,,low_gt
688,689,milk,2638,milk,high,f,0.8,0.385,214,107,107,14,1,106,93,0.9333,0.1308,1,1.0,ok
689,690,milk_can,2639,milk can,weak,r,0.8,,,2,,,,,,,,0,,low_gt
690,691,milkshake,2641,milkshake,weak,r,0.8,,,1,,,,,,,,0,,low_gt
691,692,minivan,2651,minivan,high,f,0.8,0.355,908,454,454,113,28,426,341,0.8014,0.2489,1,1.0,ok
692,693,mint_candy,2653,mint candy,weak,r,0.8,,,9,,,,,,,,0,,low_gt
693,694,mirror,2654,mirror,high,f,0.8,0.365,3802,1901,1901,852,201,1700,1049,0.8091,0.4482,1,0.9444,ok
694,695,mitten,,,medium,c,0.8,,,,,,,,,,,0,,unmapped
695,696,mixer_(kitchen_tool),2660,mixer,medium,c,0.8,0.36,182,91,91,32,8,83,59,0.8,0.3516,1,1.0,ok
696,697,money,2674,money,medium,c,0.8,0.35,92,46,46,15,2,44,31,0.8824,0.3261,1,0.9167,ok
697,698,monitor_(computer_equipment) computer_monitor,,,high,f,0.8,,,,,,,,,,,0,,unmapped
698,699,monkey,2677,monkey,medium,c,0.8,0.34,148,74,74,56,13,61,18,0.8116,0.7568,1,1.0,ok
699,700,motor,2704,motor,high,f,0.8,0.36,842,421,421,162,34,387,259,0.8265,0.3848,1,0.9697,ok
700,701,motor_scooter,3550,scooter,high,f,0.8,0.335,452,226,226,185,45,181,41,0.8043,0.8186,1,1.0,ok
701,702,motor_vehicle,190,motor vehicle,weak,r,0.8,,,10,,,,,,,,0,,low_gt
702,703,motorcycle,2706,motorcycle,high,f,0.8,0.315,3440,1720,1720,1592,322,1398,128,0.8318,0.9256,1,1.0,ok
703,704,mound_(baseball),2711,mound,high,f,0.8,0.345,522,261,261,261,57,204,0,0.8208,1.0,1,1.0,ok
704,705,mouse_(computer_equipment),2729,mouse,high,f,0.8,0.355,2674,1337,1337,1133,220,1117,204,0.8374,0.8474,1,0.9419,ok
705,706,mousepad,2730,mousepad,high,f,0.8,0.35,586,293,293,286,69,224,7,0.8056,0.9761,1,0.9726,ok
706,707,muffin,2741,muffin,medium,c,0.8,0.35,124,62,62,55,12,50,7,0.8209,0.8871,1,1.0,ok
707,708,mug,2742,mug,high,f,0.8,0.355,1628,814,814,228,51,763,586,0.8172,0.2801,1,1.0,ok
708,709,mushroom,2751,mushroom,high,f,0.8,,814,407,407,,,,,,,0,0.7333,unreachable
709,710,music_stool,2754,music stool,weak,r,0.8,,,6,,,,,,,,0,,low_gt
710,711,musical_instrument,2231,instrument,medium,c,0.8,,,16,,,,,,,,0,,low_gt
711,712,nailfile,2764,nailfile,weak,r,0.8,,,7,,,,,,,,0,,low_gt
712,713,napkin,2766,napkin,high,f,0.8,0.335,3582,1791,1791,1500,364,1427,291,0.8047,0.8375,1,0.9323,ok
713,714,neckerchief,,,weak,r,0.8,,,,,,,,,,,0,,unmapped
714,715,necklace,2779,necklace,high,f,0.8,0.37,3830,1915,1915,37,6,1909,1878,0.8605,0.0193,1,0.9412,ok
715,716,necktie,4158,tie,high,f,0.8,0.355,3880,1940,1940,1086,262,1678,854,0.8056,0.5598,1,1.0,ok
716,717,needle,2783,needle,medium,c,0.8,,,13,,,,,,,,0,,low_gt
717,718,nest,2789,nest,medium,c,0.8,,,16,,,,,,,,0,,low_gt
718,719,newspaper,2920,paper,high,f,0.8,0.365,896,448,448,73,18,430,375,0.8022,0.1629,1,0.9545,ok
719,720,newsstand,2796,newsstand,medium,c,0.8,,,12,,,,,,,,0,,low_gt
720,721,nightshirt,3731,sleepwear,medium,c,0.8,,,18,,,,,,,,0,,low_gt
721,722,nosebag_(for_animals),1600,feedbag,weak,r,0.8,,,4,,,,,,,,0,,low_gt
722,723,noseband_(for_animals),2805,noseband,medium,c,0.8,,142,71,71,,,,,,,0,0.5833,unreachable
723,724,notebook,2807,notebook,high,f,0.8,0.34,378,189,189,147,25,164,42,0.8547,0.7778,1,1.0,ok
724,725,notepad,2808,notepad,medium,c,0.8,0.35,148,74,74,64,15,59,10,0.8101,0.8649,1,1.0,ok
725,726,nut,2816,nut,high,f,0.8,,206,103,103,,,,,,,0,0.6792,unreachable
726,727,nutcracker,2817,nutcracker,weak,r,0.8,,,3,,,,,,,,0,,low_gt
727,728,oar,2820,oar,high,f,0.8,,220,110,110,,,,,,,0,0.5,unreachable
728,729,octopus_(food),,,weak,r,0.8,,,,,,,,,,,0,,unmapped
729,730,octopus_(animal),,,weak,r,0.8,,,,,,,,,,,0,,unmapped
730,731,oil_lamp,2842,oil lamp,medium,c,0.8,,,15,,,,,,,,0,,low_gt
731,732,olive_oil,2848,olive oil,medium,c,0.8,0.325,50,25,25,22,5,20,3,0.8148,0.88,1,1.0,ok
732,733,omelet,2850,omelet,weak,r,0.8,,,7,,,,,,,,0,,low_gt
733,734,onion,2851,onion,high,f,0.8,0.365,1294,647,647,337,70,577,310,0.828,0.5209,1,1.0,ok
734,735,orange_(fruit),2864,orange,high,f,0.8,0.355,1648,824,824,520,104,720,304,0.8333,0.6311,1,1.0,ok
735,736,orange_juice,2865,orange juice,medium,c,0.8,0.33,200,100,100,74,15,85,26,0.8315,0.74,1,1.0,ok
736,737,ostrich,2877,ostrich,medium,c,0.8,0.33,94,47,47,42,8,39,5,0.84,0.8936,1,1.0,ok
737,738,ottoman,2043,hassock,high,f,0.8,,242,121,121,,,,,,,0,0.7368,unreachable
738,739,oven,2886,oven,high,f,0.8,0.335,1462,731,731,675,149,582,56,0.8192,0.9234,1,1.0,ok
739,740,overalls_(clothing),2887,overall,medium,c,0.8,,146,73,73,,,,,,,0,0.5474,unreachable
740,741,owl,2890,owl,medium,c,0.8,0.34,98,49,49,26,5,44,23,0.8387,0.5306,1,1.0,ok
741,742,packet,,,medium,c,0.8,,,,,,,,,,,0,,unmapped
742,743,inkpad,2226,inking pad,weak,r,0.8,,,4,,,,,,,,0,,low_gt
743,744,pad,1236,pad,medium,c,0.8,0.37,124,62,62,21,5,57,41,0.8077,0.3387,1,0.8571,ok
744,745,paddle,494,paddle,high,f,0.8,0.355,236,118,118,114,24,94,4,0.8261,0.9661,1,1.0,ok
745,746,padlock,2897,padlock,medium,c,0.8,0.365,198,99,99,7,1,98,92,0.875,0.0707,1,1.0,ok
746,747,paintbrush,,,medium,c,0.8,,,,,,,,,,,0,,unmapped
747,748,painting,,,high,f,0.8,,,,,,,,,,,0,,unmapped
748,749,pajamas,,,high,f,0.8,,,,,,,,,,,0,,unmapped
749,750,palette,2905,palette,medium,c,0.8,,42,21,21,,,,,,,0,0.5833,unreachable
750,751,pan_(for_cooking),,,high,f,0.8,,,,,,,,,,,0,,unmapped
751,752,pan_(metal_container),,,weak,r,0.8,,,,,,,,,,,0,,unmapped
752,753,pancake,2910,pancake,medium,c,0.8,0.345,144,72,72,68,13,59,4,0.8395,0.9444,1,1.0,ok
753,754,pantyhose,2918,pantyhose,weak,r,0.8,,,9,,,,,,,,0,,low_gt
754,755,papaya,2919,papaya,weak,r,0.8,,,10,,,,,,,,0,,low_gt
755,756,paper_plate,2924,paper plate,high,f,0.8,0.33,656,328,328,211,50,278,117,0.8084,0.6433,1,1.0,ok
756,757,paper_towel,2925,paper towel,high,f,0.8,,936,468,468,,,,,,,0,0.5924,unreachable
757,758,paperback_book,2926,paperback book,weak,r,0.8,,,1,,,,,,,,0,,low_gt
758,759,paperweight,2927,paperweight,weak,r,0.8,,,2,,,,,,,,0,,low_gt
759,760,parachute,2928,parachute,medium,c,0.8,0.325,48,24,24,23,5,19,1,0.8214,0.9583,1,1.0,ok
760,761,parakeet,2933,paraquet,medium,c,0.8,,,11,,,,,,,,0,,low_gt
761,762,parasail_(sports),2934,parasail,medium,c,0.8,0.31,144,72,72,72,17,55,0,0.809,1.0,1,1.0,ok
762,763,parasol,3998,sunshade,medium,c,0.8,,,17,,,,,,,,0,,low_gt
763,764,parchment,2936,parchment,weak,r,0.8,,,10,,,,,,,,0,,low_gt
764,765,parka,,,medium,c,0.8,,,,,,,,,,,0,,unmapped
765,766,parking_meter,2942,parking meter,high,f,0.8,0.315,978,489,489,466,107,382,23,0.8133,0.953,1,1.0,ok
766,767,parrot,2931,parrot,medium,c,0.8,0.33,94,47,47,43,10,37,4,0.8113,0.9149,1,1.0,ok
767,768,passenger_car_(part_of_a_train),757,coach,medium,c,0.8,0.345,186,93,93,73,14,79,20,0.8391,0.7849,1,0.8594,ok
768,769,passenger_ship,2955,passenger ship,weak,r,0.8,,,1,,,,,,,,0,,low_gt
769,770,passport,2958,passport,medium,c,0.8,,,12,,,,,,,,0,,low_gt
770,771,pastry,2961,pastry,high,f,0.8,0.335,456,228,228,227,56,172,1,0.8021,0.9956,1,1.0,ok
771,772,patty_(food),,,weak,r,0.8,,,,,,,,,,,0,,unmapped
772,773,pea_(food),2971,pea,medium,c,0.8,,152,76,76,,,,,,,0,0.75,unreachable
773,774,peach,2973,peach,medium,c,0.8,0.355,142,71,71,44,11,60,27,0.8,0.6197,1,1.0,ok
774,775,peanut_butter,2977,peanut butter,medium,c,0.8,0.34,60,30,30,23,5,25,7,0.8214,0.7667,1,0.8667,ok
775,776,pear,2978,pear,high,f,0.8,0.33,218,109,109,91,21,88,18,0.8125,0.8349,1,1.0,ok
776,777,peeler_(tool_for_fruit_and_vegetables),2986,peeler,medium,c,0.8,,,14,,,,,,,,0,,low_gt
777,778,wooden_leg,2988,pegleg,weak,r,0.8,,,1,,,,,,,,0,,low_gt
778,779,pegboard,2987,pegboard,weak,r,0.8,,,8,,,,,,,,0,,low_gt
779,780,pelican,2989,pelican,medium,c,0.8,0.335,52,26,26,24,5,21,2,0.8276,0.9231,1,1.0,ok
780,781,pen,2990,pen,high,f,0.8,0.365,678,339,339,159,38,301,180,0.8071,0.469,1,1.0,ok
781,782,pencil,2992,pencil,high,f,0.8,0.345,306,153,153,107,26,127,46,0.8045,0.6993,1,1.0,ok
782,783,pencil_box,2993,pencil case,weak,r,0.8,,,2,,,,,,,,0,,low_gt
783,784,pencil_sharpener,2994,pencil sharpener,weak,r,0.8,,,3,,,,,,,,0,,low_gt
784,785,pendulum,2997,pendulum,weak,r,0.8,,,8,,,,,,,,0,,low_gt
785,786,penguin,2998,penguin,medium,c,0.8,0.355,94,47,47,17,3,44,30,0.85,0.3617,1,1.0,ok
786,787,pennant,3000,pennant,weak,r,0.8,,,8,,,,,,,,0,,low_gt
787,788,penny_(coin),3001,penny,weak,r,0.8,,,6,,,,,,,,0,,low_gt
788,789,pepper,3004,pepper,high,f,0.8,,232,116,116,,,,,,,0,0.7083,unreachable
789,790,pepper_mill,3005,pepper grinder,medium,c,0.8,0.365,138,69,69,17,4,65,52,0.8095,0.2464,1,1.0,ok
790,791,perfume,3012,perfume,medium,c,0.8,,,13,,,,,,,,0,,low_gt
791,792,persimmon,3015,persimmon,weak,r,0.8,,,6,,,,,,,,0,,low_gt
792,793,person,2163,person,high,f,0.8,,3856,1928,1928,,,,,,,0,0.7273,unreachable
793,794,pet,3019,pet,medium,c,0.8,0.36,158,79,79,72,13,66,7,0.8471,0.9114,1,0.9615,ok
794,795,pew_(church_bench),3024,church bench,medium,c,0.8,,,14,,,,,,,,0,,low_gt
795,796,phonebook,3029,phonebook,weak,r,0.8,,,7,,,,,,,,0,,low_gt
796,797,phonograph_record,3327,record,medium,c,0.8,,,20,,,,,,,,0,,low_gt
797,798,piano,3038,piano,high,f,0.8,0.32,228,114,114,96,22,92,18,0.8136,0.8421,1,1.0,ok
798,799,pickle,3041,pickle,high,f,0.8,0.36,442,221,221,180,40,181,41,0.8182,0.8145,1,1.0,ok
799,800,pickup_truck,,,high,f,0.8,,,,,,,,,,,0,,unmapped
800,801,pie,3048,pie,medium,c,0.8,0.36,124,62,62,50,12,50,12,0.8065,0.8065,1,1.0,ok
801,802,pigeon,3049,pigeon,medium,c,0.8,0.335,174,87,87,65,11,76,22,0.8553,0.7471,1,1.0,ok
802,803,piggy_bank,3002,piggy bank,weak,r,0.8,,,4,,,,,,,,0,,low_gt
803,804,pillow,3052,pillow,high,f,0.8,0.34,3824,1912,1912,1530,309,1603,382,0.832,0.8002,1,1.0,ok
804,805,pin_(non_jewelry),3055,pin,weak,r,0.8,,,7,,,,,,,,0,,low_gt
805,806,pineapple,3060,pineapple,high,f,0.8,0.33,372,186,186,114,28,158,72,0.8028,0.6129,1,1.0,ok
806,807,pinecone,,,medium,c,0.8,,,,,,,,,,,0,,unmapped
807,808,ping-pong_ball,,,weak,r,0.8,,,,,,,,,,,0,,unmapped
808,809,pinwheel,,,weak,r,0.8,,,,,,,,,,,0,,unmapped
809,810,tobacco_pipe,4174,tobacco pipe,weak,r,0.8,,,7,,,,,,,,0,,low_gt
810,811,pipe,3066,pipe,high,f,0.8,,2826,1413,1413,,,,,,,0,0.75,unreachable
811,812,pistol,2017,handgun,weak,r,0.8,,,7,,,,,,,,0,,low_gt
812,813,pita_(bread),3073,pocket bread,medium,c,0.8,,,12,,,,,,,,0,,low_gt
813,814,pitcher_(vessel_for_liquid),3077,pitcher,high,f,0.8,,496,248,248,,,,,,,0,0.6154,unreachable
814,815,pitchfork,3079,pitchfork,weak,r,0.8,,,4,,,,,,,,0,,low_gt
815,816,pizza,3080,pizza,high,f,0.8,0.33,3762,1881,1881,1865,437,1444,16,0.8102,0.9915,1,1.0,ok
816,817,place_mat,3086,place mat,high,f,0.8,,1058,529,529,,,,,,,0,0.7143,unreachable
817,818,plate,1342,plate,high,f,0.8,0.355,3864,1932,1932,1692,330,1602,240,0.8368,0.8758,1,1.0,ok
818,819,platter,3103,platter,medium,c,0.8,0.345,100,50,50,43,10,40,7,0.8113,0.86,1,0.8636,ok
819,820,playpen,3121,playpen,weak,r,0.8,,,3,,,,,,,,0,,low_gt
820,821,pliers,3124,plier,medium,c,0.8,,56,28,28,,,,,,,0,0.5897,unreachable
821,822,plow_(farm_equipment),3126,plow,weak,r,0.8,,,10,,,,,,,,0,,low_gt
822,823,plume,3132,plume,weak,r,0.8,,,5,,,,,,,,0,,low_gt
823,824,pocket_watch,3135,pocket watch,weak,r,0.8,,,5,,,,,,,,0,,low_gt
824,825,pocketknife,3136,pocketknife,medium,c,0.8,,,18,,,,,,,,0,,low_gt
825,826,poker_(fire_stirring_tool),3926,poker,medium,c,0.8,,,14,,,,,,,,0,,low_gt
826,827,pole,3146,pole,high,f,0.8,0.405,3780,1890,1890,18,4,1886,1872,0.8182,0.0095,1,0.8182,ok
827,828,polo_shirt,3158,polo shirt,high,f,0.8,0.345,1320,660,660,99,24,636,561,0.8049,0.15,1,0.8448,ok
828,829,poncho,3161,poncho,weak,r,0.8,,,8,,,,,,,,0,,low_gt
829,830,pony,1033,pony,medium,c,0.8,0.335,50,25,25,22,5,20,3,0.8148,0.88,1,1.0,ok
830,831,pool_table,429,billiard table,weak,r,0.8,,,10,,,,,,,,0,,low_gt
831,832,pop_(soda),3166,pop,high,f,0.8,0.38,436,218,218,5,1,217,213,0.8333,0.0229,1,0.8333,ok
832,833,postbox_(public),,,medium,c,0.8,,,,,,,,,,,0,,unmapped
833,834,postcard,3186,postcard,medium,c,0.8,,,16,,,,,,,,0,,low_gt
834,835,poster,3187,poster,high,f,0.8,0.355,1616,808,808,80,17,791,728,0.8247,0.099,1,0.9333,ok
835,836,pot,3189,pot,high,f,0.8,0.37,958,479,479,156,39,440,323,0.8,0.3257,1,0.8421,ok
836,837,flowerpot,,,high,f,0.8,,,,,,,,,,,0,,unmapped
837,838,potato,3190,potato,high,f,0.8,0.35,614,307,307,227,50,257,80,0.8195,0.7394,1,0.875,ok
838,839,potholder,3193,potholder,medium,c,0.8,,114,57,57,,,,,,,0,0.6667,unreachable
839,840,pottery,955,pottery,medium,c,0.8,0.305,56,28,28,25,6,22,3,0.8065,0.8929,1,1.0,ok
840,841,pouch,3195,pouch,medium,c,0.8,,160,80,80,,,,,,,0,0.7273,unreachable
841,842,power_shovel,1317,excavator,medium,c,0.8,,,11,,,,,,,,0,,low_gt
842,843,prawn,3670,shrimp,medium,c,0.8,0.33,184,92,92,87,21,71,5,0.8056,0.9457,1,1.0,ok
843,844,pretzel,3215,pretzel,medium,c,0.8,,,20,,,,,,,,0,,low_gt
844,845,printer,3220,printer,high,f,0.8,0.345,388,194,194,181,45,149,13,0.8009,0.933,1,1.0,ok
845,846,projectile_(weapon),2656,missile,medium,c,0.8,0.34,46,23,23,23,4,19,0,0.8519,1.0,1,1.0,ok
846,847,projector,3230,projector,medium,c,0.8,0.325,104,52,52,48,9,43,4,0.8421,0.9231,1,1.0,ok
847,848,propeller,3233,propeller,high,f,0.8,0.33,1346,673,673,649,148,525,24,0.8143,0.9643,1,1.0,ok
848,849,prune,,,weak,r,0.8,,,,,,,,,,,0,,unmapped
849,850,pudding,3242,pudding,weak,r,0.8,,,2,,,,,,,,0,,low_gt
850,851,puffer_(fish),479,blowfish,weak,r,0.8,,,1,,,,,,,,0,,low_gt
851,852,puffin,3245,puffin,weak,r,0.8,,,2,,,,,,,,0,,low_gt
852,853,pug-dog,,,weak,r,0.8,,,,,,,,,,,0,,unmapped
853,854,pumpkin,3251,pumpkin,medium,c,0.8,0.34,160,80,80,29,6,74,51,0.8286,0.3625,1,1.0,ok
854,855,puncher,,,weak,r,0.8,,,,,,,,,,,0,,unmapped
855,856,puppet,2576,puppet,weak,r,0.8,,,3,,,,,,,,0,,low_gt
856,857,puppy,,,medium,c,0.8,,,,,,,,,,,0,,unmapped
857,858,quesadilla,3270,quesadilla,weak,r,0.8,,,2,,,,,,,,0,,low_gt
858,859,quiche,3272,quiche,weak,r,0.8,,,10,,,,,,,,0,,low_gt
859,860,quilt,3273,quilt,high,f,0.8,0.31,772,386,386,354,76,310,32,0.8233,0.9171,1,1.0,ok
860,861,rabbit,3276,rabbit,medium,c,0.8,0.35,130,65,65,30,7,58,35,0.8108,0.4615,1,1.0,ok
861,862,race_car,3281,race car,weak,r,0.8,,,3,,,,,,,,0,,low_gt
862,863,racket,3282,racket,medium,c,0.8,0.34,70,35,35,28,7,28,7,0.8,0.8,1,1.0,ok
863,864,radar,3283,radar,weak,r,0.8,,,5,,,,,,,,0,,low_gt
864,865,radiator,3284,radiator,high,f,0.8,0.33,360,180,180,150,36,144,30,0.8065,0.8333,1,1.0,ok
865,866,radio_receiver,3285,radio,medium,c,0.8,0.375,198,99,99,16,4,95,83,0.8,0.1616,1,1.0,ok
866,867,radish,1251,daikon,medium,c,0.8,0.345,98,49,49,42,6,43,7,0.875,0.8571,1,1.0,ok
867,868,raft,3286,raft,medium,c,0.8,0.335,56,28,28,26,6,22,2,0.8125,0.9286,1,1.0,ok
868,869,rag_doll,3287,rag doll,weak,r,0.8,,,1,,,,,,,,0,,low_gt
869,870,raincoat,3298,raincoat,medium,c,0.8,0.34,104,52,52,40,10,42,12,0.8,0.7692,1,1.0,ok
870,871,ram_(animal),3303,ram,medium,c,0.8,0.36,72,36,36,28,6,30,8,0.8235,0.7778,1,1.0,ok
871,872,raspberry,3308,raspberry,medium,c,0.8,0.34,140,70,70,55,13,57,15,0.8088,0.7857,1,1.0,ok
872,873,rat,3309,rat,weak,r,0.8,,,6,,,,,,,,0,,low_gt
873,874,razorblade,,,medium,c,0.8,,,,,,,,,,,0,,unmapped
874,875,reamer_(juicer),3318,reamer,medium,c,0.8,,48,24,24,,,,,,,0,0.625,unreachable
875,876,rearview_mirror,3322,rearview mirror,high,f,0.8,0.34,2230,1115,1115,505,126,989,610,0.8003,0.4529,1,1.0,ok
876,877,receipt,3323,receipt,medium,c,0.8,0.315,122,61,61,36,6,55,25,0.8571,0.5902,1,1.0,ok
877,878,recliner,,,medium,c,0.8,,,,,,,,,,,0,,unmapped
878,879,record_player,3030,record player,medium,c,0.8,,,18,,,,,,,,0,,low_gt
879,880,reflector,3348,reflector,high,f,0.8,,1330,665,665,,,,,,,0,0.6429,unreachable
880,881,remote_control,,,high,f,0.8,,,,,,,,,,,0,,unmapped
881,882,rhinoceros,3382,rhinoceros,medium,c,0.8,0.33,58,29,29,27,6,23,2,0.8182,0.931,1,1.0,ok
882,883,rib_(food),3384,rib,weak,r,0.8,,,8,,,,,,,,0,,low_gt
883,884,rifle,3392,rifle,medium,c,0.8,,,14,,,,,,,,0,,low_gt
884,885,ring,3394,ring,high,f,0.8,0.385,3244,1622,1622,9,2,1620,1613,0.8182,0.0055,1,0.8182,ok
885,886,river_boat,3401,river boat,weak,r,0.8,,,2,,,,,,,,0,,low_gt
886,887,road_map,,,weak,r,0.8,,,,,,,,,,,0,,unmapped
887,888,robe,3409,robe,medium,c,0.8,0.35,64,32,32,13,3,29,19,0.8125,0.4062,1,0.875,ok
888,889,rocking_chair,3423,rocking chair,medium,c,0.8,0.33,110,55,55,46,10,45,9,0.8214,0.8364,1,1.0,ok
889,890,rodent,3425,rodent,weak,r,0.8,,,1,,,,,,,,0,,low_gt
890,891,roller_skate,3432,roller skate,weak,r,0.8,,,10,,,,,,,,0,,low_gt
891,892,Rollerblade,,,weak,r,0.8,,,,,,,,,,,0,,unmapped
892,893,rolling_pin,3434,rolling pin,medium,c,0.8,,94,47,47,,,,,,,0,0.5714,unreachable
893,894,root_beer,3442,root beer,weak,r,0.8,,,3,,,,,,,,0,,low_gt
894,895,router_(computer_equipment),3450,router,medium,c,0.8,0.33,58,29,29,29,6,23,0,0.8286,1.0,1,1.0,ok
895,896,rubber_band,1474,elastic band,high,f,0.8,,684,342,342,,,,,,,0,0.6333,unreachable
896,897,runner_(carpet),3466,runner,medium,c,0.8,,50,25,25,,,,,,,0,0.6667,unreachable
897,898,plastic_bag,2921,paper bag,high,f,0.8,0.395,2938,1469,1469,6,1,1468,1463,0.8571,0.0041,1,0.8571,ok
898,899,saddle_(on_an_animal),3473,saddle,high,f,0.8,0.34,1042,521,521,490,98,423,31,0.8333,0.9405,1,1.0,ok
899,900,saddle_blanket,2133,horse blanket,high,f,0.8,0.32,694,347,347,326,77,270,21,0.8089,0.9395,1,0.9333,ok
900,901,saddlebag,3474,saddlebag,medium,c,0.8,0.345,70,35,35,18,3,32,17,0.8571,0.5143,1,0.9167,ok
901,902,safety_pin,,,weak,r,0.8,,,,,,,,,,,0,,unmapped
902,903,sail,3479,sail,high,f,0.8,0.33,414,207,207,202,40,167,5,0.8347,0.9758,1,1.0,ok
903,904,salad,3485,salad,high,f,0.8,0.335,216,108,108,107,26,82,1,0.8045,0.9907,1,1.0,ok
904,905,salad_plate,3486,salad bowl,weak,r,0.8,,,2,,,,,,,,0,,low_gt
905,906,salami,3488,salami,medium,c,0.8,0.335,68,34,34,32,6,28,2,0.8421,0.9412,1,1.0,ok
906,907,salmon_(fish),,,medium,c,0.8,,,,,,,,,,,0,,unmapped
907,908,salmon_(food),,,weak,r,0.8,,,,,,,,,,,0,,unmapped
908,909,salsa,3492,salsa,medium,c,0.8,,,13,,,,,,,,0,,low_gt
909,910,saltshaker,,,high,f,0.8,,,,,,,,,,,0,,unmapped
910,911,sandal_(type_of_shoe),3506,sandal,high,f,0.8,0.37,2046,1023,1023,61,15,1008,962,0.8026,0.0596,1,0.8636,ok
911,912,sandwich,3507,sandwich,high,f,0.8,0.345,1564,782,782,772,184,598,10,0.8075,0.9872,1,1.0,ok
912,913,satchel,3515,satchel,weak,r,0.8,,,2,,,,,,,,0,,low_gt
913,914,saucepan,,,weak,r,0.8,,,,,,,,,,,0,,unmapped
914,915,saucer,3519,saucer,high,f,0.8,0.365,494,247,247,68,14,233,179,0.8293,0.2753,1,1.0,ok
915,916,sausage,3521,sausage,high,f,0.8,0.345,442,221,221,216,52,169,5,0.806,0.9774,1,1.0,ok
916,917,sawhorse,3524,sawbuck,weak,r,0.8,,,4,,,,,,,,0,,low_gt
917,918,saxophone,,,weak,r,0.8,,,,,,,,,,,0,,unmapped
918,919,scale_(measuring_instrument),3528,scale,high,f,0.8,,316,158,158,,,,,,,0,0.5833,unreachable
919,920,scarecrow,3532,strawman,weak,r,0.8,,,3,,,,,,,,0,,low_gt
920,921,scarf,3533,scarf,high,f,0.8,0.36,1504,752,752,73,17,735,679,0.8111,0.0971,1,0.8571,ok
921,922,school_bus,3538,school bus,medium,c,0.8,0.32,128,64,64,57,11,53,7,0.8382,0.8906,1,1.0,ok
922,923,scissors,3546,scissors,high,f,0.8,0.35,1414,707,707,523,105,602,184,0.8328,0.7397,1,1.0,ok
923,924,scoreboard,3552,scoreboard,high,f,0.8,0.315,286,143,143,129,32,111,14,0.8012,0.9021,1,1.0,ok
924,925,scraper,3557,scraper,weak,r,0.8,,,1,,,,,,,,0,,low_gt
925,926,screwdriver,3563,screwdriver,medium,c,0.8,0.33,98,49,49,37,9,40,12,0.8043,0.7551,1,1.0,ok
926,927,scrubbing_brush,3566,scrubbing brush,high,f,0.8,0.365,252,126,126,9,2,124,117,0.8182,0.0714,1,0.8182,ok
927,928,sculpture,3568,sculpture,medium,c,0.8,0.335,152,76,76,56,10,66,20,0.8485,0.7368,1,1.0,ok
928,929,seabird,3576,seabird,medium,c,0.8,,,11,,,,,,,,0,,low_gt
929,930,seahorse,3578,seahorse,medium,c,0.8,,,11,,,,,,,,0,,low_gt
930,931,seaplane,2177,seaplane,weak,r,0.8,,,4,,,,,,,,0,,low_gt
931,932,seashell,3581,seashell,medium,c,0.8,0.36,78,39,39,6,1,38,33,0.8571,0.1538,1,1.0,ok
932,933,sewing_machine,3603,sewing machine,medium,c,0.8,,,11,,,,,,,,0,,low_gt
933,934,shaker,3606,shaker,medium,c,0.8,,,13,,,,,,,,0,,low_gt
934,935,shampoo,3607,shampoo,medium,c,0.8,0.355,182,91,91,70,15,76,21,0.8235,0.7692,1,1.0,ok
935,936,shark,3610,shark,medium,c,0.8,,,14,,,,,,,,0,,low_gt
936,937,sharpener,3611,sharpener,weak,r,0.8,,,5,,,,,,,,0,,low_gt
937,938,Sharpie,3612,sharpie,weak,r,0.8,,,3,,,,,,,,0,,low_gt
938,939,shaver_(electric),3613,shaver,weak,r,0.8,,,10,,,,,,,,0,,low_gt
939,940,shaving_cream,3614,shaving cream,medium,c,0.8,,,18,,,,,,,,0,,low_gt
940,941,shawl,3615,shawl,weak,r,0.8,,,9,,,,,,,,0,,low_gt
941,942,shears,3617,shears,weak,r,0.8,,,6,,,,,,,,0,,low_gt
942,943,sheep,3618,sheep,high,f,0.8,0.32,1902,951,951,939,208,743,12,0.8187,0.9874,1,1.0,ok
943,944,shepherd_dog,1028,sheepdog,weak,r,0.8,,,2,,,,,,,,0,,low_gt
944,945,sherbert,3627,sherbert,weak,r,0.8,,,1,,,,,,,,0,,low_gt
945,946,shield,605,shield,medium,c,0.8,,,19,,,,,,,,0,,low_gt
946,947,shirt,3634,shirt,high,f,0.8,0.405,3884,1942,1942,8,2,1940,1934,0.8,0.0041,1,0.8,ok
947,948,shoe,3637,shoe,high,f,0.8,0.375,3832,1916,1916,196,45,1871,1720,0.8133,0.1023,1,0.8529,ok
948,949,shopping_bag,3647,shopping bag,high,f,0.8,0.325,278,139,139,86,18,121,53,0.8269,0.6187,1,1.0,ok
949,950,shopping_cart,3649,shopping cart,medium,c,0.8,0.325,86,43,43,32,8,35,11,0.8,0.7442,1,1.0,ok
950,951,short_pants,3656,shorts,high,f,0.8,0.38,3938,1969,1969,120,26,1943,1849,0.8219,0.0609,1,0.8621,ok
951,952,shot_glass,3657,shot glass,weak,r,0.8,,,5,,,,,,,,0,,low_gt
952,953,shoulder_bag,3660,shoulder bag,high,f,0.8,0.365,268,134,134,10,1,133,124,0.9091,0.0746,1,1.0,ok
953,954,shovel,3661,shovel,medium,c,0.8,0.36,148,74,74,28,5,69,46,0.8485,0.3784,1,0.8571,ok
954,955,shower_head,3667,shower head,high,f,0.8,0.32,762,381,381,365,82,299,16,0.8166,0.958,1,0.9603,ok
955,956,shower_cap,3664,shower cap,weak,r,0.8,,,1,,,,,,,,0,,low_gt
956,957,shower_curtain,3665,shower curtain,high,f,0.8,0.31,762,381,381,380,82,299,1,0.8225,0.9974,1,1.0,ok
957,958,shredder_(for_paper),3668,shredder,weak,r,0.8,,,6,,,,,,,,0,,low_gt
958,959,signboard,,,high,f,0.8,,,,,,,,,,,0,,unmapped
959,960,silo,3689,silo,medium,c,0.8,0.355,56,28,28,20,2,26,8,0.9091,0.7143,1,1.0,ok
960,961,sink,3696,sink,high,f,0.8,0.355,3270,1635,1635,1581,316,1319,54,0.8334,0.967,1,1.0,ok
961,962,skateboard,3701,skateboard,high,f,0.8,0.32,3934,1967,1967,1942,472,1495,25,0.8045,0.9873,1,1.0,ok
962,963,skewer,3707,skewer,medium,c,0.8,,,16,,,,,,,,0,,low_gt
963,964,ski,3708,ski,high,f,0.8,0.325,3852,1926,1926,1917,420,1506,9,0.8203,0.9953,1,1.0,ok
964,965,ski_boot,3709,ski boot,high,f,0.8,0.32,3578,1789,1789,1783,374,1415,6,0.8266,0.9966,1,1.0,ok
965,966,ski_parka,3711,ski jacket,high,f,0.8,0.3,802,401,401,400,100,301,1,0.8,0.9975,1,0.9537,ok
966,967,ski_pole,3713,ski pole,high,f,0.8,0.32,3936,1968,1968,1963,432,1536,5,0.8196,0.9975,1,0.9794,ok
967,968,skirt,,,high,f,0.8,,,,,,,,,,,0,,unmapped
968,969,skullcap,3720,skullcap,weak,r,0.8,,,1,,,,,,,,0,,low_gt
969,970,sled,3728,sleigh,medium,c,0.8,0.34,112,56,56,54,13,43,2,0.806,0.9643,1,1.0,ok
970,971,sleeping_bag,3730,sleeping bag,medium,c,0.8,,,17,,,,,,,,0,,low_gt
971,972,sling_(bandage),3736,sling,weak,r,0.8,,,1,,,,,,,,0,,low_gt
972,973,slipper_(footwear),755,slipper,medium,c,0.8,0.35,116,58,58,35,8,50,23,0.814,0.6034,1,1.0,ok
973,974,smoothie,,,weak,r,0.8,,,,,,,,,,,0,,unmapped
974,975,snake,3749,snake,weak,r,0.8,,,8,,,,,,,,0,,low_gt
975,976,snowboard,3715,snowboard,high,f,0.8,0.3,2248,1124,1124,1120,274,850,4,0.8034,0.9964,1,1.0,ok
976,977,snowman,3761,snowman,medium,c,0.8,0.325,62,31,31,26,4,27,5,0.8667,0.8387,1,1.0,ok
977,978,snowmobile,3762,snowmobile,medium,c,0.8,,,16,,,,,,,,0,,low_gt
978,979,soap,3766,soap,high,f,0.8,0.345,982,491,491,400,88,403,91,0.8197,0.8147,1,0.9355,ok
979,980,soccer_ball,,,high,f,0.8,,,,,,,,,,,0,,unmapped
980,981,sock,3771,sock,high,f,0.8,,3890,1945,1945,,,,,,,0,0.6667,unreachable
981,982,sofa,1141,couch,high,f,0.8,0.33,3798,1899,1899,1756,394,1505,143,0.8167,0.9247,1,1.0,ok
982,983,softball,3774,softball,weak,r,0.8,,,5,,,,,,,,0,,low_gt
983,984,solar_array,3776,solar battery,medium,c,0.8,0.335,56,28,28,12,3,25,16,0.8,0.4286,1,0.9,ok
984,985,sombrero,3780,sombrero,weak,r,0.8,,,7,,,,,,,,0,,low_gt
985,986,soup,3783,soup,high,f,0.8,0.36,292,146,146,144,33,113,2,0.8136,0.9863,1,1.0,ok
986,987,soup_bowl,3784,soup bowl,weak,r,0.8,,,1,,,,,,,,0,,low_gt
987,988,soupspoon,3785,soupspoon,medium,c,0.8,0.365,50,25,25,18,4,21,7,0.8182,0.72,1,0.8182,ok
988,989,sour_cream,3786,sour cream,medium,c,0.8,,44,22,22,,,,,,,0,0.5714,unreachable
989,990,soya_milk,3788,soybean milk,weak,r,0.8,,,1,,,,,,,,0,,low_gt
990,991,space_shuttle,3791,space shuttle,weak,r,0.8,,,10,,,,,,,,0,,low_gt
991,992,sparkler_(fireworks),3799,sparkler,weak,r,0.8,,,9,,,,,,,,0,,low_gt
992,993,spatula,3802,spatula,high,f,0.8,0.375,616,308,308,44,11,297,264,0.8,0.1429,1,0.8125,ok
993,994,spear,2361,spear,weak,r,0.8,,,4,,,,,,,,0,,low_gt
994,995,spectacles,,,high,f,0.8,,,,,,,,,,,0,,unmapped
995,996,spice_rack,3812,spice rack,medium,c,0.8,0.315,90,45,45,45,10,35,0,0.8182,1.0,1,1.0,ok
996,997,spider,3813,spider,medium,c,0.8,,,12,,,,,,,,0,,low_gt
997,998,crawfish,,,weak,r,0.8,,,,,,,,,,,0,,unmapped
998,999,sponge,3820,sponge,medium,c,0.8,,170,85,85,,,,,,,0,0.75,unreachable
999,1000,spoon,3821,spoon,high,f,0.8,0.38,2254,1127,1127,79,17,1110,1048,0.8229,0.0701,1,1.0,ok
1000,1001,sportswear,3828,sportswear,medium,c,0.8,,,11,,,,,,,,0,,low_gt
1001,1002,spotlight,,,medium,c,0.8,,,,,,,,,,,0,,unmapped
1002,1003,squid_(food),3844,squid,weak,r,0.8,,,1,,,,,,,,0,,low_gt
1003,1004,squirrel,3845,squirrel,medium,c,0.8,,,16,,,,,,,,0,,low_gt
1004,1005,stagecoach,3854,stagecoach,weak,r,0.8,,,1,,,,,,,,0,,low_gt
1005,1006,stapler_(stapling_machine),3865,stapler,medium,c,0.8,0.345,130,65,65,57,14,51,8,0.8028,0.8769,1,0.9524,ok
1006,1007,starfish,3868,starfish,medium,c,0.8,,,13,,,,,,,,0,,low_gt
1007,1008,statue_(sculpture),3876,statue,high,f,0.8,0.345,1310,655,655,349,76,579,306,0.8212,0.5328,1,1.0,ok
1008,1009,steak_(food),3877,steak,medium,c,0.8,0.335,102,51,51,49,11,40,2,0.8167,0.9608,1,1.0,ok
1009,1010,steak_knife,3878,steak knife,weak,r,0.8,,,1,,,,,,,,0,,low_gt
1010,1011,steering_wheel,3885,steering wheel,high,f,0.8,0.335,1346,673,673,240,54,619,433,0.8163,0.3566,1,0.9545,ok
1011,1012,stepladder,,,weak,r,0.8,,,,,,,,,,,0,,unmapped
1012,1013,step_stool,3888,step stool,medium,c,0.8,0.35,72,36,36,8,2,34,28,0.8,0.2222,1,0.8,ok
1013,1014,stereo_(sound_system),3889,stereo,medium,c,0.8,0.36,108,54,54,42,7,47,12,0.8571,0.7778,1,1.0,ok
1014,1015,stew,3891,stew,weak,r,0.8,,,5,,,,,,,,0,,low_gt
1015,1016,stirrer,3899,stirrer,weak,r,0.8,,,8,,,,,,,,0,,low_gt
1016,1017,stirrup,3900,stirrup,high,f,0.8,,610,305,305,,,,,,,0,0.5008,unreachable
1017,1018,stool,3909,stool,high,f,0.8,0.38,594,297,297,24,6,291,273,0.8,0.0808,1,1.0,ok
1018,1019,stop_sign,3913,stop sign,high,f,0.8,0.325,2106,1053,1053,1001,219,834,52,0.8205,0.9506,1,1.0,ok
1019,1020,brake_light,556,brake light,high,f,0.8,0.32,446,223,223,156,38,185,67,0.8041,0.6996,1,1.0,ok
1020,1021,stove,3925,stove,high,f,0.8,0.325,2074,1037,1037,1006,251,786,31,0.8003,0.9701,1,1.0,ok
1021,1022,strainer,3928,strainer,medium,c,0.8,,126,63,63,,,,,,,0,0.6667,unreachable
1022,1023,strap,3930,strap,high,f,0.8,,3762,1881,1881,,,,,,,0,0.6458,unreachable
1023,1024,straw_(for_drinking),3931,straw,high,f,0.8,0.38,1014,507,507,39,8,499,468,0.8298,0.0769,1,0.8571,ok
1024,1025,strawberry,3933,strawberry,high,f,0.8,0.335,666,333,333,256,64,269,77,0.8,0.7688,1,1.0,ok
1025,1026,street_sign,3944,street sign,high,f,0.8,0.295,3822,1911,1911,1792,382,1529,119,0.8243,0.9377,1,1.0,ok
1026,1027,streetlight,,,high,f,0.8,,,,,,,,,,,0,,unmapped
1027,1028,string_cheese,3951,string cheese,weak,r,0.8,,,1,,,,,,,,0,,low_gt
1028,1029,stylus,3967,stylus,weak,r,0.8,,,5,,,,,,,,0,,low_gt
1029,1030,subwoofer,3974,subwoofer,weak,r,0.8,,,1,,,,,,,,0,,low_gt
1030,1031,sugar_bowl,3978,sugar bowl,weak,r,0.8,,,9,,,,,,,,0,,low_gt
1031,1032,sugarcane_(plant),,,weak,r,0.8,,,,,,,,,,,0,,unmapped
1032,1033,suit_(clothing),3981,suit,high,f,0.8,0.35,302,151,151,77,19,132,74,0.8021,0.5099,1,1.0,ok
1033,1034,sunflower,3991,sunflower,medium,c,0.8,0.32,164,82,82,51,12,70,31,0.8095,0.622,1,1.0,ok
1034,1035,sunglasses,3994,sunglasses,high,f,0.8,0.38,3862,1931,1931,48,9,1922,1883,0.8421,0.0249,1,0.8462,ok
1035,1036,sunhat,,,medium,c,0.8,,,,,,,,,,,0,,unmapped
1036,1037,surfboard,4009,surfboard,high,f,0.8,0.32,3790,1895,1895,1857,440,1455,38,0.8084,0.9799,1,1.0,ok
1037,1038,sushi,4014,sushi,medium,c,0.8,0.335,48,24,24,23,5,19,1,0.8214,0.9583,1,1.0,ok
1038,1039,mop,,,medium,c,0.8,,,,,,,,,,,0,,unmapped
1039,1040,sweat_pants,4025,sweat pant,medium,c,0.8,0.355,70,35,35,6,1,34,29,0.8571,0.1714,1,0.8571,ok
1040,1041,sweatband,4026,sweatband,medium,c,0.8,,138,69,69,,,,,,,0,0.6,unreachable
1041,1042,sweater,4027,sweater,high,f,0.8,0.365,1924,962,962,185,36,926,777,0.8371,0.1923,1,1.0,ok
1042,1043,sweatshirt,4028,sweatshirt,high,f,0.8,0.37,1176,588,588,35,8,580,553,0.814,0.0595,1,1.0,ok
1043,1044,sweet_potato,4030,sweet potato,medium,c,0.8,0.335,42,21,21,21,4,17,0,0.84,1.0,1,0.9231,ok
1044,1045,swimsuit,328,swimwear,high,f,0.8,0.33,1650,825,825,710,146,679,115,0.8294,0.8606,1,1.0,ok
1045,1046,sword,4042,sword,medium,c,0.8,0.335,104,52,52,15,3,49,37,0.8333,0.2885,1,0.8333,ok
1046,1047,syringe,4047,syringe,weak,r,0.8,,,5,,,,,,,,0,,low_gt
1047,1048,Tabasco_sauce,4052,tabasco sauce,weak,r,0.8,,,5,,,,,,,,0,,low_gt
1048,1049,table-tennis_table,3061,table tennis table,weak,r,0.8,,,5,,,,,,,,0,,low_gt
1049,1050,table,1301,table,high,f,0.8,0.375,3720,1860,1860,305,69,1791,1555,0.8155,0.164,1,0.96,ok
1050,1051,table_lamp,1302,table lamp,medium,c,0.8,0.31,112,56,56,49,12,44,7,0.8033,0.875,1,1.0,ok
1051,1052,tablecloth,4056,tablecloth,high,f,0.8,0.35,3164,1582,1582,483,120,1462,1099,0.801,0.3053,1,1.0,ok
1052,1053,tachometer,4059,tachometer,weak,r,0.8,,,7,,,,,,,,0,,low_gt
1053,1054,taco,4061,taco,weak,r,0.8,,,2,,,,,,,,0,,low_gt
1054,1055,tag,,,high,f,0.8,,,,,,,,,,,0,,unmapped
1055,1056,taillight,3320,rear light,high,f,0.8,0.355,3770,1885,1885,733,180,1705,1152,0.8028,0.3889,1,0.9259,ok
1056,1057,tambourine,4069,tambourine,weak,r,0.8,,,1,,,,,,,,0,,low_gt
1057,1058,army_tank,137,army tank,weak,r,0.8,,,5,,,,,,,,0,,low_gt
1058,1059,tank_(storage_vessel),3918,tank,high,f,0.8,0.375,274,137,137,17,4,133,120,0.8095,0.1241,1,0.8182,ok
1059,1060,tank_top_(clothing),,,high,f,0.8,,,,,,,,,,,0,,unmapped
1060,1061,tape_(sticky_cloth_or_paper),4072,tape,high,f,0.8,0.36,268,134,134,65,16,118,69,0.8025,0.4851,1,0.9375,ok
1061,1062,tape_measure,2604,measuring tape,medium,c,0.8,0.34,58,29,29,21,5,24,8,0.8077,0.7241,1,1.0,ok
1062,1063,tapestry,4073,tapestry,medium,c,0.8,0.335,44,22,22,13,2,20,9,0.8667,0.5909,1,1.0,ok
1063,1064,tarp,4076,tarp,high,f,0.8,0.38,1044,522,522,24,4,518,498,0.8571,0.046,1,0.8571,ok
1064,1065,tartan,3087,plaid,medium,c,0.8,0.365,100,50,50,9,2,48,41,0.8182,0.18,1,0.8182,ok
1065,1066,tassel,4078,tassel,medium,c,0.8,,136,68,68,,,,,,,0,0.7059,unreachable
1066,1067,tea_bag,4085,tea bag,medium,c,0.8,,,16,,,,,,,,0,,low_gt
1067,1068,teacup,4092,teacup,medium,c,0.8,0.35,80,40,40,23,5,35,17,0.8214,0.575,1,0.8571,ok
1068,1069,teakettle,,,medium,c,0.8,,,,,,,,,,,0,,unmapped
1069,1070,teapot,,,high,f,0.8,,,,,,,,,,,0,,unmapped
1070,1071,teddy_bear,,,high,f,0.8,,,,,,,,,,,0,,unmapped
1071,1072,telephone,3028,phone,high,f,0.8,0.415,1544,772,772,4,1,771,768,0.8,0.0052,1,0.8,ok
1072,1073,telephone_booth,,,medium,c,0.8,,,,,,,,,,,0,,unmapped
1073,1074,telephone_pole,4102,telegraph pole,high,f,0.8,0.34,2030,1015,1015,514,115,900,501,0.8172,0.5064,1,1.0,ok
1074,1075,telephoto_lens,4103,zoom lens,weak,r,0.8,,,1,,,,,,,,0,,low_gt
1075,1076,television_camera,4106,television camera,medium,c,0.8,,130,65,65,,,,,,,0,0.5952,unreachable
1076,1077,television_set,,,high,f,0.8,,,,,,,,,,,0,,unmapped
1077,1078,tennis_ball,,,high,f,0.8,,,,,,,,,,,0,,unmapped
1078,1079,tennis_racket,4117,tennis racket,high,f,0.8,0.3,3954,1977,1977,1965,476,1501,12,0.805,0.9939,1,1.0,ok
1079,1080,tequila,4119,tequila,weak,r,0.8,,,2,,,,,,,,0,,low_gt
1080,1081,thermometer,4137,thermometer,medium,c,0.8,0.35,58,29,29,5,1,28,24,0.8333,0.1724,1,0.8333,ok
1081,1082,thermos_bottle,4139,thermos bottle,medium,c,0.8,0.33,72,36,36,12,3,33,24,0.8,0.3333,1,0.8,ok
1082,1083,thermostat,4140,thermostat,high,f,0.8,0.33,276,138,138,67,16,122,71,0.8072,0.4855,1,0.875,ok
1083,1084,thimble,4142,thimble,weak,r,0.8,,,4,,,,,,,,0,,low_gt
1084,1085,thread,,,medium,c,0.8,,,,,,,,,,,0,,unmapped
1085,1086,thumbtack,1398,drawing pin,medium,c,0.8,0.33,52,26,26,23,5,21,3,0.8214,0.8846,1,0.9231,ok
1086,1087,tiara,4153,tiara,medium,c,0.8,0.315,50,25,25,24,4,21,1,0.8571,0.96,1,1.0,ok
1087,1088,tiger,4159,tiger,medium,c,0.8,,66,33,33,,,,,,,0,0.7222,unreachable
1088,1089,tights_(clothing),2428,tights,medium,c,0.8,0.35,74,37,37,26,6,31,11,0.8125,0.7027,1,0.8571,ok
1089,1090,timer,,,medium,c,0.8,,,,,,,,,,,0,,unmapped
1090,1091,tinfoil,4166,tinfoil,high,f,0.8,,540,270,270,,,,,,,0,0.5984,unreachable
1091,1092,tinsel,4167,tinsel,medium,c,0.8,,,12,,,,,,,,0,,low_gt
1092,1093,tissue_paper,,,high,f,0.8,,,,,,,,,,,0,,unmapped
1093,1094,toast_(food),4171,toast,medium,c,0.8,0.355,82,41,41,37,9,32,4,0.8043,0.9024,1,1.0,ok
1094,1095,toaster,4172,toaster,high,f,0.8,0.36,448,224,224,126,28,196,98,0.8182,0.5625,1,0.9,ok
1095,1096,toaster_oven,,,high,f,0.8,,,,,,,,,,,0,,unmapped
1096,1097,toilet,,,high,f,0.8,,,,,,,,,,,0,,unmapped
1097,1098,toilet_tissue,336,toilet paper,high,f,0.8,0.32,2042,1021,1021,1002,226,795,19,0.816,0.9814,1,1.0,ok
1098,1099,tomato,4182,tomato,high,f,0.8,0.33,2426,1213,1213,950,222,991,263,0.8106,0.7832,1,0.9352,ok
1099,1100,tongs,4187,tongs,high,f,0.8,,344,172,172,,,,,,,0,0.6667,unreachable
1100,1101,toolbox,4189,toolbox,medium,c,0.8,0.345,56,28,28,22,5,23,6,0.8148,0.7857,1,0.8571,ok
1101,1102,toothbrush,4190,toothbrush,high,f,0.8,0.345,1490,745,745,620,142,603,125,0.8136,0.8322,1,1.0,ok
1102,1103,toothpaste,4191,toothpaste,high,f,0.8,0.315,374,187,187,183,42,145,4,0.8133,0.9786,1,1.0,ok
1103,1104,toothpick,4192,toothpick,high,f,0.8,,294,147,147,,,,,,,0,0.6567,unreachable
1104,1105,cover,,,high,f,0.8,,,,,,,,,,,0,,unmapped
1105,1106,tortilla,4197,tortilla,medium,c,0.8,0.34,68,34,34,34,8,26,0,0.8095,1.0,1,1.0,ok
1106,1107,tow_truck,4211,tow truck,medium,c,0.8,0.32,82,41,41,40,9,32,1,0.8163,0.9756,1,1.0,ok
1107,1108,towel,4212,towel,high,f,0.8,0.36,1272,636,636,226,55,581,410,0.8043,0.3553,1,0.9,ok
1108,1109,towel_rack,4213,towel bar,high,f,0.8,0.345,1140,570,570,545,114,456,25,0.827,0.9561,1,1.0,ok
1109,1110,toy,4218,toy,high,f,0.8,0.36,2298,1149,1149,899,200,949,250,0.818,0.7824,1,1.0,ok
1110,1111,tractor_(farm_equipment),4223,tractor,medium,c,0.8,0.32,122,61,61,42,10,51,19,0.8077,0.6885,1,1.0,ok
1111,1112,traffic_light,3915,traffic light,high,f,0.8,0.315,3780,1890,1890,1781,425,1465,109,0.8073,0.9423,1,1.0,ok
1112,1113,dirt_bike,1332,dirt bike,medium,c,0.8,,,18,,,,,,,,0,,low_gt
1113,1114,trailer_truck,4234,trailer truck,high,f,0.8,0.31,286,143,143,131,28,115,12,0.8239,0.9161,1,1.0,ok
1114,1115,train_(railroad_vehicle),4235,train,high,f,0.8,0.34,3034,1517,1517,1477,302,1215,40,0.8302,0.9736,1,1.0,ok
1115,1116,trampoline,4246,trampoline,weak,r,0.8,,,7,,,,,,,,0,,low_gt
1116,1117,tray,4250,tray,high,f,0.8,0.37,1886,943,943,442,97,846,501,0.82,0.4687,1,1.0,ok
1117,1118,trench_coat,87,trench coat,weak,r,0.8,,,6,,,,,,,,0,,low_gt
1118,1119,triangle_(musical_instrument),4261,triangle,weak,r,0.8,,,1,,,,,,,,0,,low_gt
1119,1120,tricycle,4266,tricycle,medium,c,0.8,,,11,,,,,,,,0,,low_gt
1120,1121,tripod,4269,tripod,high,f,0.8,0.37,202,101,101,24,3,98,77,0.8889,0.2376,1,1.0,ok
1121,1122,trousers,2917,pants,high,f,0.8,,3818,1909,1909,,,,,,,0,0.6608,unreachable
1122,1123,truck,4276,truck,high,f,0.8,0.34,1600,800,800,541,132,668,259,0.8039,0.6763,1,1.0,ok
1123,1124,truffle_(chocolate),902,truffle,weak,r,0.8,,,1,,,,,,,,0,,low_gt
1124,1125,trunk,,,medium,c,0.8,,,,,,,,,,,0,,unmapped
1125,1126,vat,,,weak,r,0.8,,,,,,,,,,,0,,unmapped
1126,1127,turban,,,medium,c,0.8,,,,,,,,,,,0,,unmapped
1127,1128,turkey_(food),4286,turkey,medium,c,0.8,0.35,62,31,31,24,6,25,7,0.8,0.7742,1,1.0,ok
1128,1129,turnip,4288,turnip,weak,r,0.8,,,7,,,,,,,,0,,low_gt
1129,1130,turtle,4291,turtle,medium,c,0.8,,,20,,,,,,,,0,,low_gt
1130,1131,turtleneck_(clothing),3157,polo neck,medium,c,0.8,,,11,,,,,,,,0,,low_gt
1131,1132,typewriter,4308,typewriter,medium,c,0.8,,,13,,,,,,,,0,,low_gt
1132,1133,umbrella,4311,umbrella,high,f,0.8,0.35,3848,1924,1924,1319,272,1652,605,0.829,0.6856,1,0.9907,ok
1133,1134,underwear,4312,underclothes,high,f,0.8,0.34,226,113,113,64,15,98,49,0.8101,0.5664,1,0.9355,ok
1134,1135,unicycle,,,weak,r,0.8,,,,,,,,,,,0,,unmapped
1135,1136,urinal,4320,urinal,high,f,0.8,0.32,278,139,139,139,33,106,0,0.8081,1.0,1,1.0,ok
1136,1137,urn,4321,urn,medium,c,0.8,,,12,,,,,,,,0,,low_gt
1137,1138,vacuum_cleaner,,,medium,c,0.8,,,,,,,,,,,0,,unmapped
1138,1139,vase,4333,vase,high,f,0.8,0.325,3732,1866,1866,1384,341,1525,482,0.8023,0.7417,1,1.0,ok
1139,1140,vending_machine,4345,vending machine,medium,c,0.8,0.335,94,47,47,17,3,44,30,0.85,0.3617,1,1.0,ok
1140,1141,vent,4347,vent,high,f,0.8,,2936,1468,1468,,,,,,,0,0.7609,unreachable
1141,1142,vest,4350,vest,high,f,0.8,0.365,1458,729,729,62,14,715,667,0.8158,0.085,1,0.8571,ok
1142,1143,videotape,4358,videotape,medium,c,0.8,0.355,48,24,24,12,3,21,12,0.8,0.5,1,0.8571,ok
1143,1144,vinegar,4364,vinegar,weak,r,0.8,,,1,,,,,,,,0,,low_gt
1144,1145,violin,4368,violin,weak,r,0.8,,,10,,,,,,,,0,,low_gt
1145,1146,vodka,4373,vodka,weak,r,0.8,,,3,,,,,,,,0,,low_gt
1146,1147,volleyball,4375,volleyball,medium,c,0.8,,,14,,,,,,,,0,,low_gt
1147,1148,vulture,4380,vulture,weak,r,0.8,,,4,,,,,,,,0,,low_gt
1148,1149,waffle,4381,waffle,medium,c,0.8,0.33,58,29,29,28,6,23,1,0.8235,0.9655,1,1.0,ok
1149,1150,waffle_iron,4382,waffle iron,weak,r,0.8,,,4,,,,,,,,0,,low_gt
1150,1151,wagon,4383,wagon,medium,c,0.8,0.34,140,70,70,60,15,55,10,0.8,0.8571,1,1.0,ok
1151,1152,wagon_wheel,4384,wagon wheel,medium,c,0.8,0.315,92,46,46,41,10,36,5,0.8039,0.8913,1,1.0,ok
1152,1153,walking_stick,,,medium,c,0.8,,,,,,,,,,,0,,unmapped
1153,1154,wall_clock,4392,wall clock,medium,c,0.8,0.32,96,48,48,24,6,42,24,0.8,0.5,1,1.0,ok
1154,1155,wall_socket,2883,electric outlet,high,f,0.8,0.37,3710,1855,1855,127,30,1825,1728,0.8089,0.0685,1,0.9286,ok
1155,1156,wallet,,,high,f,0.8,,,,,,,,,,,0,,unmapped
1156,1157,walrus,4395,walrus,weak,r,0.8,,,1,,,,,,,,0,,low_gt
1157,1158,wardrobe,,,weak,r,0.8,,,,,,,,,,,0,,unmapped
1158,1159,washbasin,307,basin,weak,r,0.8,,,10,,,,,,,,0,,low_gt
1159,1160,automatic_washer,4406,washing machine,medium,c,0.8,0.33,108,54,54,50,10,44,4,0.8333,0.9259,1,1.0,ok
1160,1161,watch,4410,watch,high,f,0.8,,3844,1922,1922,,,,,,,0,0.6369,unreachable
1161,1162,water_bottle,,,high,f,0.8,,,,,,,,,,,0,,unmapped
1162,1163,water_cooler,4414,water cooler,medium,c,0.8,,62,31,31,,,,,,,0,0.5714,unreachable
1163,1164,water_faucet,,,medium,c,0.8,,,,,,,,,,,0,,unmapped
1164,1165,water_heater,4417,water heater,weak,r,0.8,,,7,,,,,,,,0,,low_gt
1165,1166,water_jug,,,medium,c,0.8,,,,,,,,,,,0,,unmapped
1166,1167,water_gun,3846,water gun,weak,r,0.8,,,1,,,,,,,,0,,low_gt
1167,1168,water_scooter,,,medium,c,0.8,,,,,,,,,,,0,,unmapped
1168,1169,water_ski,4423,water ski,medium,c,0.8,0.31,100,50,50,50,11,39,0,0.8197,1.0,1,1.0,ok
1169,1170,water_tower,4426,water tower,medium,c,0.8,0.33,90,45,45,16,4,41,29,0.8,0.3556,1,0.8571,ok
1170,1171,watering_can,4431,watering can,medium,c,0.8,0.335,56,28,28,18,3,25,10,0.8571,0.6429,1,1.0,ok
1171,1172,watermelon,4433,watermelon,high,f,0.8,0.345,228,114,114,58,13,101,56,0.8169,0.5088,1,1.0,ok
1172,1173,weathervane,4441,vane,high,f,0.8,,386,193,193,,,,,,,0,0.7049,unreachable
1173,1174,webcam,4443,webcam,medium,c,0.8,0.37,42,21,21,18,3,18,3,0.8571,0.8571,1,0.9231,ok
1174,1175,wedding_cake,4447,wedding cake,medium,c,0.8,0.29,182,91,91,91,21,70,0,0.8125,1.0,1,1.0,ok
1175,1176,wedding_ring,4445,wedding ring,medium,c,0.8,0.31,62,31,31,12,3,28,19,0.8,0.3871,1,1.0,ok
1176,1177,wet_suit,4465,wet suit,high,f,0.8,0.345,2938,1469,1469,1093,261,1208,376,0.8072,0.744,1,0.875,ok
1177,1178,wheel,4472,wheel,high,f,0.8,0.365,3848,1924,1924,543,111,1813,1381,0.8303,0.2822,1,1.0,ok
1178,1179,wheelchair,4473,wheelchair,medium,c,0.8,0.33,174,87,87,52,11,76,35,0.8254,0.5977,1,1.0,ok
1179,1180,whipped_cream,4475,whipped cream,medium,c,0.8,0.335,154,77,77,73,16,61,4,0.8202,0.9481,1,1.0,ok
1180,1181,whistle,4479,whistle,medium,c,0.8,,,11,,,,,,,,0,,low_gt
1181,1182,wig,4487,wig,medium,c,0.8,0.34,94,47,47,32,8,39,15,0.8,0.6809,1,1.0,ok
1182,1183,wind_chime,4497,wind chime,medium,c,0.8,0.325,42,21,21,15,3,18,6,0.8333,0.7143,1,0.8571,ok
1183,1184,windmill,4500,windmill,medium,c,0.8,0.32,94,47,47,28,7,40,19,0.8,0.5957,1,1.0,ok
1184,1185,window_box_(for_plants),4502,window box,medium,c,0.8,0.37,140,70,70,13,2,68,57,0.8667,0.1857,1,0.9,ok
1185,1186,windshield_wiper,4508,wiper,high,f,0.8,,3676,1838,1838,,,,,,,0,0.5036,unreachable
1186,1187,windsock,32,air sock,medium,c,0.8,,,19,,,,,,,,0,,low_gt
1187,1188,wine_bottle,4511,wine bottle,high,f,0.8,0.295,1062,531,531,388,93,438,143,0.8067,0.7307,1,1.0,ok
1188,1189,wine_bucket,4512,wine cooler,medium,c,0.8,,,11,,,,,,,,0,,low_gt
1189,1190,wineglass,,,high,f,0.8,,,,,,,,,,,0,,unmapped
1190,1191,blinder_(for_horses),,,high,f,0.8,,,,,,,,,,,0,,unmapped
1191,1192,wok,4530,wok,medium,c,0.8,0.355,52,26,26,24,5,21,2,0.8276,0.9231,1,0.9286,ok
1192,1193,wolf,4531,wolf,weak,r,0.8,,,5,,,,,,,,0,,low_gt
1193,1194,wooden_spoon,4538,wooden spoon,medium,c,0.8,0.32,112,56,56,30,5,51,26,0.8571,0.5357,1,0.9545,ok
1194,1195,wreath,1838,wreath,medium,c,0.8,0.32,146,73,73,43,7,66,30,0.86,0.589,1,1.0,ok
1195,1196,wrench,3796,wrench,medium,c,0.8,0.335,64,32,32,18,4,28,14,0.8182,0.5625,1,0.8333,ok
1196,1197,wristband,4559,wristband,high,f,0.8,,256,128,128,,,,,,,0,0.7692,unreachable
1197,1198,wristlet,,,high,f,0.8,,,,,,,,,,,0,,unmapped
1198,1199,yacht,4565,yacht,medium,c,0.8,,,12,,,,,,,,0,,low_gt
1199,1200,yogurt,4571,yoghurt,medium,c,0.8,0.35,104,52,52,32,8,44,20,0.8,0.6154,1,1.0,ok
1200,1201,yoke_(animal_equipment),4572,yoke,medium,c,0.8,,,11,,,,,,,,0,,low_gt
1201,1202,zebra,4577,zebra,high,f,0.8,0.325,3348,1674,1674,1666,329,1345,8,0.8351,0.9952,1,1.0,ok
1202,1203,zucchini,1153,courgette,medium,c,0.8,0.355,162,81,81,56,10,71,25,0.8485,0.6914,1,1.0,ok
0,1,aerosol_can,26,spray can,medium,c,0.85,,128,64,64,,,,,,,0,0.6875,unreachable
1,2,air_conditioner,30,air conditioner,high,f,0.85,,728,364,364,,,,,,,0,0.7097,unreachable
2,3,airplane,,,high,f,0.85,,,,,,,,,,,0,,unmapped
3,4,alarm_clock,48,alarm clock,high,f,0.85,0.345,298,149,149,49,5,144,100,0.9074,0.3289,1,1.0,ok
4,5,alcohol,52,alcohol,medium,c,0.85,0.35,58,29,29,23,4,25,6,0.8519,0.7931,1,1.0,ok
5,6,alligator,,,medium,c,0.85,,,,,,,,,,,0,,unmapped
6,7,almond,56,almond,medium,c,0.85,0.375,118,59,59,5,0,59,54,1.0,0.0847,1,1.0,ok
7,8,ambulance,64,ambulance,medium,c,0.85,0.32,44,22,22,16,2,20,6,0.8889,0.7273,1,1.0,ok
8,9,amplifier,69,amplifier,medium,c,0.85,,,12,,,,,,,,0,,low_gt
9,10,anklet,85,anklet,medium,c,0.85,,56,28,28,,,,,,,0,0.75,unreachable
10,11,antenna,24,antenna,high,f,0.85,,1010,505,505,,,,,,,0,0.7923,unreachable
11,12,apple,101,apple,high,f,0.85,0.355,2414,1207,1207,772,104,1103,435,0.8813,0.6396,1,1.0,ok
12,13,applesauce,105,applesauce,weak,r,0.85,,,4,,,,,,,,0,,low_gt
13,14,apricot,109,apricot,weak,r,0.85,,,10,,,,,,,,0,,low_gt
14,15,apron,110,apron,high,f,0.85,0.36,1000,500,500,137,22,478,363,0.8616,0.274,1,1.0,ok
15,16,aquarium,112,aquarium,medium,c,0.85,0.3,66,33,33,29,4,29,4,0.8788,0.8788,1,1.0,ok
16,17,arctic_(type_of_shoe),,,weak,r,0.85,,,,,,,,,,,0,,unmapped
17,18,armband,131,armband,medium,c,0.85,,88,44,44,,,,,,,0,0.6667,unreachable
18,19,armchair,132,armchair,high,f,0.85,0.345,1122,561,561,391,63,498,170,0.8612,0.697,1,1.0,ok
19,20,armoire,133,armoire,weak,r,0.85,,,8,,,,,,,,0,,low_gt
20,21,armor,134,armor,weak,r,0.85,,,9,,,,,,,,0,,low_gt
21,22,artichoke,148,artichoke,medium,c,0.85,0.36,66,33,33,14,1,32,19,0.9333,0.4242,1,1.0,ok
22,23,trash_can,,,high,f,0.85,,,,,,,,,,,0,,unmapped
23,24,ashtray,154,ashtray,medium,c,0.85,,196,98,98,,,,,,,0,0.7895,unreachable
24,25,asparagus,156,asparagus,medium,c,0.85,0.32,140,70,70,69,12,58,1,0.8519,0.9857,1,1.0,ok
25,26,atomizer,3830,spray,medium,c,0.85,,92,46,46,,,,,,,0,0.8333,unreachable
26,27,avocado,199,avocado,high,f,0.85,0.36,234,117,117,60,8,109,57,0.8824,0.5128,1,0.9524,ok
27,28,award,200,award,medium,c,0.85,0.35,82,41,41,17,3,38,24,0.85,0.4146,1,0.8889,ok
28,29,awning,,,high,f,0.85,,,,,,,,,,,0,,unmapped
29,30,ax,204,ax,weak,r,0.85,,,7,,,,,,,,0,,low_gt
30,31,baboon,206,baboon,weak,r,0.85,,,1,,,,,,,,0,,low_gt
31,32,baby_buggy,209,baby carriage,high,f,0.85,0.395,628,314,314,7,0,314,307,1.0,0.0223,1,1.0,ok
32,33,basketball_backboard,311,basketball backboard,medium,c,0.85,0.335,62,31,31,18,3,28,13,0.8571,0.5806,1,1.0,ok
33,34,backpack,218,backpack,high,f,0.85,0.37,3810,1905,1905,294,49,1856,1611,0.8571,0.1543,1,1.0,ok
34,35,handbag,2014,handbag,high,f,0.85,,3718,1859,1859,,,,,,,0,0.8195,unreachable
35,36,suitcase,2500,luggage,high,f,0.85,0.34,3246,1623,1623,1339,216,1407,284,0.8611,0.825,1,1.0,ok
36,37,bagel,227,bagel,medium,c,0.85,0.345,94,47,47,43,7,40,4,0.86,0.9149,1,1.0,ok
37,38,bagpipe,228,bagpipe,weak,r,0.85,,,3,,,,,,,,0,,low_gt
38,39,baguet,229,baguette,weak,r,0.85,,,3,,,,,,,,0,,low_gt
39,40,bait,230,bait,weak,r,0.85,,,1,,,,,,,,0,,low_gt
40,41,ball,239,ball,high,f,0.85,0.4,610,305,305,15,2,303,290,0.8824,0.0492,1,1.0,ok
41,42,ballet_skirt,244,ballet skirt,weak,r,0.85,,,6,,,,,,,,0,,low_gt
42,43,balloon,245,balloon,high,f,0.85,0.35,420,210,210,71,11,199,139,0.8659,0.3381,1,1.0,ok
43,44,bamboo,249,bamboo,medium,c,0.85,0.355,72,36,36,11,1,35,25,0.9167,0.3056,1,1.0,ok
44,45,banana,251,banana,high,f,0.85,0.355,3574,1787,1787,1209,177,1610,578,0.8723,0.6766,1,1.0,ok
45,46,Band_Aid,256,band aid,medium,c,0.85,,,17,,,,,,,,0,,low_gt
46,47,bandage,257,bandage,medium,c,0.85,0.365,102,51,51,7,0,51,44,1.0,0.1373,1,1.0,ok
47,48,bandanna,,,high,f,0.85,,,,,,,,,,,0,,unmapped
48,49,banjo,263,banjo,weak,r,0.85,,,3,,,,,,,,0,,low_gt
49,50,banner,268,banner,high,f,0.85,0.37,2940,1470,1470,70,12,1458,1400,0.8537,0.0476,1,1.0,ok
50,51,barbell,279,barbell,weak,r,0.85,,,3,,,,,,,,0,,low_gt
51,52,barge,283,barge,weak,r,0.85,,,2,,,,,,,,0,,low_gt
52,53,barrel,290,barrel,high,f,0.85,0.385,372,186,186,10,1,185,176,0.9091,0.0538,1,1.0,ok
53,54,barrette,,,medium,c,0.85,,,,,,,,,,,0,,unmapped
54,55,barrow,,,medium,c,0.85,,,,,,,,,,,0,,unmapped
55,56,baseball_base,296,baseball base,high,f,0.85,0.32,606,303,303,303,50,253,0,0.8584,1.0,1,1.0,ok
56,57,baseball,295,baseball,high,f,0.85,0.335,1476,738,738,702,106,632,36,0.8688,0.9512,1,1.0,ok
57,58,baseball_bat,297,baseball bat,high,f,0.85,0.325,3598,1799,1799,1712,263,1536,87,0.8668,0.9516,1,1.0,ok
58,59,baseball_cap,2281,jockey cap,high,f,0.85,0.38,3868,1934,1934,92,15,1919,1842,0.8598,0.0476,1,0.9,ok
59,60,baseball_glove,301,baseball glove,high,f,0.85,0.315,3218,1609,1609,1572,245,1364,37,0.8652,0.977,1,1.0,ok
60,61,basket,308,basket,high,f,0.85,0.39,3244,1622,1622,21,3,1619,1601,0.875,0.0129,1,1.0,ok
61,62,basketball,310,basketball,medium,c,0.85,0.375,82,41,41,26,4,37,15,0.8667,0.6341,1,1.0,ok
62,63,bass_horn,321,bass horn,weak,r,0.85,,,4,,,,,,,,0,,low_gt
63,64,bat_(animal),323,bat,medium,c,0.85,,,11,,,,,,,,0,,low_gt
64,65,bath_mat,326,bath mat,high,f,0.85,0.345,540,270,270,249,36,234,21,0.8737,0.9222,1,1.0,ok
65,66,bath_towel,327,bath towel,high,f,0.85,0.33,698,349,349,316,49,300,33,0.8658,0.9054,1,1.0,ok
66,67,bathrobe,329,bathrobe,medium,c,0.85,0.325,84,42,42,41,6,36,1,0.8723,0.9762,1,1.0,ok
67,68,bathtub,,,high,f,0.85,,,,,,,,,,,0,,unmapped
68,69,batter_(food),340,batter,weak,r,0.85,,,6,,,,,,,,0,,low_gt
69,70,battery,341,battery,medium,c,0.85,0.36,96,48,48,42,5,43,6,0.8936,0.875,1,1.0,ok
70,71,beachball,,,weak,r,0.85,,,,,,,,,,,0,,unmapped
71,72,bead,358,bead,medium,c,0.85,0.345,84,42,42,19,3,39,23,0.8636,0.4524,1,1.0,ok
72,73,bean_curd,4177,tofu,medium,c,0.85,0.34,48,24,24,24,4,20,0,0.8571,1.0,1,1.0,ok
73,74,beanbag,365,beanbag,medium,c,0.85,,,16,,,,,,,,0,,low_gt
74,75,beanie,,,high,f,0.85,,,,,,,,,,,0,,unmapped
75,76,bear,366,bear,high,f,0.85,0.34,1292,646,646,608,103,543,38,0.8551,0.9412,1,0.996,ok
76,77,bed,375,bed,high,f,0.85,0.355,3530,1765,1765,1637,246,1519,128,0.8694,0.9275,1,1.0,ok
77,78,bedpan,380,bedpan,weak,r,0.85,,,2,,,,,,,,0,,low_gt
78,79,bedspread,376,bedcover,high,f,0.85,0.345,250,125,125,111,15,110,14,0.881,0.888,1,1.0,ok
79,80,cow,1160,cow,high,f,0.85,0.335,2840,1420,1420,1345,222,1198,75,0.8583,0.9472,1,1.0,ok
80,81,beef_(food),385,beef,high,f,0.85,0.355,280,140,140,135,22,118,5,0.8599,0.9643,1,1.0,ok
81,82,beeper,387,beeper,weak,r,0.85,,,4,,,,,,,,0,,low_gt
82,83,beer_bottle,389,beer bottle,high,f,0.85,0.325,644,322,322,127,20,302,195,0.8639,0.3944,1,0.9524,ok
83,84,beer_can,390,beer can,medium,c,0.85,0.335,120,60,60,40,7,53,20,0.8511,0.6667,1,1.0,ok
84,85,beetle,395,beetle,weak,r,0.85,,,2,,,,,,,,0,,low_gt
85,86,bell,,,high,f,0.85,,,,,,,,,,,0,,unmapped
86,87,bell_pepper,398,bell pepper,high,f,0.85,0.35,666,333,333,49,8,325,284,0.8596,0.1471,1,1.0,ok
87,88,belt,400,belt,high,f,0.85,,3882,1941,1941,,,,,,,0,0.7654,unreachable
88,89,belt_buckle,401,belt buckle,high,f,0.85,0.34,734,367,367,61,9,358,306,0.8714,0.1662,1,0.9655,ok
89,90,bench,402,bench,high,f,0.85,0.35,3844,1922,1922,1013,175,1747,909,0.8527,0.5271,1,1.0,ok
90,91,beret,406,beret,medium,c,0.85,,,18,,,,,,,,0,,low_gt
91,92,bib,410,bib,medium,c,0.85,0.38,162,81,81,7,0,81,74,1.0,0.0864,1,1.0,ok
92,93,Bible,412,bible,weak,r,0.85,,,1,,,,,,,,0,,low_gt
93,94,bicycle,414,bicycle,high,f,0.85,0.335,3704,1852,1852,1263,208,1644,589,0.8586,0.682,1,1.0,ok
94,95,visor,4372,visor,high,f,0.85,,860,430,430,,,,,,,0,0.6599,unreachable
95,96,billboard,428,billboard,high,f,0.85,0.34,494,247,247,122,19,228,125,0.8652,0.4939,1,1.0,ok
96,97,binder,431,binder,medium,c,0.85,0.35,188,94,94,48,7,87,46,0.8727,0.5106,1,1.0,ok
97,98,binoculars,432,binocular,medium,c,0.85,,42,21,21,,,,,,,0,0.6364,unreachable
98,99,bird,437,bird,high,f,0.85,0.35,3642,1821,1821,1263,209,1612,558,0.858,0.6936,1,1.0,ok
99,100,birdfeeder,,,medium,c,0.85,,,,,,,,,,,0,,unmapped
100,101,birdbath,442,birdbath,medium,c,0.85,,,12,,,,,,,,0,,low_gt
101,102,birdcage,,,medium,c,0.85,,,,,,,,,,,0,,unmapped
102,103,birdhouse,,,medium,c,0.85,,,,,,,,,,,0,,unmapped
103,104,birthday_cake,446,birthday cake,high,f,0.85,0.325,488,244,244,238,42,202,6,0.85,0.9754,1,1.0,ok
104,105,birthday_card,448,birthday card,weak,r,0.85,,,7,,,,,,,,0,,low_gt
105,106,pirate_flag,3069,pirate flag,weak,r,0.85,,,1,,,,,,,,0,,low_gt
106,107,black_sheep,456,black sheep,medium,c,0.85,0.335,80,40,40,39,6,34,1,0.8667,0.975,1,1.0,ok
107,108,blackberry,457,blackberry,medium,c,0.85,0.365,80,40,40,6,1,39,34,0.8571,0.15,1,0.8571,ok
108,109,blackboard,459,blackboard,high,f,0.85,0.345,208,104,104,17,3,101,87,0.85,0.1635,1,1.0,ok
109,110,blanket,462,blanket,high,f,0.85,0.35,3342,1671,1671,1276,219,1452,395,0.8535,0.7636,1,1.0,ok
110,111,blazer,463,sports coat,medium,c,0.85,,98,49,49,,,,,,,0,0.6667,unreachable
111,112,blender,465,blender,high,f,0.85,0.365,486,243,243,133,16,227,110,0.8926,0.5473,1,1.0,ok
112,113,blimp,,,weak,r,0.85,,,,,,,,,,,0,,unmapped
113,114,blinker,469,flasher,high,f,0.85,,484,242,242,,,,,,,0,0.625,unreachable
114,115,blouse,476,blouse,high,f,0.85,0.345,542,271,271,52,9,262,219,0.8525,0.1919,1,0.8627,ok
115,116,blueberry,484,blueberry,high,f,0.85,0.355,208,104,104,61,9,95,43,0.8714,0.5865,1,1.0,ok
116,117,gameboard,,,weak,r,0.85,,,,,,,,,,,0,,unmapped
117,118,boat,491,boat,high,f,0.85,0.335,3516,1758,1758,1547,188,1570,211,0.8916,0.88,1,1.0,ok
118,119,bob,496,bobfloat,weak,r,0.85,,,1,,,,,,,,0,,low_gt
119,120,bobbin,3344,reel,medium,c,0.85,,96,48,48,,,,,,,0,0.5169,unreachable
120,121,bobby_pin,1994,hairgrip,medium,c,0.85,,,14,,,,,,,,0,,low_gt
121,122,boiled_egg,501,boiled egg,medium,c,0.85,0.38,80,40,40,5,0,40,35,1.0,0.125,1,1.0,ok
122,123,bolo_tie,503,bolo tie,weak,r,0.85,,,1,,,,,,,,0,,low_gt
123,124,deadbolt,1272,deadbolt,medium,c,0.85,,74,37,37,,,,,,,0,0.75,unreachable
124,125,bolt,504,bolt,high,f,0.85,0.375,3020,1510,1510,152,26,1484,1358,0.8539,0.1007,1,0.95,ok
125,126,bonnet,510,bonnet,weak,r,0.85,,,6,,,,,,,,0,,low_gt
126,127,book,512,book,high,f,0.85,0.345,3806,1903,1903,926,150,1753,977,0.8606,0.4866,1,1.0,ok
127,128,bookcase,514,bookcase,medium,c,0.85,0.335,140,70,70,60,9,61,10,0.8696,0.8571,1,1.0,ok
128,129,booklet,,,medium,c,0.85,,,,,,,,,,,0,,unmapped
129,130,bookmark,516,bookmark,weak,r,0.85,,,7,,,,,,,,0,,low_gt
130,131,boom_microphone,519,boom microphone,weak,r,0.85,,,5,,,,,,,,0,,low_gt
131,132,boot,521,boot,high,f,0.85,,2812,1406,1406,,,,,,,0,0.8,unreachable
132,133,bottle,525,bottle,high,f,0.85,0.39,3802,1901,1901,56,9,1892,1845,0.8615,0.0295,1,1.0,ok
133,134,bottle_opener,527,bottle opener,medium,c,0.85,,,15,,,,,,,,0,,low_gt
134,135,bouquet,531,bouquet,medium,c,0.85,0.33,56,28,28,27,4,24,1,0.871,0.9643,1,1.0,ok
135,136,bow_(weapon),,,weak,r,0.85,,,,,,,,,,,0,,unmapped
136,137,bow_(decorative_ribbons),,,high,f,0.85,,,,,,,,,,,0,,unmapped
137,138,bow-tie,535,bow tie,high,f,0.85,0.35,468,234,234,83,12,222,151,0.8737,0.3547,1,0.9667,ok
138,139,bowl,537,bowl,high,f,0.85,0.395,3844,1922,1922,52,9,1913,1870,0.8525,0.0271,1,1.0,ok
139,140,pipe_bowl,3067,pipe bowl,weak,r,0.85,,,1,,,,,,,,0,,low_gt
140,141,bowler_hat,1295,derby,medium,c,0.85,,70,35,35,,,,,,,0,0.8,unreachable
141,142,bowling_ball,540,bowling ball,weak,r,0.85,,,5,,,,,,,,0,,low_gt
142,143,box,542,box,high,f,0.85,0.38,3656,1828,1828,148,24,1804,1680,0.8605,0.081,1,0.9231,ok
143,144,boxing_glove,548,boxing glove,weak,r,0.85,,,8,,,,,,,,0,,low_gt
144,145,suspenders,4016,suspenders,medium,c,0.85,0.355,126,63,63,13,2,61,50,0.8667,0.2063,1,0.8667,ok
145,146,bracelet,261,bracelet,high,f,0.85,,3334,1667,1667,,,,,,,0,0.6959,unreachable
146,147,brass_plaque,561,brass plaque,weak,r,0.85,,,4,,,,,,,,0,,low_gt
147,148,brassiere,259,bandeau,medium,c,0.85,,190,95,95,,,,,,,0,0.6842,unreachable
148,149,bread-bin,563,breadbox,medium,c,0.85,,,17,,,,,,,,0,,low_gt
149,150,bread,562,bread,high,f,0.85,0.345,3134,1567,1567,1354,221,1346,213,0.8597,0.8641,1,1.0,ok
150,151,breechcloth,,,weak,r,0.85,,,,,,,,,,,0,,unmapped
151,152,bridal_gown,573,wedding dress,high,f,0.85,0.295,206,103,103,99,12,91,4,0.8919,0.9612,1,1.0,ok
152,153,briefcase,579,briefcase,medium,c,0.85,,100,50,50,,,,,,,0,0.7586,unreachable
153,154,broccoli,584,broccoli,high,f,0.85,0.335,2618,1309,1309,1229,216,1093,80,0.8505,0.9389,1,1.0,ok
154,155,broach,582,broach,weak,r,0.85,,,6,,,,,,,,0,,low_gt
155,156,broom,591,broom,medium,c,0.85,0.365,184,92,92,12,2,90,80,0.8571,0.1304,1,0.9091,ok
156,157,brownie,595,brownie,medium,c,0.85,,,19,,,,,,,,0,,low_gt
157,158,brussels_sprouts,600,brussels sprout,medium,c,0.85,0.35,74,37,37,23,3,34,14,0.8846,0.6216,1,0.9167,ok
158,159,bubble_gum,602,bubble gum,weak,r,0.85,,,4,,,,,,,,0,,low_gt
159,160,bucket,,,high,f,0.85,,,,,,,,,,,0,,unmapped
160,161,horse_buggy,,,weak,r,0.85,,,,,,,,,,,0,,unmapped
161,162,bull,618,bull,medium,c,0.85,0.355,164,82,82,69,11,71,13,0.8625,0.8415,1,1.0,ok
162,163,bulldog,619,bulldog,medium,c,0.85,,,15,,,,,,,,0,,low_gt
163,164,bulldozer,1388,dozer,weak,r,0.85,,,3,,,,,,,,0,,low_gt
164,165,bullet_train,621,bullet train,medium,c,0.85,0.32,122,61,61,61,8,53,0,0.8841,1.0,1,1.0,ok
165,166,bulletin_board,622,bulletin board,medium,c,0.85,0.34,102,51,51,18,3,48,33,0.8571,0.3529,1,1.0,ok
166,167,bulletproof_vest,623,bulletproof vest,weak,r,0.85,,,5,,,,,,,,0,,low_gt
167,168,bullhorn,625,megaphone,medium,c,0.85,,,13,,,,,,,,0,,low_gt
168,169,bun,629,roll,high,f,0.85,0.375,1284,642,642,185,27,615,457,0.8726,0.2882,1,0.8726,ok
169,170,bunk_bed,632,bunk bed,medium,c,0.85,0.355,48,24,24,23,3,21,1,0.8846,0.9583,1,1.0,ok
170,171,buoy,635,buoy,high,f,0.85,0.36,510,255,255,148,20,235,107,0.881,0.5804,1,0.931,ok
171,172,burrito,639,burrito,weak,r,0.85,,,9,,,,,,,,0,,low_gt
172,173,bus_(vehicle),640,bus,high,f,0.85,0.34,3616,1808,1808,1682,272,1536,126,0.8608,0.9303,1,1.0,ok
173,174,business_card,648,business card,medium,c,0.85,,62,31,31,,,,,,,0,0.8333,unreachable
174,175,butter,658,butter,high,f,0.85,0.365,316,158,158,79,12,146,79,0.8681,0.5,1,1.0,ok
175,176,butterfly,660,butterfly,medium,c,0.85,0.325,160,80,80,39,5,75,41,0.8864,0.4875,1,1.0,ok
176,177,button,662,button,high,f,0.85,,3768,1884,1884,,,,,,,0,0.6667,unreachable
177,178,cab_(taxi),665,taxi,high,f,0.85,0.33,316,158,158,145,25,133,13,0.8529,0.9177,1,1.0,ok
178,179,cabana,666,cabana,weak,r,0.85,,,2,,,,,,,,0,,low_gt
179,180,cabin_car,669,cabin car,medium,c,0.85,,,12,,,,,,,,0,,low_gt
180,181,cabinet,670,cabinet,high,f,0.85,0.355,3318,1659,1659,1211,199,1460,448,0.8589,0.73,1,1.0,ok
181,182,locker,2485,locker,weak,r,0.85,,,7,,,,,,,,0,,low_gt
182,183,cake,678,cake,high,f,0.85,0.35,1668,834,834,751,117,717,83,0.8652,0.9005,1,1.0,ok
183,184,calculator,680,calculator,medium,c,0.85,0.305,114,57,57,47,6,51,10,0.8868,0.8246,1,1.0,ok
184,185,calendar,682,calendar,high,f,0.85,0.345,348,174,174,62,10,164,112,0.8611,0.3563,1,1.0,ok
185,186,calf,683,calf,medium,c,0.85,0.335,190,95,95,94,15,80,1,0.8624,0.9895,1,1.0,ok
186,187,camcorder,688,camcorder,medium,c,0.85,,54,27,27,,,,,,,0,0.8,unreachable
187,188,camel,689,camel,medium,c,0.85,0.35,44,22,22,11,1,21,11,0.9167,0.5,1,1.0,ok
188,189,camera,690,camera,high,f,0.85,0.39,2782,1391,1391,106,16,1375,1285,0.8689,0.0762,1,1.0,ok
189,190,camera_lens,691,camera lens,medium,c,0.85,0.34,180,90,90,52,8,82,38,0.8667,0.5778,1,1.0,ok
190,191,camper_(vehicle),694,camper,medium,c,0.85,0.36,80,40,40,18,2,38,22,0.9,0.45,1,1.0,ok
191,192,can,699,can,high,f,0.85,0.38,890,445,445,7,0,445,438,1.0,0.0157,1,1.0,ok
192,193,can_opener,700,can opener,medium,c,0.85,,42,21,21,,,,,,,0,0.6,unreachable
193,194,candle,704,candle,high,f,0.85,0.34,2264,1132,1132,481,77,1055,651,0.862,0.4249,1,1.0,ok
194,195,candle_holder,705,candle holder,high,f,0.85,0.335,354,177,177,59,9,168,118,0.8676,0.3333,1,0.96,ok
195,196,candy_bar,707,candy bar,weak,r,0.85,,,4,,,,,,,,0,,low_gt
196,197,candy_cane,708,candy cane,medium,c,0.85,,,17,,,,,,,,0,,low_gt
197,198,walking_cane,4391,walking cane,medium,c,0.85,,168,84,84,,,,,,,0,0.8235,unreachable
198,199,canister,,,medium,c,0.85,,,,,,,,,,,0,,unmapped
199,200,canoe,1435,canoe,medium,c,0.85,0.33,60,30,30,25,4,26,5,0.8621,0.8333,1,1.0,ok
200,201,cantaloup,715,cantaloupe,medium,c,0.85,0.355,50,25,25,15,2,23,10,0.8824,0.6,1,1.0,ok
201,202,canteen,676,canteen,weak,r,0.85,,,2,,,,,,,,0,,low_gt
202,203,cap_(headwear),719,cap,high,f,0.85,,250,125,125,,,,,,,0,0.6486,unreachable
203,204,bottle_cap,526,bottle cap,high,f,0.85,0.365,2270,1135,1135,35,6,1129,1100,0.8537,0.0308,1,0.9,ok
204,205,cape,720,cape,medium,c,0.85,,,19,,,,,,,,0,,low_gt
205,206,cappuccino,722,cappuccino,medium,c,0.85,0.32,144,72,72,66,9,63,6,0.88,0.9167,1,1.0,ok
206,207,car_(automobile),726,car,high,f,0.85,0.36,3852,1926,1926,490,86,1840,1436,0.8507,0.2544,1,0.9286,ok
207,208,railcar_(part_of_a_train),3289,railcar,high,f,0.85,0.325,318,159,159,158,25,134,1,0.8634,0.9937,1,1.0,ok
208,209,elevator_car,1485,elevator car,weak,r,0.85,,,7,,,,,,,,0,,low_gt
209,210,car_battery,187,car battery,weak,r,0.85,,,1,,,,,,,,0,,low_gt
210,211,identity_card,2201,identity card,medium,c,0.85,,,13,,,,,,,,0,,low_gt
211,212,card,738,card,medium,c,0.85,0.335,70,35,35,16,2,33,19,0.8889,0.4571,1,0.8889,ok
212,213,cardigan,742,cardigan,medium,c,0.85,,,18,,,,,,,,0,,low_gt
213,214,cargo_ship,746,cargo ship,weak,r,0.85,,,8,,,,,,,,0,,low_gt
214,215,carnation,748,carnation,weak,r,0.85,,,6,,,,,,,,0,,low_gt
215,216,horse_carriage,,,medium,c,0.85,,,,,,,,,,,0,,unmapped
216,217,carrot,760,carrot,high,f,0.85,0.35,2444,1222,1222,879,152,1070,343,0.8526,0.7193,1,1.0,ok
217,218,tote_bag,4199,tote bag,high,f,0.85,0.325,206,103,103,32,5,98,71,0.8649,0.3107,1,1.0,ok
218,219,cart,763,cart,medium,c,0.85,0.36,56,28,28,21,2,26,7,0.913,0.75,1,1.0,ok
219,220,carton,764,carton,medium,c,0.85,0.365,126,63,63,6,1,62,57,0.8571,0.0952,1,0.8571,ok
220,221,cash_register,3349,register,medium,c,0.85,0.355,56,28,28,7,1,27,21,0.875,0.25,1,0.875,ok
221,222,casserole,774,casserole,weak,r,0.85,,,5,,,,,,,,0,,low_gt
222,223,cassette,775,cassette,weak,r,0.85,,,7,,,,,,,,0,,low_gt
223,224,cast,777,plaster bandage,medium,c,0.85,,,14,,,,,,,,0,,low_gt
224,225,cat,780,cat,high,f,0.85,0.335,3836,1918,1918,1806,295,1623,112,0.8596,0.9416,1,1.0,ok
225,226,cauliflower,796,cauliflower,high,f,0.85,0.32,266,133,133,118,18,115,15,0.8676,0.8872,1,1.0,ok
226,227,cayenne_(spice),,,medium,c,0.85,,,,,,,,,,,0,,unmapped
227,228,CD_player,800,CD player,medium,c,0.85,0.34,54,27,27,19,2,25,8,0.9048,0.7037,1,1.0,ok
228,229,celery,807,celery,high,f,0.85,0.33,220,110,110,91,13,97,19,0.875,0.8273,1,1.0,ok
229,230,cellular_telephone,,,high,f,0.85,,,,,,,,,,,0,,unmapped
230,231,chain_mail,2526,chain mail,weak,r,0.85,,,4,,,,,,,,0,,low_gt
231,232,chair,821,chair,high,f,0.85,0.385,3854,1927,1927,126,19,1908,1801,0.869,0.0654,1,1.0,ok
232,233,chaise_longue,823,daybed,weak,r,0.85,,,8,,,,,,,,0,,low_gt
233,234,chalice,825,chalice,weak,r,0.85,,,1,,,,,,,,0,,low_gt
234,235,chandelier,833,chandelier,high,f,0.85,0.315,526,263,263,210,30,233,53,0.875,0.7985,1,1.0,ok
235,236,chap,836,chap,weak,r,0.85,,,10,,,,,,,,0,,low_gt
236,237,checkbook,850,checkbook,weak,r,0.85,,,2,,,,,,,,0,,low_gt
237,238,checkerboard,,,weak,r,0.85,,,,,,,,,,,0,,unmapped
238,239,cherry,865,cherry,medium,c,0.85,,174,87,87,,,,,,,0,0.7805,unreachable
239,240,chessboard,851,chessboard,weak,r,0.85,,,9,,,,,,,,0,,low_gt
240,241,chicken_(animal),871,chicken,medium,c,0.85,0.345,142,71,71,55,8,63,16,0.873,0.7746,1,1.0,ok
241,242,chickpea,876,garbanzo,medium,c,0.85,,,13,,,,,,,,0,,low_gt
242,243,chili_(vegetable),882,chile,medium,c,0.85,,,18,,,,,,,,0,,low_gt
243,244,chime,,,weak,r,0.85,,,,,,,,,,,0,,unmapped
244,245,chinaware,886,chinaware,weak,r,0.85,,,5,,,,,,,,0,,low_gt
245,246,crisp_(potato_chip),3191,potato chip,medium,c,0.85,0.34,90,45,45,35,6,39,10,0.8537,0.7778,1,1.0,ok
246,247,poker_chip,3144,poker chip,weak,r,0.85,,,1,,,,,,,,0,,low_gt
247,248,chocolate_bar,896,chocolate bar,medium,c,0.85,0.325,46,23,23,17,3,20,6,0.85,0.7391,1,1.0,ok
248,249,chocolate_cake,897,chocolate cake,medium,c,0.85,0.3,64,32,32,30,5,27,2,0.8571,0.9375,1,1.0,ok
249,250,chocolate_milk,900,chocolate milk,weak,r,0.85,,,4,,,,,,,,0,,low_gt
250,251,chocolate_mousse,901,chocolate mousse,weak,r,0.85,,,1,,,,,,,,0,,low_gt
251,252,choker,2778,neckband,high,f,0.85,,1716,858,858,,,,,,,0,0.7826,unreachable
252,253,chopping_board,905,cutting board,high,f,0.85,0.36,1322,661,661,266,37,624,395,0.8779,0.4024,1,0.9643,ok
253,254,chopstick,906,chopstick,high,f,0.85,0.365,336,168,168,93,14,154,75,0.8692,0.5536,1,1.0,ok
254,255,Christmas_tree,917,christmas tree,high,f,0.85,0.31,420,210,210,188,25,185,22,0.8826,0.8952,1,1.0,ok
255,256,slide,3734,slide,medium,c,0.85,0.38,130,65,65,13,1,64,52,0.9286,0.2,1,0.9286,ok
256,257,cider,921,cider,weak,r,0.85,,,4,,,,,,,,0,,low_gt
257,258,cigar_box,923,cigar box,weak,r,0.85,,,2,,,,,,,,0,,low_gt
258,259,cigarette,924,cigarette,high,f,0.85,0.365,318,159,159,58,9,150,101,0.8657,0.3648,1,1.0,ok
259,260,cigarette_case,925,cigarette case,medium,c,0.85,,62,31,31,,,,,,,0,0.8333,unreachable
260,261,cistern,934,water tank,high,f,0.85,0.34,1622,811,811,523,88,723,288,0.856,0.6449,1,0.9136,ok
261,262,clarinet,947,clarinet,weak,r,0.85,,,1,,,,,,,,0,,low_gt
262,263,clasp,948,clasp,medium,c,0.85,,84,42,42,,,,,,,0,0.5065,unreachable
263,264,cleansing_agent,958,cleaner,medium,c,0.85,,54,27,27,,,,,,,0,0.6316,unreachable
264,265,cleat_(for_securing_rope),961,cleat,weak,r,0.85,,,2,,,,,,,,0,,low_gt
265,266,clementine,962,clementine,weak,r,0.85,,,5,,,,,,,,0,,low_gt
266,267,clip,969,clip,medium,c,0.85,0.37,190,95,95,18,3,92,77,0.8571,0.1895,1,0.9091,ok
267,268,clipboard,971,clipboard,medium,c,0.85,0.36,64,32,32,8,0,32,24,1.0,0.25,1,1.0,ok
268,269,clippers_(for_plants),972,clipper,weak,r,0.85,,,1,,,,,,,,0,,low_gt
269,270,cloak,974,cloak,weak,r,0.85,,,1,,,,,,,,0,,low_gt
270,271,clock,397,clock,high,f,0.85,0.34,3688,1844,1844,1219,211,1633,625,0.8524,0.6611,1,1.0,ok
271,272,clock_tower,,,high,f,0.85,,,,,,,,,,,0,,unmapped
272,273,clothes_hamper,2389,laundry basket,medium,c,0.85,0.34,62,31,31,13,2,29,18,0.8667,0.4194,1,1.0,ok
273,274,clothespin,981,clothespin,medium,c,0.85,0.355,46,23,23,8,1,22,15,0.8889,0.3478,1,0.8889,ok
274,275,clutch_bag,992,clutch bag,weak,r,0.85,,,1,,,,,,,,0,,low_gt
275,276,coaster,3431,coaster,high,f,0.85,,404,202,202,,,,,,,0,0.7895,unreachable
276,277,coat,995,coat,high,f,0.85,,1492,746,746,,,,,,,0,0.8125,unreachable
277,278,coat_hanger,,,medium,c,0.85,,,,,,,,,,,0,,unmapped
278,279,coatrack,996,coatrack,medium,c,0.85,,,14,,,,,,,,0,,low_gt
279,280,cock,998,cock,medium,c,0.85,,52,26,26,,,,,,,0,0.8,unreachable
280,281,cockroach,,,weak,r,0.85,,,,,,,,,,,0,,unmapped
281,282,cocoa_(beverage),1007,cocoa,weak,r,0.85,,,2,,,,,,,,0,,low_gt
282,283,coconut,1008,coconut,medium,c,0.85,0.33,50,25,25,23,4,21,2,0.8519,0.92,1,0.95,ok
283,284,coffee_maker,1013,coffee machine,high,f,0.85,0.355,476,238,238,99,17,221,139,0.8534,0.416,1,1.0,ok
284,285,coffee_table,1006,cocktail table,high,f,0.85,,1184,592,592,,,,,,,0,0.8421,unreachable
285,286,coffeepot,1015,coffeepot,medium,c,0.85,0.335,52,26,26,17,3,23,9,0.85,0.6538,1,1.0,ok
286,287,coil,,,weak,r,0.85,,,,,,,,,,,0,,unmapped
287,288,coin,1019,coin,medium,c,0.85,,84,42,42,,,,,,,0,0.8333,unreachable
288,289,colander,1021,colander,medium,c,0.85,,,13,,,,,,,,0,,low_gt
289,290,coleslaw,1023,slaw,medium,c,0.85,0.35,92,46,46,46,8,38,0,0.8519,1.0,1,1.0,ok
290,291,coloring_material,1032,coloring material,weak,r,0.85,,,1,,,,,,,,0,,low_gt
291,292,combination_lock,1036,combination lock,weak,r,0.85,,,8,,,,,,,,0,,low_gt
292,293,pacifier,2892,teething ring,medium,c,0.85,0.34,68,34,34,26,4,30,8,0.8667,0.7647,1,1.0,ok
293,294,comic_book,1043,comic book,weak,r,0.85,,,5,,,,,,,,0,,low_gt
294,295,compass,1051,compass,weak,r,0.85,,,1,,,,,,,,0,,low_gt
295,296,computer_keyboard,1062,keyboard,high,f,0.85,0.33,3742,1871,1871,1757,283,1588,114,0.8613,0.9391,1,1.0,ok
296,297,condiment,1072,condiment,high,f,0.85,0.36,1434,717,717,648,113,604,69,0.8515,0.9038,1,1.0,ok
297,298,cone,1076,cone,high,f,0.85,,2020,1010,1010,,,,,,,0,0.8,unreachable
298,299,control,1096,control,high,f,0.85,0.365,1358,679,679,309,45,634,370,0.8729,0.4551,1,1.0,ok
299,300,convertible_(automobile),1102,convertible,weak,r,0.85,,,3,,,,,,,,0,,low_gt
300,301,sofa_bed,,,weak,r,0.85,,,,,,,,,,,0,,unmapped
301,302,cooker,1107,cooker,weak,r,0.85,,,1,,,,,,,,0,,low_gt
302,303,cookie,450,biscuit,high,f,0.85,0.37,332,166,166,59,8,158,107,0.8806,0.3554,1,1.0,ok
303,304,cooking_utensil,,,weak,r,0.85,,,,,,,,,,,0,,unmapped
304,305,cooler_(for_food),1109,cooler,high,f,0.85,,532,266,266,,,,,,,0,0.5262,unreachable
305,306,cork_(bottle_plug),1118,cork,high,f,0.85,0.365,202,101,101,25,3,98,76,0.8929,0.2475,1,0.9,ok
306,307,corkboard,1119,corkboard,weak,r,0.85,,,6,,,,,,,,0,,low_gt
307,308,corkscrew,528,bottle screw,medium,c,0.85,,,14,,,,,,,,0,,low_gt
308,309,edible_corn,1121,corn,high,f,0.85,0.365,266,133,133,37,6,127,96,0.8605,0.2782,1,0.8824,ok
309,310,cornbread,1123,cornbread,weak,r,0.85,,,2,,,,,,,,0,,low_gt
310,311,cornet,1125,trumpet,medium,c,0.85,,76,38,38,,,,,,,0,0.7778,unreachable
311,312,cornice,1126,cornice,medium,c,0.85,,190,95,95,,,,,,,0,0.6,unreachable
312,313,cornmeal,1127,cornmeal,weak,r,0.85,,,1,,,,,,,,0,,low_gt
313,314,corset,1130,corset,medium,c,0.85,,,12,,,,,,,,0,,low_gt
314,315,costume,1135,costume,medium,c,0.85,0.355,98,49,49,29,3,46,20,0.9062,0.5918,1,1.0,ok
315,316,cougar,787,catamount,weak,r,0.85,,,5,,,,,,,,0,,low_gt
316,317,coverall,1159,coverall,weak,r,0.85,,,5,,,,,,,,0,,low_gt
317,318,cowbell,1161,cowbell,medium,c,0.85,,,16,,,,,,,,0,,low_gt
318,319,cowboy_hat,1164,cowboy hat,high,f,0.85,0.345,432,216,216,121,15,201,95,0.8897,0.5602,1,1.0,ok
319,320,crab_(animal),1165,crab,medium,c,0.85,,,12,,,,,,,,0,,low_gt
320,321,crabmeat,1166,crabmeat,weak,r,0.85,,,1,,,,,,,,0,,low_gt
321,322,cracker,,,medium,c,0.85,,,,,,,,,,,0,,unmapped
322,323,crape,1173,crape,weak,r,0.85,,,5,,,,,,,,0,,low_gt
323,324,crate,1175,crate,high,f,0.85,0.375,490,245,245,12,1,244,233,0.9231,0.049,1,1.0,ok
324,325,crayon,1178,crayon,medium,c,0.85,,,12,,,,,,,,0,,low_gt
325,326,cream_pitcher,1180,cream pitcher,weak,r,0.85,,,7,,,,,,,,0,,low_gt
326,327,crescent_roll,1185,croissant,medium,c,0.85,0.345,70,35,35,33,5,30,2,0.8684,0.9429,1,1.0,ok
327,328,crib,,,medium,c,0.85,,,,,,,,,,,0,,unmapped
328,329,crock_pot,1193,crock pot,medium,c,0.85,0.37,64,32,32,6,1,31,26,0.8571,0.1875,1,0.8571,ok
329,330,crossbar,1198,crossbar,high,f,0.85,,2054,1027,1027,,,,,,,0,0.6154,unreachable
330,331,crouton,1202,crouton,weak,r,0.85,,,10,,,,,,,,0,,low_gt
331,332,crow,1203,crow,medium,c,0.85,,,12,,,,,,,,0,,low_gt
332,333,crowbar,1204,crowbar,weak,r,0.85,,,1,,,,,,,,0,,low_gt
333,334,crown,1207,crown,medium,c,0.85,,134,67,67,,,,,,,0,0.7647,unreachable
334,335,crucifix,1209,crucifix,medium,c,0.85,0.335,142,71,71,22,3,68,49,0.88,0.3099,1,1.0,ok
335,336,cruise_ship,1211,cruise ship,medium,c,0.85,0.315,60,30,30,29,5,25,1,0.8529,0.9667,1,1.0,ok
336,337,police_cruiser,3149,police car,medium,c,0.85,0.305,96,48,48,43,7,41,5,0.86,0.8958,1,1.0,ok
337,338,crumb,1213,crumb,high,f,0.85,0.385,498,249,249,6,0,249,243,1.0,0.0241,1,1.0,ok
338,339,crutch,1215,crutch,medium,c,0.85,,,13,,,,,,,,0,,low_gt
339,340,cub_(animal),1217,cub,medium,c,0.85,0.35,58,29,29,27,4,25,2,0.871,0.931,1,1.0,ok
340,341,cube,1218,cube,medium,c,0.85,,,14,,,,,,,,0,,low_gt
341,342,cucumber,1219,cucumber,high,f,0.85,0.35,472,236,236,87,15,221,149,0.8529,0.3686,1,0.8721,ok
342,343,cufflink,1222,cufflink,medium,c,0.85,,,15,,,,,,,,0,,low_gt
343,344,cup,1225,cup,high,f,0.85,0.37,3042,1521,1521,210,36,1485,1311,0.8537,0.1381,1,1.0,ok
344,345,trophy_cup,4273,trophy cup,medium,c,0.85,0.33,50,25,25,12,2,23,13,0.8571,0.48,1,0.875,ok
345,346,cupboard,977,closet,high,f,0.85,0.35,498,249,249,165,24,225,84,0.873,0.6627,1,0.9286,ok
346,347,cupcake,1226,cupcake,high,f,0.85,0.34,278,139,139,133,23,116,6,0.8526,0.9568,1,1.0,ok
347,348,hair_curler,1230,hair roller,weak,r,0.85,,,2,,,,,,,,0,,low_gt
348,349,curling_iron,,,weak,r,0.85,,,,,,,,,,,0,,unmapped
349,350,curtain,1234,curtain,high,f,0.85,0.365,3780,1890,1890,480,78,1812,1410,0.8602,0.254,1,1.0,ok
350,351,cushion,,,high,f,0.85,,,,,,,,,,,0,,unmapped
351,352,cylinder,1243,cylinder,weak,r,0.85,,,1,,,,,,,,0,,low_gt
352,353,cymbal,1244,cymbal,weak,r,0.85,,,9,,,,,,,,0,,low_gt
353,354,dagger,1249,dagger,weak,r,0.85,,,1,,,,,,,,0,,low_gt
354,355,dalmatian,758,dalmatian,weak,r,0.85,,,3,,,,,,,,0,,low_gt
355,356,dartboard,1265,dartboard,medium,c,0.85,,,11,,,,,,,,0,,low_gt
356,357,date_(fruit),1267,date,weak,r,0.85,,,4,,,,,,,,0,,low_gt
357,358,deck_chair,352,beach chair,high,f,0.85,0.32,472,236,236,202,34,202,34,0.8559,0.8559,1,1.0,ok
358,359,deer,1282,deer,medium,c,0.85,0.35,88,44,44,23,3,41,21,0.8846,0.5227,1,1.0,ok
359,360,dental_floss,1699,floss,medium,c,0.85,,,19,,,,,,,,0,,low_gt
360,361,desk,,,high,f,0.85,,,,,,,,,,,0,,unmapped
361,362,detergent,1308,detergent,weak,r,0.85,,,7,,,,,,,,0,,low_gt
362,363,diaper,1312,diaper,medium,c,0.85,0.345,138,69,69,64,8,61,5,0.8889,0.9275,1,1.0,ok
363,364,diary,1314,journal,weak,r,0.85,,,2,,,,,,,,0,,low_gt
364,365,die,1315,die,weak,r,0.85,,,8,,,,,,,,0,,low_gt
365,366,dinghy,1322,rowboat,weak,r,0.85,,,5,,,,,,,,0,,low_gt
366,367,dining_table,,,high,f,0.85,,,,,,,,,,,0,,unmapped
367,368,tux,,,weak,r,0.85,,,,,,,,,,,0,,unmapped
368,369,dish,,,high,f,0.85,,,,,,,,,,,0,,unmapped
369,370,dish_antenna,1343,dish antenna,medium,c,0.85,,162,81,81,,,,,,,0,0.75,unreachable
370,371,dishrag,1345,dishrag,medium,c,0.85,,,17,,,,,,,,0,,low_gt
371,372,dishtowel,,,high,f,0.85,,,,,,,,,,,0,,unmapped
372,373,dishwasher,,,high,f,0.85,,,,,,,,,,,0,,unmapped
373,374,dishwasher_detergent,1347,dishsoap,weak,r,0.85,,,8,,,,,,,,0,,low_gt
374,375,dispenser,1349,dispenser,high,f,0.85,0.36,542,271,271,175,28,243,96,0.8621,0.6458,1,1.0,ok
375,376,diving_board,1355,diving board,weak,r,0.85,,,2,,,,,,,,0,,low_gt
376,377,Dixie_cup,1356,paper cup,high,f,0.85,0.345,206,103,103,26,4,99,77,0.8667,0.2524,1,1.0,ok
377,378,dog,1363,dog,high,f,0.85,0.34,3876,1938,1938,1547,257,1681,391,0.8575,0.7982,1,1.0,ok
378,379,dog_collar,1366,dog collar,high,f,0.85,0.325,1148,574,574,491,73,501,83,0.8706,0.8554,1,1.0,ok
379,380,doll,1369,doll,high,f,0.85,0.36,240,120,120,77,11,109,43,0.875,0.6417,1,1.0,ok
380,381,dollar,1370,dollar,weak,r,0.85,,,2,,,,,,,,0,,low_gt
381,382,dollhouse,1371,dollhouse,weak,r,0.85,,,2,,,,,,,,0,,low_gt
382,383,dolphin,1373,dolphin,medium,c,0.85,,,13,,,,,,,,0,,low_gt
383,384,domestic_ass,1377,donkey,medium,c,0.85,0.335,58,29,29,24,3,26,5,0.8889,0.8276,1,1.0,ok
384,385,doorknob,,,high,f,0.85,,,,,,,,,,,0,,unmapped
385,386,doormat,1382,doormat,medium,c,0.85,0.355,132,66,66,25,3,63,41,0.8929,0.3788,1,0.8929,ok
386,387,doughnut,1378,donut,high,f,0.85,0.335,2016,1008,1008,966,154,854,42,0.8625,0.9583,1,1.0,ok
387,388,dove,,,weak,r,0.85,,,,,,,,,,,0,,unmapped
388,389,dragonfly,1391,dragonfly,weak,r,0.85,,,3,,,,,,,,0,,low_gt
389,390,drawer,1396,drawer,high,f,0.85,0.365,3884,1942,1942,699,123,1819,1243,0.8504,0.3599,1,1.0,ok
390,391,underdrawers,546,underdrawers,medium,c,0.85,,,19,,,,,,,,0,,low_gt
391,392,dress,1400,dress,high,f,0.85,0.355,2976,1488,1488,419,68,1420,1069,0.8604,0.2816,1,1.0,ok
392,393,dress_hat,1401,dress hat,medium,c,0.85,0.335,92,46,46,17,2,44,29,0.8947,0.3696,1,1.0,ok
393,394,dress_suit,1404,dress suit,high,f,0.85,0.335,212,106,106,43,6,100,63,0.8776,0.4057,1,0.9091,ok
394,395,dresser,1405,dresser,high,f,0.85,0.35,230,115,115,69,12,103,46,0.8519,0.6,1,1.0,ok
395,396,drill,1410,drill,medium,c,0.85,,,19,,,,,,,,0,,low_gt
396,397,drone,1416,drone,weak,r,0.85,,,2,,,,,,,,0,,low_gt
397,398,dropper,1419,dropper,weak,r,0.85,,,1,,,,,,,,0,,low_gt
398,399,drum_(musical_instrument),1423,drum,medium,c,0.85,0.365,56,28,28,9,1,27,19,0.9,0.3214,1,1.0,ok
399,400,drumstick,1425,drumstick,weak,r,0.85,,,9,,,,,,,,0,,low_gt
400,401,duck,1428,duck,high,f,0.85,0.355,384,192,192,119,20,172,73,0.8561,0.6198,1,1.0,ok
401,402,duckling,1430,duckling,medium,c,0.85,,,12,,,,,,,,0,,low_gt
402,403,duct_tape,1431,duct tape,medium,c,0.85,0.36,42,21,21,6,1,20,15,0.8571,0.2857,1,0.8571,ok
403,404,duffel_bag,1434,duffel,high,f,0.85,,494,247,247,,,,,,,0,0.8,unreachable
404,405,dumbbell,1436,dumbbell,weak,r,0.85,,,6,,,,,,,,0,,low_gt
405,406,dumpster,,,medium,c,0.85,,,,,,,,,,,0,,unmapped
406,407,dustpan,1444,dustpan,weak,r,0.85,,,7,,,,,,,,0,,low_gt
407,408,eagle,1448,eagle,medium,c,0.85,0.335,80,40,40,23,2,38,17,0.92,0.575,1,1.0,ok
408,409,earphone,1451,earphone,high,f,0.85,,1084,542,542,,,,,,,0,0.8198,unreachable
409,410,earplug,1452,earplug,weak,r,0.85,,,2,,,,,,,,0,,low_gt
410,411,earring,1453,earring,high,f,0.85,,3796,1898,1898,,,,,,,0,0.8333,unreachable
411,412,easel,1455,easel,medium,c,0.85,0.355,72,36,36,11,1,35,25,0.9167,0.3056,1,1.0,ok
412,413,eclair,1461,eclair,weak,r,0.85,,,4,,,,,,,,0,,low_gt
413,414,eel,1467,eel,weak,r,0.85,,,1,,,,,,,,0,,low_gt
414,415,egg,1468,egg,high,f,0.85,0.365,382,191,191,42,6,185,149,0.875,0.2199,1,0.913,ok
415,416,egg_roll,1469,egg roll,weak,r,0.85,,,6,,,,,,,,0,,low_gt
416,417,egg_yolk,4573,yolk,medium,c,0.85,0.365,82,41,41,25,3,38,16,0.8929,0.6098,1,0.9,ok
417,418,eggbeater,1471,eggbeater,medium,c,0.85,,78,39,39,,,,,,,0,0.5849,unreachable
418,419,eggplant,175,eggplant,medium,c,0.85,0.35,92,46,46,29,5,41,17,0.8529,0.6304,1,0.8889,ok
419,420,electric_chair,1476,electric chair,weak,r,0.85,,,1,,,,,,,,0,,low_gt
420,421,refrigerator,,,high,f,0.85,,,,,,,,,,,0,,unmapped
421,422,elephant,1482,elephant,high,f,0.85,0.33,3756,1878,1878,1814,272,1606,64,0.8696,0.9659,1,1.0,ok
422,423,elk,2686,moose,medium,c,0.85,,,11,,,,,,,,0,,low_gt
423,424,envelope,1519,envelope,medium,c,0.85,0.34,164,82,82,36,5,77,46,0.878,0.439,1,1.0,ok
424,425,eraser,1522,eraser,medium,c,0.85,,,18,,,,,,,,0,,low_gt
425,426,escargot,1526,escargot,weak,r,0.85,,,1,,,,,,,,0,,low_gt
426,427,eyepatch,,,weak,r,0.85,,,,,,,,,,,0,,unmapped
427,428,falcon,1568,falcon,weak,r,0.85,,,3,,,,,,,,0,,low_gt
428,429,fan,1574,fan,high,f,0.85,,1150,575,575,,,,,,,0,0.75,unreachable
429,430,faucet,1591,faucet,high,f,0.85,0.34,3814,1907,1907,1598,275,1632,309,0.8532,0.838,1,1.0,ok
430,431,fedora,1598,fedora,weak,r,0.85,,,8,,,,,,,,0,,low_gt
431,432,ferret,1608,ferret,weak,r,0.85,,,4,,,,,,,,0,,low_gt
432,433,Ferris_wheel,1609,ferris wheel,medium,c,0.85,0.335,64,32,32,13,2,30,19,0.8667,0.4062,1,1.0,ok
433,434,ferry,1610,ferry,medium,c,0.85,,,11,,,,,,,,0,,low_gt
434,435,fig_(fruit),1618,fig,weak,r,0.85,,,4,,,,,,,,0,,low_gt
435,436,fighter_jet,171,fighter jet,medium,c,0.85,0.31,108,54,54,53,9,45,1,0.8548,0.9815,1,1.0,ok
436,437,figurine,1621,figurine,high,f,0.85,0.36,404,202,202,55,8,194,147,0.873,0.2723,1,1.0,ok
437,438,file_cabinet,1624,file cabinet,medium,c,0.85,0.335,64,32,32,26,3,29,6,0.8966,0.8125,1,1.0,ok
438,439,file_(tool),1622,file,weak,r,0.85,,,3,,,,,,,,0,,low_gt
439,440,fire_alarm,1639,fire alarm,high,f,0.85,,260,130,130,,,,,,,0,0.6615,unreachable
440,441,fire_engine,1641,fire truck,high,f,0.85,0.305,238,119,119,118,19,100,1,0.8613,0.9916,1,1.0,ok
441,442,fire_extinguisher,1547,extinguisher,high,f,0.85,,282,141,141,,,,,,,0,0.7333,unreachable
442,443,fire_hose,1643,fire hose,medium,c,0.85,0.335,58,29,29,28,3,26,1,0.9032,0.9655,1,1.0,ok
443,444,fireplace,1648,fireplace,high,f,0.85,0.325,1050,525,525,486,85,440,39,0.8511,0.9257,1,1.0,ok
444,445,fireplug,2176,hydrant,high,f,0.85,0.335,2646,1323,1323,1189,194,1129,134,0.8597,0.8987,1,1.0,ok
445,446,first-aid_kit,1651,first-aid kit,weak,r,0.85,,,2,,,,,,,,0,,low_gt
446,447,fish,,,high,f,0.85,,,,,,,,,,,0,,unmapped
447,448,fish_(food),,,medium,c,0.85,,,,,,,,,,,0,,unmapped
448,449,fishbowl,1656,fishbowl,weak,r,0.85,,,7,,,,,,,,0,,low_gt
449,450,fishing_rod,1661,fishing pole,medium,c,0.85,0.335,70,35,35,30,4,31,5,0.8824,0.8571,1,0.96,ok
450,451,flag,1668,flag,high,f,0.85,0.36,3816,1908,1908,180,29,1879,1728,0.8612,0.0943,1,0.9545,ok
451,452,flagpole,,,high,f,0.85,,,,,,,,,,,0,,unmapped
452,453,flamingo,1672,flamingo,medium,c,0.85,,,18,,,,,,,,0,,low_gt
453,454,flannel,1673,flannel,medium,c,0.85,,,14,,,,,,,,0,,low_gt
454,455,flap,1674,flap,medium,c,0.85,,154,77,77,,,,,,,0,0.75,unreachable
455,456,flash,1676,flash,weak,r,0.85,,,8,,,,,,,,0,,low_gt
456,457,flashlight,4195,torch,medium,c,0.85,,74,37,37,,,,,,,0,0.8333,unreachable
457,458,fleece,,,weak,r,0.85,,,,,,,,,,,0,,unmapped
458,459,flip-flop_(sandal),1687,flip-flop,high,f,0.85,0.385,692,346,346,5,0,346,341,1.0,0.0145,1,1.0,ok
459,460,flipper_(footwear),1633,fin,medium,c,0.85,,,19,,,,,,,,0,,low_gt
460,461,flower_arrangement,1697,floral arrangement,high,f,0.85,0.295,3558,1779,1779,1272,179,1600,507,0.8766,0.715,1,1.0,ok
461,462,flute_glass,830,champagne flute,medium,c,0.85,0.315,46,23,23,20,3,20,3,0.8696,0.8696,1,1.0,ok
462,463,foal,,,medium,c,0.85,,,,,,,,,,,0,,unmapped
463,464,folding_chair,1721,folding chair,medium,c,0.85,0.35,134,67,67,6,1,66,61,0.8571,0.0896,1,0.8571,ok
464,465,food_processor,1732,food processor,medium,c,0.85,,,19,,,,,,,,0,,low_gt
465,466,football_(American),1738,football,medium,c,0.85,0.335,56,28,28,18,3,25,10,0.8571,0.6429,1,1.0,ok
466,467,football_helmet,1744,football helmet,weak,r,0.85,,,4,,,,,,,,0,,low_gt
467,468,footstool,1750,footrest,medium,c,0.85,,54,27,27,,,,,,,0,0.5625,unreachable
468,469,fork,1762,fork,high,f,0.85,0.365,3722,1861,1861,707,109,1752,1154,0.8664,0.3799,1,0.907,ok
469,470,forklift,1763,forklift,medium,c,0.85,,,11,,,,,,,,0,,low_gt
470,471,freight_car,,,medium,c,0.85,,,,,,,,,,,0,,unmapped
471,472,French_toast,1783,French toast,medium,c,0.85,,,13,,,,,,,,0,,low_gt
472,473,freshener,1784,freshener,medium,c,0.85,0.36,64,32,32,16,1,31,16,0.9412,0.5,1,1.0,ok
473,474,frisbee,1790,frisbee,high,f,0.85,0.355,3532,1766,1766,1629,244,1522,137,0.8697,0.9224,1,1.0,ok
474,475,frog,1791,frog,medium,c,0.85,0.355,84,42,42,11,0,42,31,1.0,0.2619,1,1.0,ok
475,476,fruit_juice,,,medium,c,0.85,,,,,,,,,,,0,,unmapped
476,477,frying_pan,1805,frying pan,high,f,0.85,0.355,256,128,128,115,19,109,13,0.8582,0.8984,1,1.0,ok
477,478,fudge,1806,fudge,weak,r,0.85,,,1,,,,,,,,0,,low_gt
478,479,funnel,1812,funnel,weak,r,0.85,,,9,,,,,,,,0,,low_gt
479,480,futon,1816,futon,weak,r,0.85,,,10,,,,,,,,0,,low_gt
480,481,gag,1818,muzzle,weak,r,0.85,,,4,,,,,,,,0,,low_gt
481,482,garbage,1829,garbage,weak,r,0.85,,,9,,,,,,,,0,,low_gt
482,483,garbage_truck,1443,garbage truck,medium,c,0.85,,,18,,,,,,,,0,,low_gt
483,484,garden_hose,1832,garden hose,medium,c,0.85,0.32,82,41,41,31,5,36,10,0.8611,0.7561,1,1.0,ok
484,485,gargle,2733,mouthwash,medium,c,0.85,0.36,56,28,28,25,4,24,3,0.8621,0.8929,1,1.0,ok
485,486,gargoyle,1837,gargoyle,weak,r,0.85,,,3,,,,,,,,0,,low_gt
486,487,garlic,1839,garlic,medium,c,0.85,0.355,130,65,65,48,7,58,17,0.8727,0.7385,1,1.0,ok
487,488,gasmask,1844,gasmask,weak,r,0.85,,,9,,,,,,,,0,,low_gt
488,489,gazelle,,,medium,c,0.85,,,,,,,,,,,0,,unmapped
489,490,gelatin,2270,jelly,medium,c,0.85,0.36,48,24,24,13,1,23,11,0.9286,0.5417,1,0.9286,ok
490,491,gemstone,,,weak,r,0.85,,,,,,,,,,,0,,unmapped
491,492,generator,1854,generator,weak,r,0.85,,,2,,,,,,,,0,,low_gt
492,493,giant_panda,2911,panda,medium,c,0.85,0.335,118,59,59,40,7,52,19,0.8511,0.678,1,1.0,ok
493,494,gift_wrap,1863,gift wrap,medium,c,0.85,0.345,96,48,48,29,4,44,19,0.8788,0.6042,1,1.0,ok
494,495,ginger,1866,ginger,medium,c,0.85,,,17,,,,,,,,0,,low_gt
495,496,giraffe,1870,giraffe,high,f,0.85,0.32,3754,1877,1877,1860,303,1574,17,0.8599,0.9909,1,1.0,ok
496,497,cincture,926,waistband,medium,c,0.85,,,18,,,,,,,,0,,low_gt
497,498,glass_(drink_container),,,high,f,0.85,,,,,,,,,,,0,,unmapped
498,499,globe,,,medium,c,0.85,,,,,,,,,,,0,,unmapped
499,500,glove,1893,glove,high,f,0.85,,3780,1890,1890,,,,,,,0,0.6573,unreachable
500,501,goat,1900,goat,medium,c,0.85,0.345,198,99,99,84,14,85,15,0.8571,0.8485,1,1.0,ok
501,502,goggles,1903,goggles,high,f,0.85,,3060,1530,1530,,,,,,,0,0.6866,unreachable
502,503,goldfish,1908,goldfish,weak,r,0.85,,,3,,,,,,,,0,,low_gt
503,504,golf_club,1912,golf club,medium,c,0.85,,,11,,,,,,,,0,,low_gt
504,505,golfcart,,,medium,c,0.85,,,,,,,,,,,0,,unmapped
505,506,gondola_(boat),,,weak,r,0.85,,,,,,,,,,,0,,unmapped
506,507,goose,1915,goose,medium,c,0.85,0.35,126,63,63,47,3,60,16,0.94,0.746,1,1.0,ok
507,508,gorilla,1916,gorilla,weak,r,0.85,,,5,,,,,,,,0,,low_gt
508,509,gourd,1918,gourd,weak,r,0.85,,,6,,,,,,,,0,,low_gt
509,510,grape,1932,grape,high,f,0.85,0.34,466,233,233,102,15,218,131,0.8718,0.4378,1,1.0,ok
510,511,grater,1939,grater,medium,c,0.85,,108,54,54,,,,,,,0,0.5169,unreachable
511,512,gravestone,1942,gravestone,medium,c,0.85,0.315,72,36,36,28,4,32,8,0.875,0.7778,1,1.0,ok
512,513,gravy_boat,1944,gravy boat,weak,r,0.85,,,10,,,,,,,,0,,low_gt
513,514,green_bean,,,high,f,0.85,,,,,,,,,,,0,,unmapped
514,515,green_onion,,,high,f,0.85,,,,,,,,,,,0,,unmapped
515,516,griddle,1955,griddle,weak,r,0.85,,,3,,,,,,,,0,,low_gt
516,517,grill,1956,grill,high,f,0.85,0.395,726,363,363,8,1,362,355,0.8889,0.022,1,0.8889,ok
517,518,grits,1961,grits,weak,r,0.85,,,3,,,,,,,,0,,low_gt
518,519,grizzly,,,medium,c,0.85,,,,,,,,,,,0,,unmapped
519,520,grocery_bag,1962,grocery bag,medium,c,0.85,,,18,,,,,,,,0,,low_gt
520,521,guitar,1976,guitar,high,f,0.85,0.335,398,199,199,111,19,180,88,0.8538,0.5578,1,1.0,ok
521,522,gull,1979,gull,medium,c,0.85,0.335,194,97,97,87,14,83,10,0.8614,0.8969,1,1.0,ok
522,523,gun,1980,gun,medium,c,0.85,,64,32,32,,,,,,,0,0.7143,unreachable
523,524,hairbrush,1992,hairbrush,high,f,0.85,0.335,242,121,121,79,11,110,42,0.8778,0.6529,1,1.0,ok
524,525,hairnet,1995,hairnet,medium,c,0.85,,,16,,,,,,,,0,,low_gt
525,526,hairpin,1996,hairpin,medium,c,0.85,,,12,,,,,,,,0,,low_gt
526,527,halter_top,2003,halter top,weak,r,0.85,,,2,,,,,,,,0,,low_gt
527,528,ham,1824,ham,high,f,0.85,0.36,428,214,214,179,30,184,35,0.8565,0.8364,1,1.0,ok
528,529,hamburger,2005,hamburger,medium,c,0.85,0.35,96,48,48,43,7,41,5,0.86,0.8958,1,1.0,ok
529,530,hammer,2007,hammer,medium,c,0.85,,52,26,26,,,,,,,0,0.7778,unreachable
530,531,hammock,2008,hammock,medium,c,0.85,,,13,,,,,,,,0,,low_gt
531,532,hamper,2009,hamper,weak,r,0.85,,,4,,,,,,,,0,,low_gt
532,533,hamster,2010,hamster,medium,c,0.85,,,11,,,,,,,,0,,low_gt
533,534,hair_dryer,,,high,f,0.85,,,,,,,,,,,0,,unmapped
534,535,hand_glass,2012,hand glass,weak,r,0.85,,,7,,,,,,,,0,,low_gt
535,536,hand_towel,2013,hand towel,high,f,0.85,0.37,400,200,200,14,1,199,186,0.9333,0.07,1,0.9333,ok
536,537,handcart,293,handcart,medium,c,0.85,0.365,182,91,91,51,8,83,40,0.8644,0.5604,1,1.0,ok
537,538,handcuff,2016,handcuff,weak,r,0.85,,,9,,,,,,,,0,,low_gt
538,539,handkerchief,2018,handkerchief,medium,c,0.85,,144,72,72,,,,,,,0,0.6296,unreachable
539,540,handle,2019,handle,high,f,0.85,,3772,1886,1886,,,,,,,0,0.6667,unreachable
540,541,handsaw,2020,handsaw,weak,r,0.85,,,4,,,,,,,,0,,low_gt
541,542,hardback_book,2032,hardback book,weak,r,0.85,,,1,,,,,,,,0,,low_gt
542,543,harmonium,,,weak,r,0.85,,,,,,,,,,,0,,unmapped
543,544,hat,2044,hat,high,f,0.85,0.375,3864,1932,1932,134,22,1910,1798,0.859,0.0694,1,1.0,ok
544,545,hatbox,2045,hatbox,weak,r,0.85,,,4,,,,,,,,0,,low_gt
545,546,veil,4342,veil,medium,c,0.85,0.36,112,56,56,35,6,50,21,0.8537,0.625,1,1.0,ok
546,547,headband,,,high,f,0.85,,,,,,,,,,,0,,unmapped
547,548,headboard,2054,headboard,high,f,0.85,0.34,1510,755,755,689,96,659,66,0.8777,0.9126,1,1.0,ok
548,549,headlight,2053,headlight,high,f,0.85,0.39,3686,1843,1843,52,8,1835,1791,0.8667,0.0282,1,1.0,ok
549,550,headscarf,258,headscarf,medium,c,0.85,,192,96,96,,,,,,,0,0.5918,unreachable
550,551,headset,,,weak,r,0.85,,,,,,,,,,,0,,unmapped
551,552,headstall_(for_horses),,,medium,c,0.85,,,,,,,,,,,0,,unmapped
552,553,heart,2059,heart,medium,c,0.85,0.355,132,66,66,13,2,64,53,0.8667,0.197,1,0.8667,ok
553,554,heater,2062,heater,medium,c,0.85,,114,57,57,,,,,,,0,0.7111,unreachable
554,555,helicopter,2067,helicopter,medium,c,0.85,0.34,88,44,44,37,6,38,7,0.8605,0.8409,1,1.0,ok
555,556,helmet,2069,helmet,high,f,0.85,0.375,3810,1905,1905,263,43,1862,1642,0.8595,0.1381,1,0.9348,ok
556,557,heron,2077,heron,weak,r,0.85,,,4,,,,,,,,0,,low_gt
557,558,highchair,1602,feeding chair,medium,c,0.85,0.35,180,90,90,60,10,80,30,0.8571,0.6667,1,1.0,ok
558,559,hinge,2094,hinge,high,f,0.85,,3270,1635,1635,,,,,,,0,0.8,unreachable
559,560,hippopotamus,,,weak,r,0.85,,,,,,,,,,,0,,unmapped
560,561,hockey_stick,2105,hockey stick,weak,r,0.85,,,5,,,,,,,,0,,low_gt
561,562,hog,486,pig,medium,c,0.85,,100,50,50,,,,,,,0,0.8182,unreachable
562,563,home_plate_(baseball),2113,home base,high,f,0.85,0.36,1090,545,545,448,60,485,97,0.8819,0.822,1,0.9155,ok
563,564,honey,2120,honey,medium,c,0.85,,,20,,,,,,,,0,,low_gt
564,565,fume_hood,1808,fume hood,high,f,0.85,,386,193,193,,,,,,,0,0.5013,unreachable
565,566,hook,2125,hook,high,f,0.85,0.38,570,285,285,6,0,285,279,1.0,0.0211,1,1.0,ok
566,567,hookah,4421,water pipe,weak,r,0.85,,,3,,,,,,,,0,,low_gt
567,568,hornet,2130,hornet,weak,r,0.85,,,1,,,,,,,,0,,low_gt
568,569,horse,1715,horse,high,f,0.85,0.33,3808,1904,1904,1709,241,1663,195,0.8764,0.8976,1,1.0,ok
569,570,hose,2139,hose,high,f,0.85,0.39,588,294,294,10,1,293,284,0.9091,0.034,1,1.0,ok
570,571,hot-air_balloon,2146,hot air balloon,weak,r,0.85,,,3,,,,,,,,0,,low_gt
571,572,hotplate,2153,hotplate,weak,r,0.85,,,5,,,,,,,,0,,low_gt
572,573,hot_sauce,2148,hot sauce,medium,c,0.85,0.34,48,24,24,23,4,20,1,0.8519,0.9583,1,1.0,ok
573,574,hourglass,2154,hourglass,weak,r,0.85,,,2,,,,,,,,0,,low_gt
574,575,houseboat,,,weak,r,0.85,,,,,,,,,,,0,,unmapped
575,576,hummingbird,2165,hummingbird,medium,c,0.85,,,16,,,,,,,,0,,low_gt
576,577,hummus,2119,hummus,weak,r,0.85,,,8,,,,,,,,0,,low_gt
577,578,polar_bear,2180,polar bear,high,f,0.85,0.315,308,154,154,150,22,132,4,0.8721,0.974,1,1.0,ok
578,579,icecream,2182,icecream,medium,c,0.85,0.355,132,66,66,54,7,59,12,0.8852,0.8182,1,1.0,ok
579,580,popsicle,,,weak,r,0.85,,,,,,,,,,,0,,unmapped
580,581,ice_maker,2190,ice maker,medium,c,0.85,,48,24,24,,,,,,,0,0.7143,unreachable
581,582,ice_pack,2179,ice bag,weak,r,0.85,,,1,,,,,,,,0,,low_gt
582,583,ice_skate,,,weak,r,0.85,,,,,,,,,,,0,,unmapped
583,584,igniter,,,medium,c,0.85,,,,,,,,,,,0,,unmapped
584,585,inhaler,2222,inhalator,weak,r,0.85,,,6,,,,,,,,0,,low_gt
585,586,iPod,2242,ipod,high,f,0.85,0.365,252,126,126,105,18,108,21,0.8537,0.8333,1,1.0,ok
586,587,iron_(for_clothing),2244,iron,medium,c,0.85,,48,24,24,,,,,,,0,0.625,unreachable
587,588,ironing_board,2245,ironing board,medium,c,0.85,0.335,44,22,22,20,3,19,2,0.8696,0.9091,1,0.9474,ok
588,589,jacket,2255,jacket,high,f,0.85,0.39,3744,1872,1872,12,1,1871,1860,0.9231,0.0064,1,1.0,ok
589,590,jam,2260,jam,medium,c,0.85,,,16,,,,,,,,0,,low_gt
590,591,jar,711,jar,high,f,0.85,0.38,846,423,423,91,12,411,332,0.8835,0.2151,1,1.0,ok
591,592,jean,2268,jeans,high,f,0.85,0.395,3854,1927,1927,35,6,1921,1892,0.8537,0.0182,1,1.0,ok
592,593,jeep,2269,jeep,medium,c,0.85,,76,38,38,,,,,,,0,0.8182,unreachable
593,594,jelly_bean,2271,jelly bean,weak,r,0.85,,,3,,,,,,,,0,,low_gt
594,595,jersey,4051,t-shirt,high,f,0.85,,3890,1945,1945,,,,,,,0,0.8333,unreachable
595,596,jet_plane,,,medium,c,0.85,,,,,,,,,,,0,,unmapped
596,597,jewel,2275,jewel,weak,r,0.85,,,1,,,,,,,,0,,low_gt
597,598,jewelry,2276,jewellery,medium,c,0.85,,,13,,,,,,,,0,,low_gt
598,599,joystick,2285,joystick,weak,r,0.85,,,9,,,,,,,,0,,low_gt
599,600,jumpsuit,2293,jumpsuit,medium,c,0.85,,,14,,,,,,,,0,,low_gt
600,601,kayak,2303,kayak,medium,c,0.85,0.34,74,37,37,34,4,33,3,0.8947,0.9189,1,1.0,ok
601,602,keg,,,weak,r,0.85,,,,,,,,,,,0,,unmapped
602,603,kennel,,,weak,r,0.85,,,,,,,,,,,0,,unmapped
603,604,kettle,502,boiler,medium,c,0.85,,200,100,100,,,,,,,0,0.8451,unreachable
604,605,key,2305,key,high,f,0.85,,390,195,195,,,,,,,0,0.8358,unreachable
605,606,keycard,2306,keycard,weak,r,0.85,,,1,,,,,,,,0,,low_gt
606,607,kilt,2309,kilt,medium,c,0.85,,,12,,,,,,,,0,,low_gt
607,608,kimono,2310,kimono,medium,c,0.85,0.315,48,24,24,23,4,20,1,0.8519,0.9583,1,1.0,ok
608,609,kitchen_sink,2323,kitchen sink,high,f,0.85,0.335,978,489,489,476,78,411,13,0.8592,0.9734,1,0.9704,ok
609,610,kitchen_table,2324,kitchen table,weak,r,0.85,,,10,,,,,,,,0,,low_gt
610,611,kite,2328,kite,high,f,0.85,0.345,3378,1689,1689,1653,231,1458,36,0.8774,0.9787,1,1.0,ok
611,612,kitten,,,medium,c,0.85,,,,,,,,,,,0,,unmapped
612,613,kiwi_fruit,,,medium,c,0.85,,,,,,,,,,,0,,unmapped
613,614,knee_pad,2330,knee pad,high,f,0.85,0.39,1788,894,894,63,5,889,831,0.9265,0.0705,1,1.0,ok
614,615,knife,2332,knife,high,f,0.85,0.385,3736,1868,1868,37,5,1863,1831,0.881,0.0198,1,0.9583,ok
615,616,knitting_needle,2335,knitting needle,weak,r,0.85,,,7,,,,,,,,0,,low_gt
616,617,knob,2336,knob,high,f,0.85,,3134,1567,1567,,,,,,,0,0.6867,unreachable
617,618,knocker_(on_a_door),2337,knocker,weak,r,0.85,,,10,,,,,,,,0,,low_gt
618,619,koala,2339,koala,weak,r,0.85,,,8,,,,,,,,0,,low_gt
619,620,lab_coat,2343,lab coat,weak,r,0.85,,,7,,,,,,,,0,,low_gt
620,621,ladder,2349,ladder,high,f,0.85,0.395,1258,629,629,7,1,628,622,0.875,0.0111,1,0.875,ok
621,622,ladle,2350,ladle,medium,c,0.85,0.37,178,89,89,36,4,85,53,0.9,0.4045,1,0.9091,ok
622,623,ladybug,,,medium,c,0.85,,,,,,,,,,,0,,unmapped
623,624,lamb_(animal),2357,lamb,high,f,0.85,0.33,268,134,134,132,23,111,2,0.8516,0.9851,1,1.0,ok
624,625,lamb-chop,2358,lamb chop,weak,r,0.85,,,4,,,,,,,,0,,low_gt
625,626,lamp,617,lamp,high,f,0.85,0.395,3604,1802,1802,52,6,1796,1750,0.8966,0.0289,1,1.0,ok
626,627,lamppost,,,high,f,0.85,,,,,,,,,,,0,,unmapped
627,628,lampshade,,,high,f,0.85,,,,,,,,,,,0,,unmapped
628,629,lantern,2371,lantern,medium,c,0.85,0.345,96,48,48,14,2,46,34,0.875,0.2917,1,1.0,ok
629,630,lanyard,2370,lanyard,high,f,0.85,0.385,836,418,418,43,6,412,375,0.8776,0.1029,1,1.0,ok
630,631,laptop_computer,,,high,f,0.85,,,,,,,,,,,0,,unmapped
631,632,lasagna,2376,lasagne,weak,r,0.85,,,5,,,,,,,,0,,low_gt
632,633,latch,2380,latch,high,f,0.85,0.375,442,221,221,23,4,217,198,0.8519,0.1041,1,0.8519,ok
633,634,lawn_mower,,,weak,r,0.85,,,,,,,,,,,0,,unmapped
634,635,leather,2405,leather,weak,r,0.85,,,7,,,,,,,,0,,low_gt
635,636,legging_(clothing),2415,legging,medium,c,0.85,,152,76,76,,,,,,,0,0.5588,unreachable
636,637,Lego,2417,lego,medium,c,0.85,0.34,44,22,22,15,2,20,7,0.8824,0.6818,1,1.0,ok
637,638,legume,2418,legume,weak,r,0.85,,,10,,,,,,,,0,,low_gt
638,639,lemon,2419,lemon,high,f,0.85,0.36,682,341,341,121,21,320,220,0.8521,0.3548,1,1.0,ok
639,640,lemonade,2421,lemonade,weak,r,0.85,,,1,,,,,,,,0,,low_gt
640,641,lettuce,2435,lettuce,high,f,0.85,0.345,1410,705,705,611,103,602,94,0.8557,0.8667,1,1.0,ok
641,642,license_plate,2439,license plate,high,f,0.85,0.36,3800,1900,1900,270,42,1858,1630,0.8654,0.1421,1,1.0,ok
642,643,life_buoy,2444,life belt,high,f,0.85,,376,188,188,,,,,,,0,0.5,unreachable
643,644,life_jacket,2445,life jacket,high,f,0.85,,454,227,227,,,,,,,0,0.577,unreachable
644,645,lightbulb,,,high,f,0.85,,,,,,,,,,,0,,unmapped
645,646,lightning_rod,2454,lightning rod,weak,r,0.85,,,6,,,,,,,,0,,low_gt
646,647,lime,2458,lime,high,f,0.85,0.365,230,115,115,40,7,108,75,0.8511,0.3478,1,1.0,ok
647,648,limousine,,,weak,r,0.85,,,,,,,,,,,0,,unmapped
648,649,lion,2466,lion,medium,c,0.85,0.345,86,43,43,13,2,41,30,0.8667,0.3023,1,0.9167,ok
649,650,lip_balm,2467,lip balm,medium,c,0.85,,,14,,,,,,,,0,,low_gt
650,651,liquor,1116,liquor,weak,r,0.85,,,6,,,,,,,,0,,low_gt
651,652,lizard,2477,lizard,medium,c,0.85,,,15,,,,,,,,0,,low_gt
652,653,log,2487,log,high,f,0.85,0.385,2334,1167,1167,12,1,1166,1155,0.9231,0.0103,1,0.9231,ok
653,654,lollipop,2189,lollipop,medium,c,0.85,,,15,,,,,,,,0,,low_gt
654,655,speaker_(stero_equipment),3803,speaker,high,f,0.85,0.345,1988,994,994,648,110,884,346,0.8549,0.6519,1,1.0,ok
655,656,loveseat,2499,loveseat,medium,c,0.85,0.345,56,28,28,25,4,24,3,0.8621,0.8929,1,0.9333,ok
656,657,machine_gun,2515,machine gun,weak,r,0.85,,,2,,,,,,,,0,,low_gt
657,658,magazine,2516,magazine,high,f,0.85,0.355,676,338,338,68,11,327,270,0.8608,0.2012,1,1.0,ok
658,659,magnet,2519,magnet,high,f,0.85,0.36,668,334,334,142,23,311,192,0.8606,0.4251,1,0.9412,ok
659,660,mail_slot,2527,mail slot,medium,c,0.85,,,15,,,,,,,,0,,low_gt
660,661,mailbox_(at_home),,,high,f,0.85,,,,,,,,,,,0,,unmapped
661,662,mallard,2532,mallard,weak,r,0.85,,,1,,,,,,,,0,,low_gt
662,663,mallet,2534,mallet,weak,r,0.85,,,8,,,,,,,,0,,low_gt
663,664,mammoth,2536,mammoth,weak,r,0.85,,,1,,,,,,,,0,,low_gt
664,665,manatee,2540,manatee,weak,r,0.85,,,1,,,,,,,,0,,low_gt
665,666,mandarin_orange,2542,mandarin orange,medium,c,0.85,0.35,56,28,28,22,2,26,6,0.9167,0.7857,1,1.0,ok
666,667,manger,2546,manger,medium,c,0.85,,182,91,91,,,,,,,0,0.6429,unreachable
667,668,manhole,2551,manhole,high,f,0.85,0.345,520,260,260,170,29,231,90,0.8543,0.6538,1,1.0,ok
668,669,map,2562,map,high,f,0.85,0.345,262,131,131,35,3,128,96,0.9211,0.2672,1,1.0,ok
669,670,marker,,,high,f,0.85,,,,,,,,,,,0,,unmapped
670,671,martini,2585,martini,weak,r,0.85,,,3,,,,,,,,0,,low_gt
671,672,mascot,2588,mascot,weak,r,0.85,,,10,,,,,,,,0,,low_gt
672,673,mashed_potato,2589,mashed potato,medium,c,0.85,0.335,78,39,39,38,5,34,1,0.8837,0.9744,1,0.9286,ok
673,674,masher,2590,masher,weak,r,0.85,,,2,,,,,,,,0,,low_gt
674,675,mask,2591,mask,high,f,0.85,,1850,925,925,,,,,,,0,0.7054,unreachable
675,676,mast,2593,mast,high,f,0.85,0.35,708,354,354,236,36,318,118,0.8676,0.6667,1,1.0,ok
676,677,mat_(gym_equipment),2594,mat,medium,c,0.85,,62,31,31,,,,,,,0,0.8333,unreachable
677,678,matchbox,2597,matchbox,weak,r,0.85,,,10,,,,,,,,0,,low_gt
678,679,mattress,2599,mattress,high,f,0.85,0.34,430,215,215,180,25,190,35,0.878,0.8372,1,1.0,ok
679,680,measuring_cup,2603,measuring cup,medium,c,0.85,0.34,142,71,71,41,7,64,30,0.8542,0.5775,1,1.0,ok
680,681,measuring_stick,3463,ruler,medium,c,0.85,0.35,86,43,43,28,2,41,15,0.9333,0.6512,1,0.9333,ok
681,682,meatball,2606,meatball,medium,c,0.85,0.37,56,28,28,24,3,25,4,0.8889,0.8571,1,1.0,ok
682,683,medicine,1421,medicine,medium,c,0.85,0.355,68,34,34,24,4,30,10,0.8571,0.7059,1,1.0,ok
683,684,melon,2620,melon,medium,c,0.85,,,16,,,,,,,,0,,low_gt
684,685,microphone,2632,microphone,high,f,0.85,0.36,546,273,273,99,16,257,174,0.8609,0.3626,1,0.9167,ok
685,686,microscope,2633,microscope,weak,r,0.85,,,2,,,,,,,,0,,low_gt
686,687,microwave_oven,,,high,f,0.85,,,,,,,,,,,0,,unmapped
687,688,milestone,2636,milestone,weak,r,0.85,,,4,,,,,,,,0,,low_gt
688,689,milk,2638,milk,high,f,0.85,0.385,214,107,107,14,1,106,93,0.9333,0.1308,1,1.0,ok
689,690,milk_can,2639,milk can,weak,r,0.85,,,2,,,,,,,,0,,low_gt
690,691,milkshake,2641,milkshake,weak,r,0.85,,,1,,,,,,,,0,,low_gt
691,692,minivan,2651,minivan,high,f,0.85,0.365,908,454,454,67,11,443,387,0.859,0.1476,1,1.0,ok
692,693,mint_candy,2653,mint candy,weak,r,0.85,,,9,,,,,,,,0,,low_gt
693,694,mirror,2654,mirror,high,f,0.85,0.375,3802,1901,1901,503,77,1824,1398,0.8672,0.2646,1,0.9444,ok
694,695,mitten,,,medium,c,0.85,,,,,,,,,,,0,,unmapped
695,696,mixer_(kitchen_tool),2660,mixer,medium,c,0.85,0.365,182,91,91,28,4,87,63,0.875,0.3077,1,1.0,ok
696,697,money,2674,money,medium,c,0.85,0.35,92,46,46,15,2,44,31,0.8824,0.3261,1,0.9167,ok
697,698,monitor_(computer_equipment) computer_monitor,,,high,f,0.85,,,,,,,,,,,0,,unmapped
698,699,monkey,2677,monkey,medium,c,0.85,0.345,148,74,74,49,8,66,25,0.8596,0.6622,1,1.0,ok
699,700,motor,2704,motor,high,f,0.85,0.365,842,421,421,151,22,399,270,0.8728,0.3587,1,0.9697,ok
700,701,motor_scooter,3550,scooter,high,f,0.85,0.35,452,226,226,162,28,198,64,0.8526,0.7168,1,1.0,ok
701,702,motor_vehicle,190,motor vehicle,weak,r,0.85,,,10,,,,,,,,0,,low_gt
702,703,motorcycle,2706,motorcycle,high,f,0.85,0.32,3440,1720,1720,1571,257,1463,149,0.8594,0.9134,1,1.0,ok
703,704,mound_(baseball),2711,mound,high,f,0.85,0.35,522,261,261,260,43,218,1,0.8581,0.9962,1,1.0,ok
704,705,mouse_(computer_equipment),2729,mouse,high,f,0.85,0.36,2674,1337,1337,1028,152,1185,309,0.8712,0.7689,1,0.9419,ok
705,706,mousepad,2730,mousepad,high,f,0.85,0.355,586,293,293,278,44,249,15,0.8634,0.9488,1,0.9726,ok
706,707,muffin,2741,muffin,medium,c,0.85,0.365,124,62,62,40,6,56,22,0.8696,0.6452,1,1.0,ok
707,708,mug,2742,mug,high,f,0.85,0.365,1628,814,814,144,21,793,670,0.8727,0.1769,1,1.0,ok
708,709,mushroom,2751,mushroom,high,f,0.85,,814,407,407,,,,,,,0,0.7333,unreachable
709,710,music_stool,2754,music stool,weak,r,0.85,,,6,,,,,,,,0,,low_gt
710,711,musical_instrument,2231,instrument,medium,c,0.85,,,16,,,,,,,,0,,low_gt
711,712,nailfile,2764,nailfile,weak,r,0.85,,,7,,,,,,,,0,,low_gt
712,713,napkin,2766,napkin,high,f,0.85,0.35,3582,1791,1791,1030,164,1627,761,0.8626,0.5751,1,0.9323,ok
713,714,neckerchief,,,weak,r,0.85,,,,,,,,,,,0,,unmapped
714,715,necklace,2779,necklace,high,f,0.85,0.37,3830,1915,1915,37,6,1909,1878,0.8605,0.0193,1,0.9412,ok
715,716,necktie,4158,tie,high,f,0.85,0.36,3880,1940,1940,906,152,1788,1034,0.8563,0.467,1,1.0,ok
716,717,needle,2783,needle,medium,c,0.85,,,13,,,,,,,,0,,low_gt
717,718,nest,2789,nest,medium,c,0.85,,,16,,,,,,,,0,,low_gt
718,719,newspaper,2920,paper,high,f,0.85,0.375,896,448,448,28,2,446,420,0.9333,0.0625,1,0.9545,ok
719,720,newsstand,2796,newsstand,medium,c,0.85,,,12,,,,,,,,0,,low_gt
720,721,nightshirt,3731,sleepwear,medium,c,0.85,,,18,,,,,,,,0,,low_gt
721,722,nosebag_(for_animals),1600,feedbag,weak,r,0.85,,,4,,,,,,,,0,,low_gt
722,723,noseband_(for_animals),2805,noseband,medium,c,0.85,,142,71,71,,,,,,,0,0.5833,unreachable
723,724,notebook,2807,notebook,high,f,0.85,0.34,378,189,189,147,25,164,42,0.8547,0.7778,1,1.0,ok
724,725,notepad,2808,notepad,medium,c,0.85,0.355,148,74,74,58,10,64,16,0.8529,0.7838,1,1.0,ok
725,726,nut,2816,nut,high,f,0.85,,206,103,103,,,,,,,0,0.6792,unreachable
726,727,nutcracker,2817,nutcracker,weak,r,0.85,,,3,,,,,,,,0,,low_gt
727,728,oar,2820,oar,high,f,0.85,,220,110,110,,,,,,,0,0.5,unreachable
728,729,octopus_(food),,,weak,r,0.85,,,,,,,,,,,0,,unmapped
729,730,octopus_(animal),,,weak,r,0.85,,,,,,,,,,,0,,unmapped
730,731,oil_lamp,2842,oil lamp,medium,c,0.85,,,15,,,,,,,,0,,low_gt
731,732,olive_oil,2848,olive oil,medium,c,0.85,0.33,50,25,25,22,3,22,3,0.88,0.88,1,1.0,ok
732,733,omelet,2850,omelet,weak,r,0.85,,,7,,,,,,,,0,,low_gt
733,734,onion,2851,onion,high,f,0.85,0.375,1294,647,647,161,23,624,486,0.875,0.2488,1,1.0,ok
734,735,orange_(fruit),2864,orange,high,f,0.85,0.36,1648,824,824,480,65,759,344,0.8807,0.5825,1,1.0,ok
735,736,orange_juice,2865,orange juice,medium,c,0.85,0.34,200,100,100,64,8,92,36,0.8889,0.64,1,1.0,ok
736,737,ostrich,2877,ostrich,medium,c,0.85,0.34,94,47,47,38,2,45,9,0.95,0.8085,1,1.0,ok
737,738,ottoman,2043,hassock,high,f,0.85,,242,121,121,,,,,,,0,0.7368,unreachable
738,739,oven,2886,oven,high,f,0.85,0.345,1462,731,731,638,110,621,93,0.8529,0.8728,1,1.0,ok
739,740,overalls_(clothing),2887,overall,medium,c,0.85,,146,73,73,,,,,,,0,0.5474,unreachable
740,741,owl,2890,owl,medium,c,0.85,0.345,98,49,49,24,2,47,25,0.9231,0.4898,1,1.0,ok
741,742,packet,,,medium,c,0.85,,,,,,,,,,,0,,unmapped
742,743,inkpad,2226,inking pad,weak,r,0.85,,,4,,,,,,,,0,,low_gt
743,744,pad,1236,pad,medium,c,0.85,0.38,124,62,62,6,1,61,56,0.8571,0.0968,1,0.8571,ok
744,745,paddle,494,paddle,high,f,0.85,0.36,236,118,118,111,19,99,7,0.8538,0.9407,1,1.0,ok
745,746,padlock,2897,padlock,medium,c,0.85,0.365,198,99,99,7,1,98,92,0.875,0.0707,1,1.0,ok
746,747,paintbrush,,,medium,c,0.85,,,,,,,,,,,0,,unmapped
747,748,painting,,,high,f,0.85,,,,,,,,,,,0,,unmapped
748,749,pajamas,,,high,f,0.85,,,,,,,,,,,0,,unmapped
749,750,palette,2905,palette,medium,c,0.85,,42,21,21,,,,,,,0,0.5833,unreachable
750,751,pan_(for_cooking),,,high,f,0.85,,,,,,,,,,,0,,unmapped
751,752,pan_(metal_container),,,weak,r,0.85,,,,,,,,,,,0,,unmapped
752,753,pancake,2910,pancake,medium,c,0.85,0.35,144,72,72,68,11,61,4,0.8608,0.9444,1,1.0,ok
753,754,pantyhose,2918,pantyhose,weak,r,0.85,,,9,,,,,,,,0,,low_gt
754,755,papaya,2919,papaya,weak,r,0.85,,,10,,,,,,,,0,,low_gt
755,756,paper_plate,2924,paper plate,high,f,0.85,0.365,656,328,328,18,3,325,310,0.8571,0.0549,1,1.0,ok
756,757,paper_towel,2925,paper towel,high,f,0.85,,936,468,468,,,,,,,0,0.5924,unreachable
757,758,paperback_book,2926,paperback book,weak,r,0.85,,,1,,,,,,,,0,,low_gt
758,759,paperweight,2927,paperweight,weak,r,0.85,,,2,,,,,,,,0,,low_gt
759,760,parachute,2928,parachute,medium,c,0.85,0.335,48,24,24,22,1,23,2,0.9565,0.9167,1,1.0,ok
760,761,parakeet,2933,paraquet,medium,c,0.85,,,11,,,,,,,,0,,low_gt
761,762,parasail_(sports),2934,parasail,medium,c,0.85,0.32,144,72,72,72,10,62,0,0.878,1.0,1,1.0,ok
762,763,parasol,3998,sunshade,medium,c,0.85,,,17,,,,,,,,0,,low_gt
763,764,parchment,2936,parchment,weak,r,0.85,,,10,,,,,,,,0,,low_gt
764,765,parka,,,medium,c,0.85,,,,,,,,,,,0,,unmapped
765,766,parking_meter,2942,parking meter,high,f,0.85,0.33,978,489,489,433,70,419,56,0.8608,0.8855,1,1.0,ok
766,767,parrot,2931,parrot,medium,c,0.85,0.335,94,47,47,43,5,42,4,0.8958,0.9149,1,1.0,ok
767,768,passenger_car_(part_of_a_train),757,coach,medium,c,0.85,0.355,186,93,93,55,9,84,38,0.8594,0.5914,1,0.8594,ok
768,769,passenger_ship,2955,passenger ship,weak,r,0.85,,,1,,,,,,,,0,,low_gt
769,770,passport,2958,passport,medium,c,0.85,,,12,,,,,,,,0,,low_gt
770,771,pastry,2961,pastry,high,f,0.85,0.35,456,228,228,224,36,192,4,0.8615,0.9825,1,1.0,ok
771,772,patty_(food),,,weak,r,0.85,,,,,,,,,,,0,,unmapped
772,773,pea_(food),2971,pea,medium,c,0.85,,152,76,76,,,,,,,0,0.75,unreachable
773,774,peach,2973,peach,medium,c,0.85,0.365,142,71,71,33,4,67,38,0.8919,0.4648,1,1.0,ok
774,775,peanut_butter,2977,peanut butter,medium,c,0.85,0.37,60,30,30,13,2,28,17,0.8667,0.4333,1,0.8667,ok
775,776,pear,2978,pear,high,f,0.85,0.34,218,109,109,83,12,97,26,0.8737,0.7615,1,1.0,ok
776,777,peeler_(tool_for_fruit_and_vegetables),2986,peeler,medium,c,0.85,,,14,,,,,,,,0,,low_gt
777,778,wooden_leg,2988,pegleg,weak,r,0.85,,,1,,,,,,,,0,,low_gt
778,779,pegboard,2987,pegboard,weak,r,0.85,,,8,,,,,,,,0,,low_gt
779,780,pelican,2989,pelican,medium,c,0.85,0.34,52,26,26,23,3,23,3,0.8846,0.8846,1,1.0,ok
780,781,pen,2990,pen,high,f,0.85,0.37,678,339,339,132,20,319,207,0.8684,0.3894,1,1.0,ok
781,782,pencil,2992,pencil,high,f,0.85,0.355,306,153,153,82,14,139,71,0.8542,0.5359,1,1.0,ok
782,783,pencil_box,2993,pencil case,weak,r,0.85,,,2,,,,,,,,0,,low_gt
783,784,pencil_sharpener,2994,pencil sharpener,weak,r,0.85,,,3,,,,,,,,0,,low_gt
784,785,pendulum,2997,pendulum,weak,r,0.85,,,8,,,,,,,,0,,low_gt
785,786,penguin,2998,penguin,medium,c,0.85,0.355,94,47,47,17,3,44,30,0.85,0.3617,1,1.0,ok
786,787,pennant,3000,pennant,weak,r,0.85,,,8,,,,,,,,0,,low_gt
787,788,penny_(coin),3001,penny,weak,r,0.85,,,6,,,,,,,,0,,low_gt
788,789,pepper,3004,pepper,high,f,0.85,,232,116,116,,,,,,,0,0.7083,unreachable
789,790,pepper_mill,3005,pepper grinder,medium,c,0.85,0.37,138,69,69,15,2,67,54,0.8824,0.2174,1,1.0,ok
790,791,perfume,3012,perfume,medium,c,0.85,,,13,,,,,,,,0,,low_gt
791,792,persimmon,3015,persimmon,weak,r,0.85,,,6,,,,,,,,0,,low_gt
792,793,person,2163,person,high,f,0.85,,3856,1928,1928,,,,,,,0,0.7273,unreachable
793,794,pet,3019,pet,medium,c,0.85,0.37,158,79,79,67,9,70,12,0.8816,0.8481,1,0.9615,ok
794,795,pew_(church_bench),3024,church bench,medium,c,0.85,,,14,,,,,,,,0,,low_gt
795,796,phonebook,3029,phonebook,weak,r,0.85,,,7,,,,,,,,0,,low_gt
796,797,phonograph_record,3327,record,medium,c,0.85,,,20,,,,,,,,0,,low_gt
797,798,piano,3038,piano,high,f,0.85,0.33,228,114,114,76,13,101,38,0.8539,0.6667,1,1.0,ok
798,799,pickle,3041,pickle,high,f,0.85,0.365,442,221,221,157,25,196,64,0.8626,0.7104,1,1.0,ok
799,800,pickup_truck,,,high,f,0.85,,,,,,,,,,,0,,unmapped
800,801,pie,3048,pie,medium,c,0.85,0.375,124,62,62,39,5,57,23,0.8864,0.629,1,1.0,ok
801,802,pigeon,3049,pigeon,medium,c,0.85,0.335,174,87,87,65,11,76,22,0.8553,0.7471,1,1.0,ok
802,803,piggy_bank,3002,piggy bank,weak,r,0.85,,,4,,,,,,,,0,,low_gt
803,804,pillow,3052,pillow,high,f,0.85,0.345,3824,1912,1912,1455,227,1685,457,0.865,0.761,1,1.0,ok
804,805,pin_(non_jewelry),3055,pin,weak,r,0.85,,,7,,,,,,,,0,,low_gt
805,806,pineapple,3060,pineapple,high,f,0.85,0.34,372,186,186,89,15,171,97,0.8558,0.4785,1,1.0,ok
806,807,pinecone,,,medium,c,0.85,,,,,,,,,,,0,,unmapped
807,808,ping-pong_ball,,,weak,r,0.85,,,,,,,,,,,0,,unmapped
808,809,pinwheel,,,weak,r,0.85,,,,,,,,,,,0,,unmapped
809,810,tobacco_pipe,4174,tobacco pipe,weak,r,0.85,,,7,,,,,,,,0,,low_gt
810,811,pipe,3066,pipe,high,f,0.85,,2826,1413,1413,,,,,,,0,0.75,unreachable
811,812,pistol,2017,handgun,weak,r,0.85,,,7,,,,,,,,0,,low_gt
812,813,pita_(bread),3073,pocket bread,medium,c,0.85,,,12,,,,,,,,0,,low_gt
813,814,pitcher_(vessel_for_liquid),3077,pitcher,high,f,0.85,,496,248,248,,,,,,,0,0.6154,unreachable
814,815,pitchfork,3079,pitchfork,weak,r,0.85,,,4,,,,,,,,0,,low_gt
815,816,pizza,3080,pizza,high,f,0.85,0.34,3762,1881,1881,1844,295,1586,37,0.8621,0.9803,1,1.0,ok
816,817,place_mat,3086,place mat,high,f,0.85,,1058,529,529,,,,,,,0,0.7143,unreachable
817,818,plate,1342,plate,high,f,0.85,0.36,3864,1932,1932,1572,226,1706,360,0.8743,0.8137,1,1.0,ok
818,819,platter,3103,platter,medium,c,0.85,0.365,100,50,50,34,6,44,16,0.85,0.68,1,0.8636,ok
819,820,playpen,3121,playpen,weak,r,0.85,,,3,,,,,,,,0,,low_gt
820,821,pliers,3124,plier,medium,c,0.85,,56,28,28,,,,,,,0,0.5897,unreachable
821,822,plow_(farm_equipment),3126,plow,weak,r,0.85,,,10,,,,,,,,0,,low_gt
822,823,plume,3132,plume,weak,r,0.85,,,5,,,,,,,,0,,low_gt
823,824,pocket_watch,3135,pocket watch,weak,r,0.85,,,5,,,,,,,,0,,low_gt
824,825,pocketknife,3136,pocketknife,medium,c,0.85,,,18,,,,,,,,0,,low_gt
825,826,poker_(fire_stirring_tool),3926,poker,medium,c,0.85,,,14,,,,,,,,0,,low_gt
826,827,pole,3146,pole,high,f,0.85,,3780,1890,1890,,,,,,,0,0.8182,unreachable
827,828,polo_shirt,3158,polo shirt,high,f,0.85,,1320,660,660,,,,,,,0,0.8448,unreachable
828,829,poncho,3161,poncho,weak,r,0.85,,,8,,,,,,,,0,,low_gt
829,830,pony,1033,pony,medium,c,0.85,0.34,50,25,25,22,2,23,3,0.9167,0.88,1,1.0,ok
830,831,pool_table,429,billiard table,weak,r,0.85,,,10,,,,,,,,0,,low_gt
831,832,pop_(soda),3166,pop,high,f,0.85,,436,218,218,,,,,,,0,0.8333,unreachable
832,833,postbox_(public),,,medium,c,0.85,,,,,,,,,,,0,,unmapped
833,834,postcard,3186,postcard,medium,c,0.85,,,16,,,,,,,,0,,low_gt
834,835,poster,3187,poster,high,f,0.85,0.365,1616,808,808,34,5,803,774,0.8718,0.0421,1,0.9333,ok
835,836,pot,3189,pot,high,f,0.85,,958,479,479,,,,,,,0,0.8421,unreachable
836,837,flowerpot,,,high,f,0.85,,,,,,,,,,,0,,unmapped
837,838,potato,3190,potato,high,f,0.85,0.365,614,307,307,137,21,286,170,0.8671,0.4463,1,0.875,ok
838,839,potholder,3193,potholder,medium,c,0.85,,114,57,57,,,,,,,0,0.6667,unreachable
839,840,pottery,955,pottery,medium,c,0.85,0.31,56,28,28,25,4,24,3,0.8621,0.8929,1,1.0,ok
840,841,pouch,3195,pouch,medium,c,0.85,,160,80,80,,,,,,,0,0.7273,unreachable
841,842,power_shovel,1317,excavator,medium,c,0.85,,,11,,,,,,,,0,,low_gt
842,843,prawn,3670,shrimp,medium,c,0.85,0.34,184,92,92,82,14,78,10,0.8542,0.8913,1,1.0,ok
843,844,pretzel,3215,pretzel,medium,c,0.85,,,20,,,,,,,,0,,low_gt
844,845,printer,3220,printer,high,f,0.85,0.355,388,194,194,172,25,169,22,0.8731,0.8866,1,1.0,ok
845,846,projectile_(weapon),2656,missile,medium,c,0.85,0.34,46,23,23,23,4,19,0,0.8519,1.0,1,1.0,ok
846,847,projector,3230,projector,medium,c,0.85,0.33,104,52,52,47,7,45,5,0.8704,0.9038,1,1.0,ok
847,848,propeller,3233,propeller,high,f,0.85,0.34,1346,673,673,639,97,576,34,0.8682,0.9495,1,1.0,ok
848,849,prune,,,weak,r,0.85,,,,,,,,,,,0,,unmapped
849,850,pudding,3242,pudding,weak,r,0.85,,,2,,,,,,,,0,,low_gt
850,851,puffer_(fish),479,blowfish,weak,r,0.85,,,1,,,,,,,,0,,low_gt
851,852,puffin,3245,puffin,weak,r,0.85,,,2,,,,,,,,0,,low_gt
852,853,pug-dog,,,weak,r,0.85,,,,,,,,,,,0,,unmapped
853,854,pumpkin,3251,pumpkin,medium,c,0.85,0.36,160,80,80,21,2,78,59,0.913,0.2625,1,1.0,ok
854,855,puncher,,,weak,r,0.85,,,,,,,,,,,0,,unmapped
855,856,puppet,2576,puppet,weak,r,0.85,,,3,,,,,,,,0,,low_gt
856,857,puppy,,,medium,c,0.85,,,,,,,,,,,0,,unmapped
857,858,quesadilla,3270,quesadilla,weak,r,0.85,,,2,,,,,,,,0,,low_gt
858,859,quiche,3272,quiche,weak,r,0.85,,,10,,,,,,,,0,,low_gt
859,860,quilt,3273,quilt,high,f,0.85,0.315,772,386,386,344,50,336,42,0.8731,0.8912,1,1.0,ok
860,861,rabbit,3276,rabbit,medium,c,0.85,0.355,130,65,65,27,3,62,38,0.9,0.4154,1,1.0,ok
861,862,race_car,3281,race car,weak,r,0.85,,,3,,,,,,,,0,,low_gt
862,863,racket,3282,racket,medium,c,0.85,0.36,70,35,35,12,1,34,23,0.9231,0.3429,1,1.0,ok
863,864,radar,3283,radar,weak,r,0.85,,,5,,,,,,,,0,,low_gt
864,865,radiator,3284,radiator,high,f,0.85,0.345,360,180,180,109,19,161,71,0.8516,0.6056,1,1.0,ok
865,866,radio_receiver,3285,radio,medium,c,0.85,0.38,198,99,99,11,0,99,88,1.0,0.1111,1,1.0,ok
866,867,radish,1251,daikon,medium,c,0.85,0.345,98,49,49,42,6,43,7,0.875,0.8571,1,1.0,ok
867,868,raft,3286,raft,medium,c,0.85,0.345,56,28,28,24,3,25,4,0.8889,0.8571,1,1.0,ok
868,869,rag_doll,3287,rag doll,weak,r,0.85,,,1,,,,,,,,0,,low_gt
869,870,raincoat,3298,raincoat,medium,c,0.85,0.36,104,52,52,24,3,49,28,0.8889,0.4615,1,1.0,ok
870,871,ram_(animal),3303,ram,medium,c,0.85,0.365,72,36,36,26,3,33,10,0.8966,0.7222,1,1.0,ok
871,872,raspberry,3308,raspberry,medium,c,0.85,0.355,140,70,70,43,5,65,27,0.8958,0.6143,1,1.0,ok
872,873,rat,3309,rat,weak,r,0.85,,,6,,,,,,,,0,,low_gt
873,874,razorblade,,,medium,c,0.85,,,,,,,,,,,0,,unmapped
874,875,reamer_(juicer),3318,reamer,medium,c,0.85,,48,24,24,,,,,,,0,0.625,unreachable
875,876,rearview_mirror,3322,rearview mirror,high,f,0.85,0.355,2230,1115,1115,324,51,1064,791,0.864,0.2906,1,1.0,ok
876,877,receipt,3323,receipt,medium,c,0.85,0.315,122,61,61,36,6,55,25,0.8571,0.5902,1,1.0,ok
877,878,recliner,,,medium,c,0.85,,,,,,,,,,,0,,unmapped
878,879,record_player,3030,record player,medium,c,0.85,,,18,,,,,,,,0,,low_gt
879,880,reflector,3348,reflector,high,f,0.85,,1330,665,665,,,,,,,0,0.6429,unreachable
880,881,remote_control,,,high,f,0.85,,,,,,,,,,,0,,unmapped
881,882,rhinoceros,3382,rhinoceros,medium,c,0.85,0.34,58,29,29,25,3,26,4,0.8929,0.8621,1,1.0,ok
882,883,rib_(food),3384,rib,weak,r,0.85,,,8,,,,,,,,0,,low_gt
883,884,rifle,3392,rifle,medium,c,0.85,,,14,,,,,,,,0,,low_gt
884,885,ring,3394,ring,high,f,0.85,,3244,1622,1622,,,,,,,0,0.8182,unreachable
885,886,river_boat,3401,river boat,weak,r,0.85,,,2,,,,,,,,0,,low_gt
886,887,road_map,,,weak,r,0.85,,,,,,,,,,,0,,unmapped
887,888,robe,3409,robe,medium,c,0.85,0.365,64,32,32,7,1,31,25,0.875,0.2188,1,0.875,ok
888,889,rocking_chair,3423,rocking chair,medium,c,0.85,0.335,110,55,55,42,6,49,13,0.875,0.7636,1,1.0,ok
889,890,rodent,3425,rodent,weak,r,0.85,,,1,,,,,,,,0,,low_gt
890,891,roller_skate,3432,roller skate,weak,r,0.85,,,10,,,,,,,,0,,low_gt
891,892,Rollerblade,,,weak,r,0.85,,,,,,,,,,,0,,unmapped
892,893,rolling_pin,3434,rolling pin,medium,c,0.85,,94,47,47,,,,,,,0,0.5714,unreachable
893,894,root_beer,3442,root beer,weak,r,0.85,,,3,,,,,,,,0,,low_gt
894,895,router_(computer_equipment),3450,router,medium,c,0.85,0.34,58,29,29,29,4,25,0,0.8788,1.0,1,1.0,ok
895,896,rubber_band,1474,elastic band,high,f,0.85,,684,342,342,,,,,,,0,0.6333,unreachable
896,897,runner_(carpet),3466,runner,medium,c,0.85,,50,25,25,,,,,,,0,0.6667,unreachable
897,898,plastic_bag,2921,paper bag,high,f,0.85,0.395,2938,1469,1469,6,1,1468,1463,0.8571,0.0041,1,0.8571,ok
898,899,saddle_(on_an_animal),3473,saddle,high,f,0.85,0.345,1042,521,521,479,73,448,42,0.8678,0.9194,1,1.0,ok
899,900,saddle_blanket,2133,horse blanket,high,f,0.85,0.335,694,347,347,299,45,302,48,0.8692,0.8617,1,0.9333,ok
900,901,saddlebag,3474,saddlebag,medium,c,0.85,0.345,70,35,35,18,3,32,17,0.8571,0.5143,1,0.9167,ok
901,902,safety_pin,,,weak,r,0.85,,,,,,,,,,,0,,unmapped
902,903,sail,3479,sail,high,f,0.85,0.335,414,207,207,201,29,178,6,0.8739,0.971,1,1.0,ok
903,904,salad,3485,salad,high,f,0.85,0.345,216,108,108,106,18,90,2,0.8548,0.9815,1,1.0,ok
904,905,salad_plate,3486,salad bowl,weak,r,0.85,,,2,,,,,,,,0,,low_gt
905,906,salami,3488,salami,medium,c,0.85,0.34,68,34,34,32,4,30,2,0.8889,0.9412,1,1.0,ok
906,907,salmon_(fish),,,medium,c,0.85,,,,,,,,,,,0,,unmapped
907,908,salmon_(food),,,weak,r,0.85,,,,,,,,,,,0,,unmapped
908,909,salsa,3492,salsa,medium,c,0.85,,,13,,,,,,,,0,,low_gt
909,910,saltshaker,,,high,f,0.85,,,,,,,,,,,0,,unmapped
910,911,sandal_(type_of_shoe),3506,sandal,high,f,0.85,0.385,2046,1023,1023,19,3,1020,1004,0.8636,0.0186,1,0.8636,ok
911,912,sandwich,3507,sandwich,high,f,0.85,0.355,1564,782,782,761,116,666,21,0.8677,0.9731,1,1.0,ok
912,913,satchel,3515,satchel,weak,r,0.85,,,2,,,,,,,,0,,low_gt
913,914,saucepan,,,weak,r,0.85,,,,,,,,,,,0,,unmapped
914,915,saucer,3519,saucer,high,f,0.85,0.375,494,247,247,34,4,243,213,0.8947,0.1377,1,1.0,ok
915,916,sausage,3521,sausage,high,f,0.85,0.355,442,221,221,204,31,190,17,0.8681,0.9231,1,1.0,ok
916,917,sawhorse,3524,sawbuck,weak,r,0.85,,,4,,,,,,,,0,,low_gt
917,918,saxophone,,,weak,r,0.85,,,,,,,,,,,0,,unmapped
918,919,scale_(measuring_instrument),3528,scale,high,f,0.85,,316,158,158,,,,,,,0,0.5833,unreachable
919,920,scarecrow,3532,strawman,weak,r,0.85,,,3,,,,,,,,0,,low_gt
920,921,scarf,3533,scarf,high,f,0.85,0.39,1504,752,752,6,1,751,746,0.8571,0.008,1,0.8571,ok
921,922,school_bus,3538,school bus,medium,c,0.85,0.325,128,64,64,56,9,55,8,0.8615,0.875,1,1.0,ok
922,923,scissors,3546,scissors,high,f,0.85,0.355,1414,707,707,459,72,635,248,0.8644,0.6492,1,1.0,ok
923,924,scoreboard,3552,scoreboard,high,f,0.85,0.345,286,143,143,83,14,129,60,0.8557,0.5804,1,1.0,ok
924,925,scraper,3557,scraper,weak,r,0.85,,,1,,,,,,,,0,,low_gt
925,926,screwdriver,3563,screwdriver,medium,c,0.85,0.34,98,49,49,29,4,45,20,0.8788,0.5918,1,1.0,ok
926,927,scrubbing_brush,3566,scrubbing brush,high,f,0.85,,252,126,126,,,,,,,0,0.8182,unreachable
927,928,sculpture,3568,sculpture,medium,c,0.85,0.34,152,76,76,52,6,70,24,0.8966,0.6842,1,1.0,ok
928,929,seabird,3576,seabird,medium,c,0.85,,,11,,,,,,,,0,,low_gt
929,930,seahorse,3578,seahorse,medium,c,0.85,,,11,,,,,,,,0,,low_gt
930,931,seaplane,2177,seaplane,weak,r,0.85,,,4,,,,,,,,0,,low_gt
931,932,seashell,3581,seashell,medium,c,0.85,0.36,78,39,39,6,1,38,33,0.8571,0.1538,1,1.0,ok
932,933,sewing_machine,3603,sewing machine,medium,c,0.85,,,11,,,,,,,,0,,low_gt
933,934,shaker,3606,shaker,medium,c,0.85,,,13,,,,,,,,0,,low_gt
934,935,shampoo,3607,shampoo,medium,c,0.85,0.365,182,91,91,54,7,84,37,0.8852,0.5934,1,1.0,ok
935,936,shark,3610,shark,medium,c,0.85,,,14,,,,,,,,0,,low_gt
936,937,sharpener,3611,sharpener,weak,r,0.85,,,5,,,,,,,,0,,low_gt
937,938,Sharpie,3612,sharpie,weak,r,0.85,,,3,,,,,,,,0,,low_gt
938,939,shaver_(electric),3613,shaver,weak,r,0.85,,,10,,,,,,,,0,,low_gt
939,940,shaving_cream,3614,shaving cream,medium,c,0.85,,,18,,,,,,,,0,,low_gt
940,941,shawl,3615,shawl,weak,r,0.85,,,9,,,,,,,,0,,low_gt
941,942,shears,3617,shears,weak,r,0.85,,,6,,,,,,,,0,,low_gt
942,943,sheep,3618,sheep,high,f,0.85,0.325,1902,951,951,937,160,791,14,0.8541,0.9853,1,1.0,ok
943,944,shepherd_dog,1028,sheepdog,weak,r,0.85,,,2,,,,,,,,0,,low_gt
944,945,sherbert,3627,sherbert,weak,r,0.85,,,1,,,,,,,,0,,low_gt
945,946,shield,605,shield,medium,c,0.85,,,19,,,,,,,,0,,low_gt
946,947,shirt,3634,shirt,high,f,0.85,,3884,1942,1942,,,,,,,0,0.8,unreachable
947,948,shoe,3637,shoe,high,f,0.85,0.385,3832,1916,1916,87,15,1901,1829,0.8529,0.0454,1,0.8529,ok
948,949,shopping_bag,3647,shopping bag,high,f,0.85,0.33,278,139,139,79,13,126,60,0.8587,0.5683,1,1.0,ok
949,950,shopping_cart,3649,shopping cart,medium,c,0.85,0.33,86,43,43,31,5,38,12,0.8611,0.7209,1,1.0,ok
950,951,short_pants,3656,shorts,high,f,0.85,0.39,3938,1969,1969,48,8,1961,1921,0.8571,0.0244,1,0.8621,ok
951,952,shot_glass,3657,shot glass,weak,r,0.85,,,5,,,,,,,,0,,low_gt
952,953,shoulder_bag,3660,shoulder bag,high,f,0.85,0.365,268,134,134,10,1,133,124,0.9091,0.0746,1,1.0,ok
953,954,shovel,3661,shovel,medium,c,0.85,0.38,148,74,74,6,1,73,68,0.8571,0.0811,1,0.8571,ok
954,955,shower_head,3667,shower head,high,f,0.85,0.335,762,381,381,354,55,326,27,0.8655,0.9291,1,0.9603,ok
955,956,shower_cap,3664,shower cap,weak,r,0.85,,,1,,,,,,,,0,,low_gt
956,957,shower_curtain,3665,shower curtain,high,f,0.85,0.32,762,381,381,377,61,320,4,0.8607,0.9895,1,1.0,ok
957,958,shredder_(for_paper),3668,shredder,weak,r,0.85,,,6,,,,,,,,0,,low_gt
958,959,signboard,,,high,f,0.85,,,,,,,,,,,0,,unmapped
959,960,silo,3689,silo,medium,c,0.85,0.355,56,28,28,20,2,26,8,0.9091,0.7143,1,1.0,ok
960,961,sink,3696,sink,high,f,0.85,0.36,3270,1635,1635,1570,248,1387,65,0.8636,0.9602,1,1.0,ok
961,962,skateboard,3701,skateboard,high,f,0.85,0.335,3934,1967,1967,1900,291,1676,67,0.8672,0.9659,1,1.0,ok
962,963,skewer,3707,skewer,medium,c,0.85,,,16,,,,,,,,0,,low_gt
963,964,ski,3708,ski,high,f,0.85,0.33,3852,1926,1926,1914,305,1621,12,0.8626,0.9938,1,1.0,ok
964,965,ski_boot,3709,ski boot,high,f,0.85,0.325,3578,1789,1789,1781,314,1475,8,0.8501,0.9955,1,1.0,ok
965,966,ski_parka,3711,ski jacket,high,f,0.85,0.315,802,401,401,399,64,337,2,0.8618,0.995,1,0.9537,ok
966,967,ski_pole,3713,ski pole,high,f,0.85,0.33,3936,1968,1968,1959,299,1669,9,0.8676,0.9954,1,0.9794,ok
967,968,skirt,,,high,f,0.85,,,,,,,,,,,0,,unmapped
968,969,skullcap,3720,skullcap,weak,r,0.85,,,1,,,,,,,,0,,low_gt
969,970,sled,3728,sleigh,medium,c,0.85,0.345,112,56,56,54,9,47,2,0.8571,0.9643,1,1.0,ok
970,971,sleeping_bag,3730,sleeping bag,medium,c,0.85,,,17,,,,,,,,0,,low_gt
971,972,sling_(bandage),3736,sling,weak,r,0.85,,,1,,,,,,,,0,,low_gt
972,973,slipper_(footwear),755,slipper,medium,c,0.85,0.355,116,58,58,33,5,53,25,0.8684,0.569,1,1.0,ok
973,974,smoothie,,,weak,r,0.85,,,,,,,,,,,0,,unmapped
974,975,snake,3749,snake,weak,r,0.85,,,8,,,,,,,,0,,low_gt
975,976,snowboard,3715,snowboard,high,f,0.85,0.315,2248,1124,1124,1118,181,943,6,0.8607,0.9947,1,1.0,ok
976,977,snowman,3761,snowman,medium,c,0.85,0.325,62,31,31,26,4,27,5,0.8667,0.8387,1,1.0,ok
977,978,snowmobile,3762,snowmobile,medium,c,0.85,,,16,,,,,,,,0,,low_gt
978,979,soap,3766,soap,high,f,0.85,0.36,982,491,491,225,35,456,266,0.8654,0.4582,1,0.9355,ok
979,980,soccer_ball,,,high,f,0.85,,,,,,,,,,,0,,unmapped
980,981,sock,3771,sock,high,f,0.85,,3890,1945,1945,,,,,,,0,0.6667,unreachable
981,982,sofa,1141,couch,high,f,0.85,0.34,3798,1899,1899,1667,269,1630,232,0.8611,0.8778,1,1.0,ok
982,983,softball,3774,softball,weak,r,0.85,,,5,,,,,,,,0,,low_gt
983,984,solar_array,3776,solar battery,medium,c,0.85,0.35,56,28,28,9,1,27,19,0.9,0.3214,1,0.9,ok
984,985,sombrero,3780,sombrero,weak,r,0.85,,,7,,,,,,,,0,,low_gt
985,986,soup,3783,soup,high,f,0.85,0.37,292,146,146,141,24,122,5,0.8545,0.9658,1,1.0,ok
986,987,soup_bowl,3784,soup bowl,weak,r,0.85,,,1,,,,,,,,0,,low_gt
987,988,soupspoon,3785,soupspoon,medium,c,0.85,,50,25,25,,,,,,,0,0.8182,unreachable
988,989,sour_cream,3786,sour cream,medium,c,0.85,,44,22,22,,,,,,,0,0.5714,unreachable
989,990,soya_milk,3788,soybean milk,weak,r,0.85,,,1,,,,,,,,0,,low_gt
990,991,space_shuttle,3791,space shuttle,weak,r,0.85,,,10,,,,,,,,0,,low_gt
991,992,sparkler_(fireworks),3799,sparkler,weak,r,0.85,,,9,,,,,,,,0,,low_gt
992,993,spatula,3802,spatula,high,f,0.85,,616,308,308,,,,,,,0,0.8125,unreachable
993,994,spear,2361,spear,weak,r,0.85,,,4,,,,,,,,0,,low_gt
994,995,spectacles,,,high,f,0.85,,,,,,,,,,,0,,unmapped
995,996,spice_rack,3812,spice rack,medium,c,0.85,0.325,90,45,45,44,7,38,1,0.8627,0.9778,1,1.0,ok
996,997,spider,3813,spider,medium,c,0.85,,,12,,,,,,,,0,,low_gt
997,998,crawfish,,,weak,r,0.85,,,,,,,,,,,0,,unmapped
998,999,sponge,3820,sponge,medium,c,0.85,,170,85,85,,,,,,,0,0.75,unreachable
999,1000,spoon,3821,spoon,high,f,0.85,0.39,2254,1127,1127,25,4,1123,1102,0.8621,0.0222,1,1.0,ok
1000,1001,sportswear,3828,sportswear,medium,c,0.85,,,11,,,,,,,,0,,low_gt
1001,1002,spotlight,,,medium,c,0.85,,,,,,,,,,,0,,unmapped
1002,1003,squid_(food),3844,squid,weak,r,0.85,,,1,,,,,,,,0,,low_gt
1003,1004,squirrel,3845,squirrel,medium,c,0.85,,,16,,,,,,,,0,,low_gt
1004,1005,stagecoach,3854,stagecoach,weak,r,0.85,,,1,,,,,,,,0,,low_gt
1005,1006,stapler_(stapling_machine),3865,stapler,medium,c,0.85,0.355,130,65,65,46,7,58,19,0.8679,0.7077,1,0.9524,ok
1006,1007,starfish,3868,starfish,medium,c,0.85,,,13,,,,,,,,0,,low_gt
1007,1008,statue_(sculpture),3876,statue,high,f,0.85,0.355,1310,655,655,264,39,616,391,0.8713,0.4031,1,1.0,ok
1008,1009,steak_(food),3877,steak,medium,c,0.85,0.345,102,51,51,49,8,43,2,0.8596,0.9608,1,1.0,ok
1009,1010,steak_knife,3878,steak knife,weak,r,0.85,,,1,,,,,,,,0,,low_gt
1010,1011,steering_wheel,3885,steering wheel,high,f,0.85,0.35,1346,673,673,143,25,648,530,0.8512,0.2125,1,0.9545,ok
1011,1012,stepladder,,,weak,r,0.85,,,,,,,,,,,0,,unmapped
1012,1013,step_stool,3888,step stool,medium,c,0.85,,72,36,36,,,,,,,0,0.8,unreachable
1013,1014,stereo_(sound_system),3889,stereo,medium,c,0.85,0.36,108,54,54,42,7,47,12,0.8571,0.7778,1,1.0,ok
1014,1015,stew,3891,stew,weak,r,0.85,,,5,,,,,,,,0,,low_gt
1015,1016,stirrer,3899,stirrer,weak,r,0.85,,,8,,,,,,,,0,,low_gt
1016,1017,stirrup,3900,stirrup,high,f,0.85,,610,305,305,,,,,,,0,0.5008,unreachable
1017,1018,stool,3909,stool,high,f,0.85,0.385,594,297,297,18,3,294,279,0.8571,0.0606,1,1.0,ok
1018,1019,stop_sign,3913,stop sign,high,f,0.85,0.335,2106,1053,1053,975,145,908,78,0.8705,0.9259,1,1.0,ok
1019,1020,brake_light,556,brake light,high,f,0.85,0.34,446,223,223,107,18,205,116,0.856,0.4798,1,1.0,ok
1020,1021,stove,3925,stove,high,f,0.85,0.34,2074,1037,1037,946,154,883,91,0.86,0.9122,1,1.0,ok
1021,1022,strainer,3928,strainer,medium,c,0.85,,126,63,63,,,,,,,0,0.6667,unreachable
1022,1023,strap,3930,strap,high,f,0.85,,3762,1881,1881,,,,,,,0,0.6458,unreachable
1023,1024,straw_(for_drinking),3931,straw,high,f,0.85,0.395,1014,507,507,6,1,506,501,0.8571,0.0118,1,0.8571,ok
1024,1025,strawberry,3933,strawberry,high,f,0.85,0.345,666,333,333,215,31,302,118,0.874,0.6456,1,1.0,ok
1025,1026,street_sign,3944,street sign,high,f,0.85,0.305,3822,1911,1911,1711,284,1627,200,0.8576,0.8953,1,1.0,ok
1026,1027,streetlight,,,high,f,0.85,,,,,,,,,,,0,,unmapped
1027,1028,string_cheese,3951,string cheese,weak,r,0.85,,,1,,,,,,,,0,,low_gt
1028,1029,stylus,3967,stylus,weak,r,0.85,,,5,,,,,,,,0,,low_gt
1029,1030,subwoofer,3974,subwoofer,weak,r,0.85,,,1,,,,,,,,0,,low_gt
1030,1031,sugar_bowl,3978,sugar bowl,weak,r,0.85,,,9,,,,,,,,0,,low_gt
1031,1032,sugarcane_(plant),,,weak,r,0.85,,,,,,,,,,,0,,unmapped
1032,1033,suit_(clothing),3981,suit,high,f,0.85,0.36,302,151,151,50,8,143,101,0.8621,0.3311,1,1.0,ok
1033,1034,sunflower,3991,sunflower,medium,c,0.85,0.33,164,82,82,46,5,77,36,0.902,0.561,1,1.0,ok
1034,1035,sunglasses,3994,sunglasses,high,f,0.85,,3862,1931,1931,,,,,,,0,0.8462,unreachable
1035,1036,sunhat,,,medium,c,0.85,,,,,,,,,,,0,,unmapped
1036,1037,surfboard,4009,surfboard,high,f,0.85,0.33,3790,1895,1895,1831,287,1608,64,0.8645,0.9662,1,1.0,ok
1037,1038,sushi,4014,sushi,medium,c,0.85,0.34,48,24,24,23,4,20,1,0.8519,0.9583,1,1.0,ok
1038,1039,mop,,,medium,c,0.85,,,,,,,,,,,0,,unmapped
1039,1040,sweat_pants,4025,sweat pant,medium,c,0.85,0.355,70,35,35,6,1,34,29,0.8571,0.1714,1,0.8571,ok
1040,1041,sweatband,4026,sweatband,medium,c,0.85,,138,69,69,,,,,,,0,0.6,unreachable
1041,1042,sweater,4027,sweater,high,f,0.85,0.37,1924,962,962,135,23,939,827,0.8544,0.1403,1,1.0,ok
1042,1043,sweatshirt,4028,sweatshirt,high,f,0.85,0.38,1176,588,588,18,1,587,570,0.9474,0.0306,1,1.0,ok
1043,1044,sweet_potato,4030,sweet potato,medium,c,0.85,0.36,42,21,21,14,2,19,7,0.875,0.6667,1,0.9231,ok
1044,1045,swimsuit,328,swimwear,high,f,0.85,0.335,1650,825,825,669,101,724,156,0.8688,0.8109,1,1.0,ok
1045,1046,sword,4042,sword,medium,c,0.85,,104,52,52,,,,,,,0,0.8333,unreachable
1046,1047,syringe,4047,syringe,weak,r,0.85,,,5,,,,,,,,0,,low_gt
1047,1048,Tabasco_sauce,4052,tabasco sauce,weak,r,0.85,,,5,,,,,,,,0,,low_gt
1048,1049,table-tennis_table,3061,table tennis table,weak,r,0.85,,,5,,,,,,,,0,,low_gt
1049,1050,table,1301,table,high,f,0.85,0.395,3720,1860,1860,54,7,1853,1806,0.8852,0.029,1,0.96,ok
1050,1051,table_lamp,1302,table lamp,medium,c,0.85,0.315,112,56,56,47,8,48,9,0.8545,0.8393,1,1.0,ok
1051,1052,tablecloth,4056,tablecloth,high,f,0.85,0.37,3164,1582,1582,120,18,1564,1462,0.8696,0.0759,1,1.0,ok
1052,1053,tachometer,4059,tachometer,weak,r,0.85,,,7,,,,,,,,0,,low_gt
1053,1054,taco,4061,taco,weak,r,0.85,,,2,,,,,,,,0,,low_gt
1054,1055,tag,,,high,f,0.85,,,,,,,,,,,0,,unmapped
1055,1056,taillight,3320,rear light,high,f,0.85,0.38,3770,1885,1885,271,43,1842,1614,0.8631,0.1438,1,0.9259,ok
1056,1057,tambourine,4069,tambourine,weak,r,0.85,,,1,,,,,,,,0,,low_gt
1057,1058,army_tank,137,army tank,weak,r,0.85,,,5,,,,,,,,0,,low_gt
1058,1059,tank_(storage_vessel),3918,tank,high,f,0.85,,274,137,137,,,,,,,0,0.8182,unreachable
1059,1060,tank_top_(clothing),,,high,f,0.85,,,,,,,,,,,0,,unmapped
1060,1061,tape_(sticky_cloth_or_paper),4072,tape,high,f,0.85,0.37,268,134,134,39,6,128,95,0.8667,0.291,1,0.9375,ok
1061,1062,tape_measure,2604,measuring tape,medium,c,0.85,0.36,58,29,29,16,2,27,13,0.8889,0.5517,1,1.0,ok
1062,1063,tapestry,4073,tapestry,medium,c,0.85,0.335,44,22,22,13,2,20,9,0.8667,0.5909,1,1.0,ok
1063,1064,tarp,4076,tarp,high,f,0.85,0.38,1044,522,522,24,4,518,498,0.8571,0.046,1,0.8571,ok
1064,1065,tartan,3087,plaid,medium,c,0.85,,100,50,50,,,,,,,0,0.8182,unreachable
1065,1066,tassel,4078,tassel,medium,c,0.85,,136,68,68,,,,,,,0,0.7059,unreachable
1066,1067,tea_bag,4085,tea bag,medium,c,0.85,,,16,,,,,,,,0,,low_gt
1067,1068,teacup,4092,teacup,medium,c,0.85,0.37,80,40,40,6,1,39,34,0.8571,0.15,1,0.8571,ok
1068,1069,teakettle,,,medium,c,0.85,,,,,,,,,,,0,,unmapped
1069,1070,teapot,,,high,f,0.85,,,,,,,,,,,0,,unmapped
1070,1071,teddy_bear,,,high,f,0.85,,,,,,,,,,,0,,unmapped
1071,1072,telephone,3028,phone,high,f,0.85,,1544,772,772,,,,,,,0,0.8,unreachable
1072,1073,telephone_booth,,,medium,c,0.85,,,,,,,,,,,0,,unmapped
1073,1074,telephone_pole,4102,telegraph pole,high,f,0.85,0.35,2030,1015,1015,427,72,943,588,0.8557,0.4207,1,1.0,ok
1074,1075,telephoto_lens,4103,zoom lens,weak,r,0.85,,,1,,,,,,,,0,,low_gt
1075,1076,television_camera,4106,television camera,medium,c,0.85,,130,65,65,,,,,,,0,0.5952,unreachable
1076,1077,television_set,,,high,f,0.85,,,,,,,,,,,0,,unmapped
1077,1078,tennis_ball,,,high,f,0.85,,,,,,,,,,,0,,unmapped
1078,1079,tennis_racket,4117,tennis racket,high,f,0.85,0.31,3954,1977,1977,1959,326,1651,18,0.8573,0.9909,1,1.0,ok
1079,1080,tequila,4119,tequila,weak,r,0.85,,,2,,,,,,,,0,,low_gt
1080,1081,thermometer,4137,thermometer,medium,c,0.85,,58,29,29,,,,,,,0,0.8333,unreachable
1081,1082,thermos_bottle,4139,thermos bottle,medium,c,0.85,,72,36,36,,,,,,,0,0.8,unreachable
1082,1083,thermostat,4140,thermostat,high,f,0.85,0.34,276,138,138,49,8,130,89,0.8596,0.3551,1,0.875,ok
1083,1084,thimble,4142,thimble,weak,r,0.85,,,4,,,,,,,,0,,low_gt
1084,1085,thread,,,medium,c,0.85,,,,,,,,,,,0,,unmapped
1085,1086,thumbtack,1398,drawing pin,medium,c,0.85,0.35,52,26,26,12,1,25,14,0.9231,0.4615,1,0.9231,ok
1086,1087,tiara,4153,tiara,medium,c,0.85,0.315,50,25,25,24,4,21,1,0.8571,0.96,1,1.0,ok
1087,1088,tiger,4159,tiger,medium,c,0.85,,66,33,33,,,,,,,0,0.7222,unreachable
1088,1089,tights_(clothing),2428,tights,medium,c,0.85,0.375,74,37,37,6,1,36,31,0.8571,0.1622,1,0.8571,ok
1089,1090,timer,,,medium,c,0.85,,,,,,,,,,,0,,unmapped
1090,1091,tinfoil,4166,tinfoil,high,f,0.85,,540,270,270,,,,,,,0,0.5984,unreachable
1091,1092,tinsel,4167,tinsel,medium,c,0.85,,,12,,,,,,,,0,,low_gt
1092,1093,tissue_paper,,,high,f,0.85,,,,,,,,,,,0,,unmapped
1093,1094,toast_(food),4171,toast,medium,c,0.85,0.365,82,41,41,31,5,36,10,0.8611,0.7561,1,1.0,ok
1094,1095,toaster,4172,toaster,high,f,0.85,0.375,448,224,224,70,12,212,154,0.8537,0.3125,1,0.9,ok
1095,1096,toaster_oven,,,high,f,0.85,,,,,,,,,,,0,,unmapped
1096,1097,toilet,,,high,f,0.85,,,,,,,,,,,0,,unmapped
1097,1098,toilet_tissue,336,toilet paper,high,f,0.85,0.33,2042,1021,1021,987,163,858,34,0.8583,0.9667,1,1.0,ok
1098,1099,tomato,4182,tomato,high,f,0.85,0.34,2426,1213,1213,774,136,1077,439,0.8505,0.6381,1,0.9352,ok
1099,1100,tongs,4187,tongs,high,f,0.85,,344,172,172,,,,,,,0,0.6667,unreachable
1100,1101,toolbox,4189,toolbox,medium,c,0.85,0.36,56,28,28,6,1,27,22,0.8571,0.2143,1,0.8571,ok
1101,1102,toothbrush,4190,toothbrush,high,f,0.85,0.355,1490,745,745,561,73,672,184,0.8849,0.753,1,1.0,ok
1102,1103,toothpaste,4191,toothpaste,high,f,0.85,0.325,374,187,187,172,28,159,15,0.86,0.9198,1,1.0,ok
1103,1104,toothpick,4192,toothpick,high,f,0.85,,294,147,147,,,,,,,0,0.6567,unreachable
1104,1105,cover,,,high,f,0.85,,,,,,,,,,,0,,unmapped
1105,1106,tortilla,4197,tortilla,medium,c,0.85,0.355,68,34,34,31,5,29,3,0.8611,0.9118,1,1.0,ok
1106,1107,tow_truck,4211,tow truck,medium,c,0.85,0.325,82,41,41,40,6,35,1,0.8696,0.9756,1,1.0,ok
1107,1108,towel,4212,towel,high,f,0.85,0.38,1272,636,636,50,7,629,586,0.8772,0.0786,1,0.9,ok
1108,1109,towel_rack,4213,towel bar,high,f,0.85,0.355,1140,570,570,494,75,495,76,0.8682,0.8667,1,1.0,ok
1109,1110,toy,4218,toy,high,f,0.85,0.37,2298,1149,1149,721,118,1031,428,0.8594,0.6275,1,1.0,ok
1110,1111,tractor_(farm_equipment),4223,tractor,medium,c,0.85,0.33,122,61,61,39,5,56,22,0.8864,0.6393,1,1.0,ok
1111,1112,traffic_light,3915,traffic light,high,f,0.85,0.33,3780,1890,1890,1673,278,1612,217,0.8575,0.8852,1,1.0,ok
1112,1113,dirt_bike,1332,dirt bike,medium,c,0.85,,,18,,,,,,,,0,,low_gt
1113,1114,trailer_truck,4234,trailer truck,high,f,0.85,0.32,286,143,143,119,20,123,24,0.8561,0.8322,1,1.0,ok
1114,1115,train_(railroad_vehicle),4235,train,high,f,0.85,0.345,3034,1517,1517,1470,222,1295,47,0.8688,0.969,1,1.0,ok
1115,1116,trampoline,4246,trampoline,weak,r,0.85,,,7,,,,,,,,0,,low_gt
1116,1117,tray,4250,tray,high,f,0.85,0.38,1886,943,943,185,30,913,758,0.8605,0.1962,1,1.0,ok
1117,1118,trench_coat,87,trench coat,weak,r,0.85,,,6,,,,,,,,0,,low_gt
1118,1119,triangle_(musical_instrument),4261,triangle,weak,r,0.85,,,1,,,,,,,,0,,low_gt
1119,1120,tricycle,4266,tricycle,medium,c,0.85,,,11,,,,,,,,0,,low_gt
1120,1121,tripod,4269,tripod,high,f,0.85,0.37,202,101,101,24,3,98,77,0.8889,0.2376,1,1.0,ok
1121,1122,trousers,2917,pants,high,f,0.85,,3818,1909,1909,,,,,,,0,0.6608,unreachable
1122,1123,truck,4276,truck,high,f,0.85,0.35,1600,800,800,466,72,728,334,0.8662,0.5825,1,1.0,ok
1123,1124,truffle_(chocolate),902,truffle,weak,r,0.85,,,1,,,,,,,,0,,low_gt
1124,1125,trunk,,,medium,c,0.85,,,,,,,,,,,0,,unmapped
1125,1126,vat,,,weak,r,0.85,,,,,,,,,,,0,,unmapped
1126,1127,turban,,,medium,c,0.85,,,,,,,,,,,0,,unmapped
1127,1128,turkey_(food),4286,turkey,medium,c,0.85,0.36,62,31,31,18,2,29,13,0.9,0.5806,1,1.0,ok
1128,1129,turnip,4288,turnip,weak,r,0.85,,,7,,,,,,,,0,,low_gt
1129,1130,turtle,4291,turtle,medium,c,0.85,,,20,,,,,,,,0,,low_gt
1130,1131,turtleneck_(clothing),3157,polo neck,medium,c,0.85,,,11,,,,,,,,0,,low_gt
1131,1132,typewriter,4308,typewriter,medium,c,0.85,,,13,,,,,,,,0,,low_gt
1132,1133,umbrella,4311,umbrella,high,f,0.85,0.355,3848,1924,1924,1241,190,1734,683,0.8672,0.645,1,0.9907,ok
1133,1134,underwear,4312,underclothes,high,f,0.85,0.35,226,113,113,53,8,105,60,0.8689,0.469,1,0.9355,ok
1134,1135,unicycle,,,weak,r,0.85,,,,,,,,,,,0,,unmapped
1135,1136,urinal,4320,urinal,high,f,0.85,0.335,278,139,139,137,23,116,2,0.8562,0.9856,1,1.0,ok
1136,1137,urn,4321,urn,medium,c,0.85,,,12,,,,,,,,0,,low_gt
1137,1138,vacuum_cleaner,,,medium,c,0.85,,,,,,,,,,,0,,unmapped
1138,1139,vase,4333,vase,high,f,0.85,0.335,3732,1866,1866,1233,186,1680,633,0.8689,0.6608,1,1.0,ok
1139,1140,vending_machine,4345,vending machine,medium,c,0.85,0.335,94,47,47,17,3,44,30,0.85,0.3617,1,1.0,ok
1140,1141,vent,4347,vent,high,f,0.85,,2936,1468,1468,,,,,,,0,0.7609,unreachable
1141,1142,vest,4350,vest,high,f,0.85,0.37,1458,729,729,46,8,721,683,0.8519,0.0631,1,0.8571,ok
1142,1143,videotape,4358,videotape,medium,c,0.85,0.375,48,24,24,6,1,23,18,0.8571,0.25,1,0.8571,ok
1143,1144,vinegar,4364,vinegar,weak,r,0.85,,,1,,,,,,,,0,,low_gt
1144,1145,violin,4368,violin,weak,r,0.85,,,10,,,,,,,,0,,low_gt
1145,1146,vodka,4373,vodka,weak,r,0.85,,,3,,,,,,,,0,,low_gt
1146,1147,volleyball,4375,volleyball,medium,c,0.85,,,14,,,,,,,,0,,low_gt
1147,1148,vulture,4380,vulture,weak,r,0.85,,,4,,,,,,,,0,,low_gt
1148,1149,waffle,4381,waffle,medium,c,0.85,0.34,58,29,29,28,4,25,1,0.875,0.9655,1,1.0,ok
1149,1150,waffle_iron,4382,waffle iron,weak,r,0.85,,,4,,,,,,,,0,,low_gt
1150,1151,wagon,4383,wagon,medium,c,0.85,0.35,140,70,70,53,8,62,17,0.8689,0.7571,1,1.0,ok
1151,1152,wagon_wheel,4384,wagon wheel,medium,c,0.85,0.335,92,46,46,33,5,41,13,0.8684,0.7174,1,1.0,ok
1152,1153,walking_stick,,,medium,c,0.85,,,,,,,,,,,0,,unmapped
1153,1154,wall_clock,4392,wall clock,medium,c,0.85,0.34,96,48,48,22,3,45,26,0.88,0.4583,1,1.0,ok
1154,1155,wall_socket,2883,electric outlet,high,f,0.85,0.385,3710,1855,1855,55,8,1847,1800,0.873,0.0296,1,0.9286,ok
1155,1156,wallet,,,high,f,0.85,,,,,,,,,,,0,,unmapped
1156,1157,walrus,4395,walrus,weak,r,0.85,,,1,,,,,,,,0,,low_gt
1157,1158,wardrobe,,,weak,r,0.85,,,,,,,,,,,0,,unmapped
1158,1159,washbasin,307,basin,weak,r,0.85,,,10,,,,,,,,0,,low_gt
1159,1160,automatic_washer,4406,washing machine,medium,c,0.85,0.34,108,54,54,46,6,48,8,0.8846,0.8519,1,1.0,ok
1160,1161,watch,4410,watch,high,f,0.85,,3844,1922,1922,,,,,,,0,0.6369,unreachable
1161,1162,water_bottle,,,high,f,0.85,,,,,,,,,,,0,,unmapped
1162,1163,water_cooler,4414,water cooler,medium,c,0.85,,62,31,31,,,,,,,0,0.5714,unreachable
1163,1164,water_faucet,,,medium,c,0.85,,,,,,,,,,,0,,unmapped
1164,1165,water_heater,4417,water heater,weak,r,0.85,,,7,,,,,,,,0,,low_gt
1165,1166,water_jug,,,medium,c,0.85,,,,,,,,,,,0,,unmapped
1166,1167,water_gun,3846,water gun,weak,r,0.85,,,1,,,,,,,,0,,low_gt
1167,1168,water_scooter,,,medium,c,0.85,,,,,,,,,,,0,,unmapped
1168,1169,water_ski,4423,water ski,medium,c,0.85,0.33,100,50,50,49,8,42,1,0.8596,0.98,1,1.0,ok
1169,1170,water_tower,4426,water tower,medium,c,0.85,0.355,90,45,45,6,1,44,39,0.8571,0.1333,1,0.8571,ok
1170,1171,watering_can,4431,watering can,medium,c,0.85,0.335,56,28,28,18,3,25,10,0.8571,0.6429,1,1.0,ok
1171,1172,watermelon,4433,watermelon,high,f,0.85,0.37,228,114,114,24,4,110,90,0.8571,0.2105,1,1.0,ok
1172,1173,weathervane,4441,vane,high,f,0.85,,386,193,193,,,,,,,0,0.7049,unreachable
1173,1174,webcam,4443,webcam,medium,c,0.85,0.37,42,21,21,18,3,18,3,0.8571,0.8571,1,0.9231,ok
1174,1175,wedding_cake,4447,wedding cake,medium,c,0.85,0.295,182,91,91,91,16,75,0,0.8505,1.0,1,1.0,ok
1175,1176,wedding_ring,4445,wedding ring,medium,c,0.85,0.32,62,31,31,11,1,30,20,0.9167,0.3548,1,1.0,ok
1176,1177,wet_suit,4465,wet suit,high,f,0.85,0.36,2938,1469,1469,664,117,1352,805,0.8502,0.452,1,0.875,ok
1177,1178,wheel,4472,wheel,high,f,0.85,0.37,3848,1924,1924,383,64,1860,1541,0.8568,0.1991,1,1.0,ok
1178,1179,wheelchair,4473,wheelchair,medium,c,0.85,0.34,174,87,87,41,6,81,46,0.8723,0.4713,1,1.0,ok
1179,1180,whipped_cream,4475,whipped cream,medium,c,0.85,0.345,154,77,77,72,12,65,5,0.8571,0.9351,1,1.0,ok
1180,1181,whistle,4479,whistle,medium,c,0.85,,,11,,,,,,,,0,,low_gt
1181,1182,wig,4487,wig,medium,c,0.85,0.355,94,47,47,23,4,43,24,0.8519,0.4894,1,1.0,ok
1182,1183,wind_chime,4497,wind chime,medium,c,0.85,0.355,42,21,21,6,1,20,15,0.8571,0.2857,1,0.8571,ok
1183,1184,windmill,4500,windmill,medium,c,0.85,0.325,94,47,47,24,4,43,23,0.8571,0.5106,1,1.0,ok
1184,1185,window_box_(for_plants),4502,window box,medium,c,0.85,0.37,140,70,70,13,2,68,57,0.8667,0.1857,1,0.9,ok
1185,1186,windshield_wiper,4508,wiper,high,f,0.85,,3676,1838,1838,,,,,,,0,0.5036,unreachable
1186,1187,windsock,32,air sock,medium,c,0.85,,,19,,,,,,,,0,,low_gt
1187,1188,wine_bottle,4511,wine bottle,high,f,0.85,0.31,1062,531,531,325,52,479,206,0.8621,0.6121,1,1.0,ok
1188,1189,wine_bucket,4512,wine cooler,medium,c,0.85,,,11,,,,,,,,0,,low_gt
1189,1190,wineglass,,,high,f,0.85,,,,,,,,,,,0,,unmapped
1190,1191,blinder_(for_horses),,,high,f,0.85,,,,,,,,,,,0,,unmapped
1191,1192,wok,4530,wok,medium,c,0.85,0.37,52,26,26,22,3,23,4,0.88,0.8462,1,0.9286,ok
1192,1193,wolf,4531,wolf,weak,r,0.85,,,5,,,,,,,,0,,low_gt
1193,1194,wooden_spoon,4538,wooden spoon,medium,c,0.85,0.32,112,56,56,30,5,51,26,0.8571,0.5357,1,0.9545,ok
1194,1195,wreath,1838,wreath,medium,c,0.85,0.32,146,73,73,43,7,66,30,0.86,0.589,1,1.0,ok
1195,1196,wrench,3796,wrench,medium,c,0.85,,64,32,32,,,,,,,0,0.8333,unreachable
1196,1197,wristband,4559,wristband,high,f,0.85,,256,128,128,,,,,,,0,0.7692,unreachable
1197,1198,wristlet,,,high,f,0.85,,,,,,,,,,,0,,unmapped
1198,1199,yacht,4565,yacht,medium,c,0.85,,,12,,,,,,,,0,,low_gt
1199,1200,yogurt,4571,yoghurt,medium,c,0.85,0.355,104,52,52,30,5,47,22,0.8571,0.5769,1,1.0,ok
1200,1201,yoke_(animal_equipment),4572,yoke,medium,c,0.85,,,11,,,,,,,,0,,low_gt
1201,1202,zebra,4577,zebra,high,f,0.85,0.33,3348,1674,1674,1659,252,1422,15,0.8681,0.991,1,1.0,ok
1202,1203,zucchini,1153,courgette,medium,c,0.85,0.36,162,81,81,51,4,77,30,0.9273,0.6296,1,1.0,ok
0,1,aerosol_can,26,spray can,medium,c,0.9,,128,64,64,,,,,,,0,0.6875,unreachable
1,2,air_conditioner,30,air conditioner,high,f,0.9,,728,364,364,,,,,,,0,0.7097,unreachable
2,3,airplane,,,high,f,0.9,,,,,,,,,,,0,,unmapped
3,4,alarm_clock,48,alarm clock,high,f,0.9,0.345,298,149,149,49,5,144,100,0.9074,0.3289,1,1.0,ok
4,5,alcohol,52,alcohol,medium,c,0.9,0.365,58,29,29,21,2,27,8,0.913,0.7241,1,1.0,ok
5,6,alligator,,,medium,c,0.9,,,,,,,,,,,0,,unmapped
6,7,almond,56,almond,medium,c,0.9,0.375,118,59,59,5,0,59,54,1.0,0.0847,1,1.0,ok
7,8,ambulance,64,ambulance,medium,c,0.9,0.325,44,22,22,16,1,21,6,0.9412,0.7273,1,1.0,ok
8,9,amplifier,69,amplifier,medium,c,0.9,,,12,,,,,,,,0,,low_gt
9,10,anklet,85,anklet,medium,c,0.9,,56,28,28,,,,,,,0,0.75,unreachable
10,11,antenna,24,antenna,high,f,0.9,,1010,505,505,,,,,,,0,0.7923,unreachable
11,12,apple,101,apple,high,f,0.9,0.36,2414,1207,1207,705,67,1140,502,0.9132,0.5841,1,1.0,ok
12,13,applesauce,105,applesauce,weak,r,0.9,,,4,,,,,,,,0,,low_gt
13,14,apricot,109,apricot,weak,r,0.9,,,10,,,,,,,,0,,low_gt
14,15,apron,110,apron,high,f,0.9,0.385,1000,500,500,12,1,499,488,0.9231,0.024,1,1.0,ok
15,16,aquarium,112,aquarium,medium,c,0.9,0.305,66,33,33,27,3,30,6,0.9,0.8182,1,1.0,ok
16,17,arctic_(type_of_shoe),,,weak,r,0.9,,,,,,,,,,,0,,unmapped
17,18,armband,131,armband,medium,c,0.9,,88,44,44,,,,,,,0,0.6667,unreachable
18,19,armchair,132,armchair,high,f,0.9,0.365,1122,561,561,274,29,532,287,0.9043,0.4884,1,1.0,ok
19,20,armoire,133,armoire,weak,r,0.9,,,8,,,,,,,,0,,low_gt
20,21,armor,134,armor,weak,r,0.9,,,9,,,,,,,,0,,low_gt
21,22,artichoke,148,artichoke,medium,c,0.9,0.36,66,33,33,14,1,32,19,0.9333,0.4242,1,1.0,ok
22,23,trash_can,,,high,f,0.9,,,,,,,,,,,0,,unmapped
23,24,ashtray,154,ashtray,medium,c,0.9,,196,98,98,,,,,,,0,0.7895,unreachable
24,25,asparagus,156,asparagus,medium,c,0.9,0.335,140,70,70,60,6,64,10,0.9091,0.8571,1,1.0,ok
25,26,atomizer,3830,spray,medium,c,0.9,,92,46,46,,,,,,,0,0.8333,unreachable
26,27,avocado,199,avocado,high,f,0.9,0.37,234,117,117,45,5,112,72,0.9,0.3846,1,0.9524,ok
27,28,award,200,award,medium,c,0.9,,82,41,41,,,,,,,0,0.8889,unreachable
28,29,awning,,,high,f,0.9,,,,,,,,,,,0,,unmapped
29,30,ax,204,ax,weak,r,0.9,,,7,,,,,,,,0,,low_gt
30,31,baboon,206,baboon,weak,r,0.9,,,1,,,,,,,,0,,low_gt
31,32,baby_buggy,209,baby carriage,high,f,0.9,0.395,628,314,314,7,0,314,307,1.0,0.0223,1,1.0,ok
32,33,basketball_backboard,311,basketball backboard,medium,c,0.9,0.34,62,31,31,18,2,29,13,0.9,0.5806,1,1.0,ok
33,34,backpack,218,backpack,high,f,0.9,0.38,3810,1905,1905,173,19,1886,1732,0.901,0.0908,1,1.0,ok
34,35,handbag,2014,handbag,high,f,0.9,,3718,1859,1859,,,,,,,0,0.8195,unreachable
35,36,suitcase,2500,luggage,high,f,0.9,0.35,3246,1623,1623,1213,123,1500,410,0.9079,0.7474,1,1.0,ok
36,37,bagel,227,bagel,medium,c,0.9,0.36,94,47,47,40,4,43,7,0.9091,0.8511,1,1.0,ok
37,38,bagpipe,228,bagpipe,weak,r,0.9,,,3,,,,,,,,0,,low_gt
38,39,baguet,229,baguette,weak,r,0.9,,,3,,,,,,,,0,,low_gt
39,40,bait,230,bait,weak,r,0.9,,,1,,,,,,,,0,,low_gt
40,41,ball,239,ball,high,f,0.9,0.405,610,305,305,13,0,305,292,1.0,0.0426,1,1.0,ok
41,42,ballet_skirt,244,ballet skirt,weak,r,0.9,,,6,,,,,,,,0,,low_gt
42,43,balloon,245,balloon,high,f,0.9,0.355,420,210,210,59,4,206,151,0.9365,0.281,1,1.0,ok
43,44,bamboo,249,bamboo,medium,c,0.9,0.355,72,36,36,11,1,35,25,0.9167,0.3056,1,1.0,ok
44,45,banana,251,banana,high,f,0.9,0.36,3574,1787,1787,1114,120,1667,673,0.9028,0.6234,1,1.0,ok
45,46,Band_Aid,256,band aid,medium,c,0.9,,,17,,,,,,,,0,,low_gt
46,47,bandage,257,bandage,medium,c,0.9,0.365,102,51,51,7,0,51,44,1.0,0.1373,1,1.0,ok
47,48,bandanna,,,high,f,0.9,,,,,,,,,,,0,,unmapped
48,49,banjo,263,banjo,weak,r,0.9,,,3,,,,,,,,0,,low_gt
49,50,banner,268,banner,high,f,0.9,0.39,2940,1470,1470,9,1,1469,1461,0.9,0.0061,1,1.0,ok
50,51,barbell,279,barbell,weak,r,0.9,,,3,,,,,,,,0,,low_gt
51,52,barge,283,barge,weak,r,0.9,,,2,,,,,,,,0,,low_gt
52,53,barrel,290,barrel,high,f,0.9,0.385,372,186,186,10,1,185,176,0.9091,0.0538,1,1.0,ok
53,54,barrette,,,medium,c,0.9,,,,,,,,,,,0,,unmapped
54,55,barrow,,,medium,c,0.9,,,,,,,,,,,0,,unmapped
55,56,baseball_base,296,baseball base,high,f,0.9,0.33,606,303,303,302,32,271,1,0.9042,0.9967,1,1.0,ok
56,57,baseball,295,baseball,high,f,0.9,0.345,1476,738,738,696,71,667,42,0.9074,0.9431,1,1.0,ok
57,58,baseball_bat,297,baseball bat,high,f,0.9,0.335,3598,1799,1799,1674,154,1645,125,0.9158,0.9305,1,1.0,ok
58,59,baseball_cap,2281,jockey cap,high,f,0.9,0.405,3868,1934,1934,9,1,1933,1925,0.9,0.0047,1,0.9,ok
59,60,baseball_glove,301,baseball glove,high,f,0.9,0.325,3218,1609,1609,1550,163,1446,59,0.9048,0.9633,1,1.0,ok
60,61,basket,308,basket,high,f,0.9,0.395,3244,1622,1622,14,0,1622,1608,1.0,0.0086,1,1.0,ok
61,62,basketball,310,basketball,medium,c,0.9,0.385,82,41,41,22,1,40,19,0.9565,0.5366,1,1.0,ok
62,63,bass_horn,321,bass horn,weak,r,0.9,,,4,,,,,,,,0,,low_gt
63,64,bat_(animal),323,bat,medium,c,0.9,,,11,,,,,,,,0,,low_gt
64,65,bath_mat,326,bath mat,high,f,0.9,0.355,540,270,270,228,22,248,42,0.912,0.8444,1,1.0,ok
65,66,bath_towel,327,bath towel,high,f,0.9,0.34,698,349,349,298,30,319,51,0.9085,0.8539,1,1.0,ok
66,67,bathrobe,329,bathrobe,medium,c,0.9,0.335,84,42,42,39,4,38,3,0.907,0.9286,1,1.0,ok
67,68,bathtub,,,high,f,0.9,,,,,,,,,,,0,,unmapped
68,69,batter_(food),340,batter,weak,r,0.9,,,6,,,,,,,,0,,low_gt
69,70,battery,341,battery,medium,c,0.9,0.365,96,48,48,39,4,44,9,0.907,0.8125,1,1.0,ok
70,71,beachball,,,weak,r,0.9,,,,,,,,,,,0,,unmapped
71,72,bead,358,bead,medium,c,0.9,0.355,84,42,42,10,0,42,32,1.0,0.2381,1,1.0,ok
72,73,bean_curd,4177,tofu,medium,c,0.9,0.345,48,24,24,24,2,22,0,0.9231,1.0,1,1.0,ok
73,74,beanbag,365,beanbag,medium,c,0.9,,,16,,,,,,,,0,,low_gt
74,75,beanie,,,high,f,0.9,,,,,,,,,,,0,,unmapped
75,76,bear,366,bear,high,f,0.9,0.35,1292,646,646,597,53,593,49,0.9185,0.9241,1,0.996,ok
76,77,bed,375,bed,high,f,0.9,0.365,3530,1765,1765,1550,144,1621,215,0.915,0.8782,1,1.0,ok
77,78,bedpan,380,bedpan,weak,r,0.9,,,2,,,,,,,,0,,low_gt
78,79,bedspread,376,bedcover,high,f,0.9,0.355,250,125,125,99,11,114,26,0.9,0.792,1,1.0,ok
79,80,cow,1160,cow,high,f,0.9,0.345,2840,1420,1420,1317,139,1281,103,0.9045,0.9275,1,1.0,ok
80,81,beef_(food),385,beef,high,f,0.9,0.36,280,140,140,131,14,126,9,0.9034,0.9357,1,1.0,ok
81,82,beeper,387,beeper,weak,r,0.9,,,4,,,,,,,,0,,low_gt
82,83,beer_bottle,389,beer bottle,high,f,0.9,0.33,644,322,322,108,11,311,214,0.9076,0.3354,1,0.9524,ok
83,84,beer_can,390,beer can,medium,c,0.9,0.36,120,60,60,18,2,58,42,0.9,0.3,1,1.0,ok
84,85,beetle,395,beetle,weak,r,0.9,,,2,,,,,,,,0,,low_gt
85,86,bell,,,high,f,0.9,,,,,,,,,,,0,,unmapped
86,87,bell_pepper,398,bell pepper,high,f,0.9,0.365,666,333,333,28,1,332,305,0.9655,0.0841,1,1.0,ok
87,88,belt,400,belt,high,f,0.9,,3882,1941,1941,,,,,,,0,0.7654,unreachable
88,89,belt_buckle,401,belt buckle,high,f,0.9,0.35,734,367,367,37,4,363,330,0.9024,0.1008,1,0.9655,ok
89,90,bench,402,bench,high,f,0.9,0.365,3844,1922,1922,780,78,1844,1142,0.9091,0.4058,1,1.0,ok
90,91,beret,406,beret,medium,c,0.9,,,18,,,,,,,,0,,low_gt
91,92,bib,410,bib,medium,c,0.9,0.38,162,81,81,7,0,81,74,1.0,0.0864,1,1.0,ok
92,93,Bible,412,bible,weak,r,0.9,,,1,,,,,,,,0,,low_gt
93,94,bicycle,414,bicycle,high,f,0.9,0.35,3704,1852,1852,1042,99,1753,810,0.9132,0.5626,1,1.0,ok
94,95,visor,4372,visor,high,f,0.9,,860,430,430,,,,,,,0,0.6599,unreachable
95,96,billboard,428,billboard,high,f,0.9,0.35,494,247,247,107,9,238,140,0.9224,0.4332,1,1.0,ok
96,97,binder,431,binder,medium,c,0.9,0.37,188,94,94,16,1,93,78,0.9412,0.1702,1,1.0,ok
97,98,binoculars,432,binocular,medium,c,0.9,,42,21,21,,,,,,,0,0.6364,unreachable
98,99,bird,437,bird,high,f,0.9,0.36,3642,1821,1821,1130,73,1748,691,0.9393,0.6205,1,1.0,ok
99,100,birdfeeder,,,medium,c,0.9,,,,,,,,,,,0,,unmapped
100,101,birdbath,442,birdbath,medium,c,0.9,,,12,,,,,,,,0,,low_gt
101,102,birdcage,,,medium,c,0.9,,,,,,,,,,,0,,unmapped
102,103,birdhouse,,,medium,c,0.9,,,,,,,,,,,0,,unmapped
103,104,birthday_cake,446,birthday cake,high,f,0.9,0.335,488,244,244,237,22,222,7,0.9151,0.9713,1,1.0,ok
104,105,birthday_card,448,birthday card,weak,r,0.9,,,7,,,,,,,,0,,low_gt
105,106,pirate_flag,3069,pirate flag,weak,r,0.9,,,1,,,,,,,,0,,low_gt
106,107,black_sheep,456,black sheep,medium,c,0.9,0.35,80,40,40,37,4,36,3,0.9024,0.925,1,1.0,ok
107,108,blackberry,457,blackberry,medium,c,0.9,,80,40,40,,,,,,,0,0.8571,unreachable
108,109,blackboard,459,blackboard,high,f,0.9,0.355,208,104,104,11,1,103,93,0.9167,0.1058,1,1.0,ok
109,110,blanket,462,blanket,high,f,0.9,0.36,3342,1671,1671,1114,114,1557,557,0.9072,0.6667,1,1.0,ok
110,111,blazer,463,sports coat,medium,c,0.9,,98,49,49,,,,,,,0,0.6667,unreachable
111,112,blender,465,blender,high,f,0.9,0.37,486,243,243,100,9,234,143,0.9174,0.4115,1,1.0,ok
112,113,blimp,,,weak,r,0.9,,,,,,,,,,,0,,unmapped
113,114,blinker,469,flasher,high,f,0.9,,484,242,242,,,,,,,0,0.625,unreachable
114,115,blouse,476,blouse,high,f,0.9,,542,271,271,,,,,,,0,0.8627,unreachable
115,116,blueberry,484,blueberry,high,f,0.9,0.36,208,104,104,58,4,100,46,0.9355,0.5577,1,1.0,ok
116,117,gameboard,,,weak,r,0.9,,,,,,,,,,,0,,unmapped
117,118,boat,491,boat,high,f,0.9,0.34,3516,1758,1758,1484,133,1625,274,0.9177,0.8441,1,1.0,ok
118,119,bob,496,bobfloat,weak,r,0.9,,,1,,,,,,,,0,,low_gt
119,120,bobbin,3344,reel,medium,c,0.9,,96,48,48,,,,,,,0,0.5169,unreachable
120,121,bobby_pin,1994,hairgrip,medium,c,0.9,,,14,,,,,,,,0,,low_gt
121,122,boiled_egg,501,boiled egg,medium,c,0.9,0.38,80,40,40,5,0,40,35,1.0,0.125,1,1.0,ok
122,123,bolo_tie,503,bolo tie,weak,r,0.9,,,1,,,,,,,,0,,low_gt
123,124,deadbolt,1272,deadbolt,medium,c,0.9,,74,37,37,,,,,,,0,0.75,unreachable
124,125,bolt,504,bolt,high,f,0.9,0.38,3020,1510,1510,78,8,1502,1432,0.907,0.0517,1,0.95,ok
125,126,bonnet,510,bonnet,weak,r,0.9,,,6,,,,,,,,0,,low_gt
126,127,book,512,book,high,f,0.9,0.355,3806,1903,1903,592,51,1852,1311,0.9207,0.3111,1,1.0,ok
127,128,bookcase,514,bookcase,medium,c,0.9,0.36,140,70,70,49,5,65,21,0.9074,0.7,1,1.0,ok
128,129,booklet,,,medium,c,0.9,,,,,,,,,,,0,,unmapped
129,130,bookmark,516,bookmark,weak,r,0.9,,,7,,,,,,,,0,,low_gt
130,131,boom_microphone,519,boom microphone,weak,r,0.9,,,5,,,,,,,,0,,low_gt
131,132,boot,521,boot,high,f,0.9,,2812,1406,1406,,,,,,,0,0.8,unreachable
132,133,bottle,525,bottle,high,f,0.9,0.405,3802,1901,1901,22,2,1899,1879,0.9167,0.0116,1,1.0,ok
133,134,bottle_opener,527,bottle opener,medium,c,0.9,,,15,,,,,,,,0,,low_gt
134,135,bouquet,531,bouquet,medium,c,0.9,0.34,56,28,28,25,2,26,3,0.9259,0.8929,1,1.0,ok
135,136,bow_(weapon),,,weak,r,0.9,,,,,,,,,,,0,,unmapped
136,137,bow_(decorative_ribbons),,,high,f,0.9,,,,,,,,,,,0,,unmapped
137,138,bow-tie,535,bow tie,high,f,0.9,0.365,468,234,234,36,3,231,198,0.9231,0.1538,1,0.9667,ok
138,139,bowl,537,bowl,high,f,0.9,0.4,3844,1922,1922,31,3,1919,1891,0.9118,0.0161,1,1.0,ok
139,140,pipe_bowl,3067,pipe bowl,weak,r,0.9,,,1,,,,,,,,0,,low_gt
140,141,bowler_hat,1295,derby,medium,c,0.9,,70,35,35,,,,,,,0,0.8,unreachable
141,142,bowling_ball,540,bowling ball,weak,r,0.9,,,5,,,,,,,,0,,low_gt
142,143,box,542,box,high,f,0.9,0.395,3656,1828,1828,18,2,1826,1810,0.9,0.0098,1,0.9231,ok
143,144,boxing_glove,548,boxing glove,weak,r,0.9,,,8,,,,,,,,0,,low_gt
144,145,suspenders,4016,suspenders,medium,c,0.9,,126,63,63,,,,,,,0,0.8667,unreachable
145,146,bracelet,261,bracelet,high,f,0.9,,3334,1667,1667,,,,,,,0,0.6959,unreachable
146,147,brass_plaque,561,brass plaque,weak,r,0.9,,,4,,,,,,,,0,,low_gt
147,148,brassiere,259,bandeau,medium,c,0.9,,190,95,95,,,,,,,0,0.6842,unreachable
148,149,bread-bin,563,breadbox,medium,c,0.9,,,17,,,,,,,,0,,low_gt
149,150,bread,562,bread,high,f,0.9,0.365,3134,1567,1567,935,91,1476,632,0.9113,0.5967,1,1.0,ok
150,151,breechcloth,,,weak,r,0.9,,,,,,,,,,,0,,unmapped
151,152,bridal_gown,573,wedding dress,high,f,0.9,0.3,206,103,103,99,8,95,4,0.9252,0.9612,1,1.0,ok
152,153,briefcase,579,briefcase,medium,c,0.9,,100,50,50,,,,,,,0,0.7586,unreachable
153,154,broccoli,584,broccoli,high,f,0.9,0.345,2618,1309,1309,1137,113,1196,172,0.9096,0.8686,1,1.0,ok
154,155,broach,582,broach,weak,r,0.9,,,6,,,,,,,,0,,low_gt
155,156,broom,591,broom,medium,c,0.9,0.37,184,92,92,10,1,91,82,0.9091,0.1087,1,0.9091,ok
156,157,brownie,595,brownie,medium,c,0.9,,,19,,,,,,,,0,,low_gt
157,158,brussels_sprouts,600,brussels sprout,medium,c,0.9,0.355,74,37,37,18,2,35,19,0.9,0.4865,1,0.9167,ok
158,159,bubble_gum,602,bubble gum,weak,r,0.9,,,4,,,,,,,,0,,low_gt
159,160,bucket,,,high,f,0.9,,,,,,,,,,,0,,unmapped
160,161,horse_buggy,,,weak,r,0.9,,,,,,,,,,,0,,unmapped
161,162,bull,618,bull,medium,c,0.9,0.37,164,82,82,65,7,75,17,0.9028,0.7927,1,1.0,ok
162,163,bulldog,619,bulldog,medium,c,0.9,,,15,,,,,,,,0,,low_gt
163,164,bulldozer,1388,dozer,weak,r,0.9,,,3,,,,,,,,0,,low_gt
164,165,bullet_train,621,bullet train,medium,c,0.9,0.325,122,61,61,61,6,55,0,0.9104,1.0,1,1.0,ok
165,166,bulletin_board,622,bulletin board,medium,c,0.9,0.355,102,51,51,15,1,50,36,0.9375,0.2941,1,1.0,ok
166,167,bulletproof_vest,623,bulletproof vest,weak,r,0.9,,,5,,,,,,,,0,,low_gt
167,168,bullhorn,625,megaphone,medium,c,0.9,,,13,,,,,,,,0,,low_gt
168,169,bun,629,roll,high,f,0.9,,1284,642,642,,,,,,,0,0.8726,unreachable
169,170,bunk_bed,632,bunk bed,medium,c,0.9,0.375,48,24,24,21,1,23,3,0.9545,0.875,1,1.0,ok
170,171,buoy,635,buoy,high,f,0.9,0.38,510,255,255,67,7,248,188,0.9054,0.2627,1,0.931,ok
171,172,burrito,639,burrito,weak,r,0.9,,,9,,,,,,,,0,,low_gt
172,173,bus_(vehicle),640,bus,high,f,0.9,0.35,3616,1808,1808,1616,166,1642,192,0.9068,0.8938,1,1.0,ok
173,174,business_card,648,business card,medium,c,0.9,,62,31,31,,,,,,,0,0.8333,unreachable
174,175,butter,658,butter,high,f,0.9,0.37,316,158,158,56,5,153,102,0.918,0.3544,1,1.0,ok
175,176,butterfly,660,butterfly,medium,c,0.9,0.34,160,80,80,18,0,80,62,1.0,0.225,1,1.0,ok
176,177,button,662,button,high,f,0.9,,3768,1884,1884,,,,,,,0,0.6667,unreachable
177,178,cab_(taxi),665,taxi,high,f,0.9,0.355,316,158,158,114,12,146,44,0.9048,0.7215,1,1.0,ok
178,179,cabana,666,cabana,weak,r,0.9,,,2,,,,,,,,0,,low_gt
179,180,cabin_car,669,cabin car,medium,c,0.9,,,12,,,,,,,,0,,low_gt
180,181,cabinet,670,cabinet,high,f,0.9,0.375,3318,1659,1659,682,72,1587,977,0.9045,0.4111,1,1.0,ok
181,182,locker,2485,locker,weak,r,0.9,,,7,,,,,,,,0,,low_gt
182,183,cake,678,cake,high,f,0.9,0.36,1668,834,834,708,67,767,126,0.9135,0.8489,1,1.0,ok
183,184,calculator,680,calculator,medium,c,0.9,0.315,114,57,57,45,5,52,12,0.9,0.7895,1,1.0,ok
184,185,calendar,682,calendar,high,f,0.9,0.36,348,174,174,23,2,172,151,0.92,0.1322,1,1.0,ok
185,186,calf,683,calf,medium,c,0.9,0.345,190,95,95,93,8,87,2,0.9208,0.9789,1,1.0,ok
186,187,camcorder,688,camcorder,medium,c,0.9,,54,27,27,,,,,,,0,0.8,unreachable
187,188,camel,689,camel,medium,c,0.9,0.35,44,22,22,11,1,21,11,0.9167,0.5,1,1.0,ok
188,189,camera,690,camera,high,f,0.9,0.395,2782,1391,1391,77,8,1383,1314,0.9059,0.0554,1,1.0,ok
189,190,camera_lens,691,camera lens,medium,c,0.9,0.345,180,90,90,47,4,86,43,0.9216,0.5222,1,1.0,ok
190,191,camper_(vehicle),694,camper,medium,c,0.9,0.36,80,40,40,18,2,38,22,0.9,0.45,1,1.0,ok
191,192,can,699,can,high,f,0.9,0.38,890,445,445,7,0,445,438,1.0,0.0157,1,1.0,ok
192,193,can_opener,700,can opener,medium,c,0.9,,42,21,21,,,,,,,0,0.6,unreachable
193,194,candle,704,candle,high,f,0.9,0.355,2264,1132,1132,291,26,1106,841,0.918,0.2571,1,1.0,ok
194,195,candle_holder,705,candle holder,high,f,0.9,0.35,354,177,177,45,3,174,132,0.9375,0.2542,1,0.96,ok
195,196,candy_bar,707,candy bar,weak,r,0.9,,,4,,,,,,,,0,,low_gt
196,197,candy_cane,708,candy cane,medium,c,0.9,,,17,,,,,,,,0,,low_gt
197,198,walking_cane,4391,walking cane,medium,c,0.9,,168,84,84,,,,,,,0,0.8235,unreachable
198,199,canister,,,medium,c,0.9,,,,,,,,,,,0,,unmapped
199,200,canoe,1435,canoe,medium,c,0.9,0.345,60,30,30,21,2,28,9,0.913,0.7,1,1.0,ok
200,201,cantaloup,715,cantaloupe,medium,c,0.9,0.36,50,25,25,14,1,24,11,0.9333,0.56,1,1.0,ok
201,202,canteen,676,canteen,weak,r,0.9,,,2,,,,,,,,0,,low_gt
202,203,cap_(headwear),719,cap,high,f,0.9,,250,125,125,,,,,,,0,0.6486,unreachable
203,204,bottle_cap,526,bottle cap,high,f,0.9,0.385,2270,1135,1135,9,1,1134,1126,0.9,0.0079,1,0.9,ok
204,205,cape,720,cape,medium,c,0.9,,,19,,,,,,,,0,,low_gt
205,206,cappuccino,722,cappuccino,medium,c,0.9,0.325,144,72,72,65,7,65,7,0.9028,0.9028,1,1.0,ok
206,207,car_(automobile),726,car,high,f,0.9,0.38,3852,1926,1926,202,22,1904,1724,0.9018,0.1049,1,0.9286,ok
207,208,railcar_(part_of_a_train),3289,railcar,high,f,0.9,0.335,318,159,159,158,17,142,1,0.9029,0.9937,1,1.0,ok
208,209,elevator_car,1485,elevator car,weak,r,0.9,,,7,,,,,,,,0,,low_gt
209,210,car_battery,187,car battery,weak,r,0.9,,,1,,,,,,,,0,,low_gt
210,211,identity_card,2201,identity card,medium,c,0.9,,,13,,,,,,,,0,,low_gt
211,212,card,738,card,medium,c,0.9,,70,35,35,,,,,,,0,0.8889,unreachable
212,213,cardigan,742,cardigan,medium,c,0.9,,,18,,,,,,,,0,,low_gt
213,214,cargo_ship,746,cargo ship,weak,r,0.9,,,8,,,,,,,,0,,low_gt
214,215,carnation,748,carnation,weak,r,0.9,,,6,,,,,,,,0,,low_gt
215,216,horse_carriage,,,medium,c,0.9,,,,,,,,,,,0,,unmapped
216,217,carrot,760,carrot,high,f,0.9,0.365,2444,1222,1222,611,62,1160,611,0.9079,0.5,1,1.0,ok
217,218,tote_bag,4199,tote bag,high,f,0.9,0.335,206,103,103,21,2,101,82,0.913,0.2039,1,1.0,ok
218,219,cart,763,cart,medium,c,0.9,0.36,56,28,28,21,2,26,7,0.913,0.75,1,1.0,ok
219,220,carton,764,carton,medium,c,0.9,,126,63,63,,,,,,,0,0.8571,unreachable
220,221,cash_register,3349,register,medium,c,0.9,,56,28,28,,,,,,,0,0.875,unreachable
221,222,casserole,774,casserole,weak,r,0.9,,,5,,,,,,,,0,,low_gt
222,223,cassette,775,cassette,weak,r,0.9,,,7,,,,,,,,0,,low_gt
223,224,cast,777,plaster bandage,medium,c,0.9,,,14,,,,,,,,0,,low_gt
224,225,cat,780,cat,high,f,0.9,0.345,3836,1918,1918,1764,164,1754,154,0.9149,0.9197,1,1.0,ok
225,226,cauliflower,796,cauliflower,high,f,0.9,0.335,266,133,133,97,10,123,36,0.9065,0.7293,1,1.0,ok
226,227,cayenne_(spice),,,medium,c,0.9,,,,,,,,,,,0,,unmapped
227,228,CD_player,800,CD player,medium,c,0.9,0.34,54,27,27,19,2,25,8,0.9048,0.7037,1,1.0,ok
228,229,celery,807,celery,high,f,0.9,0.335,220,110,110,85,9,101,25,0.9043,0.7727,1,1.0,ok
229,230,cellular_telephone,,,high,f,0.9,,,,,,,,,,,0,,unmapped
230,231,chain_mail,2526,chain mail,weak,r,0.9,,,4,,,,,,,,0,,low_gt
231,232,chair,821,chair,high,f,0.9,0.4,3854,1927,1927,36,4,1923,1891,0.9,0.0187,1,1.0,ok
232,233,chaise_longue,823,daybed,weak,r,0.9,,,8,,,,,,,,0,,low_gt
233,234,chalice,825,chalice,weak,r,0.9,,,1,,,,,,,,0,,low_gt
234,235,chandelier,833,chandelier,high,f,0.9,0.325,526,263,263,180,17,246,83,0.9137,0.6844,1,1.0,ok
235,236,chap,836,chap,weak,r,0.9,,,10,,,,,,,,0,,low_gt
236,237,checkbook,850,checkbook,weak,r,0.9,,,2,,,,,,,,0,,low_gt
237,238,checkerboard,,,weak,r,0.9,,,,,,,,,,,0,,unmapped
238,239,cherry,865,cherry,medium,c,0.9,,174,87,87,,,,,,,0,0.7805,unreachable
239,240,chessboard,851,chessboard,weak,r,0.9,,,9,,,,,,,,0,,low_gt
240,241,chicken_(animal),871,chicken,medium,c,0.9,0.35,142,71,71,48,5,66,23,0.9057,0.6761,1,1.0,ok
241,242,chickpea,876,garbanzo,medium,c,0.9,,,13,,,,,,,,0,,low_gt
242,243,chili_(vegetable),882,chile,medium,c,0.9,,,18,,,,,,,,0,,low_gt
243,244,chime,,,weak,r,0.9,,,,,,,,,,,0,,unmapped
244,245,chinaware,886,chinaware,weak,r,0.9,,,5,,,,,,,,0,,low_gt
245,246,crisp_(potato_chip),3191,potato chip,medium,c,0.9,0.35,90,45,45,31,3,42,14,0.9118,0.6889,1,1.0,ok
246,247,poker_chip,3144,poker chip,weak,r,0.9,,,1,,,,,,,,0,,low_gt
247,248,chocolate_bar,896,chocolate bar,medium,c,0.9,0.35,46,23,23,14,1,22,9,0.9333,0.6087,1,1.0,ok
248,249,chocolate_cake,897,chocolate cake,medium,c,0.9,0.305,64,32,32,30,3,29,2,0.9091,0.9375,1,1.0,ok
249,250,chocolate_milk,900,chocolate milk,weak,r,0.9,,,4,,,,,,,,0,,low_gt
250,251,chocolate_mousse,901,chocolate mousse,weak,r,0.9,,,1,,,,,,,,0,,low_gt
251,252,choker,2778,neckband,high,f,0.9,,1716,858,858,,,,,,,0,0.7826,unreachable
252,253,chopping_board,905,cutting board,high,f,0.9,0.365,1322,661,661,203,20,641,458,0.9103,0.3071,1,0.9643,ok
253,254,chopstick,906,chopstick,high,f,0.9,0.38,336,168,168,51,4,164,117,0.9273,0.3036,1,1.0,ok
254,255,Christmas_tree,917,christmas tree,high,f,0.9,0.315,420,210,210,182,20,190,28,0.901,0.8667,1,1.0,ok
255,256,slide,3734,slide,medium,c,0.9,0.38,130,65,65,13,1,64,52,0.9286,0.2,1,0.9286,ok
256,257,cider,921,cider,weak,r,0.9,,,4,,,,,,,,0,,low_gt
257,258,cigar_box,923,cigar box,weak,r,0.9,,,2,,,,,,,,0,,low_gt
258,259,cigarette,924,cigarette,high,f,0.9,0.37,318,159,159,46,4,155,113,0.92,0.2893,1,1.0,ok
259,260,cigarette_case,925,cigarette case,medium,c,0.9,,62,31,31,,,,,,,0,0.8333,unreachable
260,261,cistern,934,water tank,high,f,0.9,0.36,1622,811,811,285,30,781,526,0.9048,0.3514,1,0.9136,ok
261,262,clarinet,947,clarinet,weak,r,0.9,,,1,,,,,,,,0,,low_gt
262,263,clasp,948,clasp,medium,c,0.9,,84,42,42,,,,,,,0,0.5065,unreachable
263,264,cleansing_agent,958,cleaner,medium,c,0.9,,54,27,27,,,,,,,0,0.6316,unreachable
264,265,cleat_(for_securing_rope),961,cleat,weak,r,0.9,,,2,,,,,,,,0,,low_gt
265,266,clementine,962,clementine,weak,r,0.9,,,5,,,,,,,,0,,low_gt
266,267,clip,969,clip,medium,c,0.9,0.375,190,95,95,10,1,94,85,0.9091,0.1053,1,0.9091,ok
267,268,clipboard,971,clipboard,medium,c,0.9,0.36,64,32,32,8,0,32,24,1.0,0.25,1,1.0,ok
268,269,clippers_(for_plants),972,clipper,weak,r,0.9,,,1,,,,,,,,0,,low_gt
269,270,cloak,974,cloak,weak,r,0.9,,,1,,,,,,,,0,,low_gt
270,271,clock,397,clock,high,f,0.9,0.35,3688,1844,1844,1055,98,1746,789,0.915,0.5721,1,1.0,ok
271,272,clock_tower,,,high,f,0.9,,,,,,,,,,,0,,unmapped
272,273,clothes_hamper,2389,laundry basket,medium,c,0.9,0.35,62,31,31,7,0,31,24,1.0,0.2258,1,1.0,ok
273,274,clothespin,981,clothespin,medium,c,0.9,,46,23,23,,,,,,,0,0.8889,unreachable
274,275,clutch_bag,992,clutch bag,weak,r,0.9,,,1,,,,,,,,0,,low_gt
275,276,coaster,3431,coaster,high,f,0.9,,404,202,202,,,,,,,0,0.7895,unreachable
276,277,coat,995,coat,high,f,0.9,,1492,746,746,,,,,,,0,0.8125,unreachable
277,278,coat_hanger,,,medium,c,0.9,,,,,,,,,,,0,,unmapped
278,279,coatrack,996,coatrack,medium,c,0.9,,,14,,,,,,,,0,,low_gt
279,280,cock,998,cock,medium,c,0.9,,52,26,26,,,,,,,0,0.8,unreachable
280,281,cockroach,,,weak,r,0.9,,,,,,,,,,,0,,unmapped
281,282,cocoa_(beverage),1007,cocoa,weak,r,0.9,,,2,,,,,,,,0,,low_gt
282,283,coconut,1008,coconut,medium,c,0.9,0.34,50,25,25,22,2,23,3,0.9167,0.88,1,0.95,ok
283,284,coffee_maker,1013,coffee machine,high,f,0.9,0.395,476,238,238,24,2,236,214,0.9231,0.1008,1,1.0,ok
284,285,coffee_table,1006,cocktail table,high,f,0.9,,1184,592,592,,,,,,,0,0.8421,unreachable
285,286,coffeepot,1015,coffeepot,medium,c,0.9,0.365,52,26,26,7,0,26,19,1.0,0.2692,1,1.0,ok
286,287,coil,,,weak,r,0.9,,,,,,,,,,,0,,unmapped
287,288,coin,1019,coin,medium,c,0.9,,84,42,42,,,,,,,0,0.8333,unreachable
288,289,colander,1021,colander,medium,c,0.9,,,13,,,,,,,,0,,low_gt
289,290,coleslaw,1023,slaw,medium,c,0.9,0.36,92,46,46,45,5,41,1,0.9,0.9783,1,1.0,ok
290,291,coloring_material,1032,coloring material,weak,r,0.9,,,1,,,,,,,,0,,low_gt
291,292,combination_lock,1036,combination lock,weak,r,0.9,,,8,,,,,,,,0,,low_gt
292,293,pacifier,2892,teething ring,medium,c,0.9,0.355,68,34,34,21,2,32,13,0.913,0.6176,1,1.0,ok
293,294,comic_book,1043,comic book,weak,r,0.9,,,5,,,,,,,,0,,low_gt
294,295,compass,1051,compass,weak,r,0.9,,,1,,,,,,,,0,,low_gt
295,296,computer_keyboard,1062,keyboard,high,f,0.9,0.34,3742,1871,1871,1698,163,1708,173,0.9124,0.9075,1,1.0,ok
296,297,condiment,1072,condiment,high,f,0.9,0.37,1434,717,717,561,61,656,156,0.9019,0.7824,1,1.0,ok
297,298,cone,1076,cone,high,f,0.9,,2020,1010,1010,,,,,,,0,0.8,unreachable
298,299,control,1096,control,high,f,0.9,0.38,1358,679,679,36,2,677,643,0.9474,0.053,1,1.0,ok
299,300,convertible_(automobile),1102,convertible,weak,r,0.9,,,3,,,,,,,,0,,low_gt
300,301,sofa_bed,,,weak,r,0.9,,,,,,,,,,,0,,unmapped
301,302,cooker,1107,cooker,weak,r,0.9,,,1,,,,,,,,0,,low_gt
302,303,cookie,450,biscuit,high,f,0.9,0.375,332,166,166,50,5,161,116,0.9091,0.3012,1,1.0,ok
303,304,cooking_utensil,,,weak,r,0.9,,,,,,,,,,,0,,unmapped
304,305,cooler_(for_food),1109,cooler,high,f,0.9,,532,266,266,,,,,,,0,0.5262,unreachable
305,306,cork_(bottle_plug),1118,cork,high,f,0.9,0.375,202,101,101,9,1,100,92,0.9,0.0891,1,0.9,ok
306,307,corkboard,1119,corkboard,weak,r,0.9,,,6,,,,,,,,0,,low_gt
307,308,corkscrew,528,bottle screw,medium,c,0.9,,,14,,,,,,,,0,,low_gt
308,309,edible_corn,1121,corn,high,f,0.9,,266,133,133,,,,,,,0,0.8824,unreachable
309,310,cornbread,1123,cornbread,weak,r,0.9,,,2,,,,,,,,0,,low_gt
310,311,cornet,1125,trumpet,medium,c,0.9,,76,38,38,,,,,,,0,0.7778,unreachable
311,312,cornice,1126,cornice,medium,c,0.9,,190,95,95,,,,,,,0,0.6,unreachable
312,313,cornmeal,1127,cornmeal,weak,r,0.9,,,1,,,,,,,,0,,low_gt
313,314,corset,1130,corset,medium,c,0.9,,,12,,,,,,,,0,,low_gt
314,315,costume,1135,costume,medium,c,0.9,0.355,98,49,49,29,3,46,20,0.9062,0.5918,1,1.0,ok
315,316,cougar,787,catamount,weak,r,0.9,,,5,,,,,,,,0,,low_gt
316,317,coverall,1159,coverall,weak,r,0.9,,,5,,,,,,,,0,,low_gt
317,318,cowbell,1161,cowbell,medium,c,0.9,,,16,,,,,,,,0,,low_gt
318,319,cowboy_hat,1164,cowboy hat,high,f,0.9,0.35,432,216,216,107,10,206,109,0.9145,0.4954,1,1.0,ok
319,320,crab_(animal),1165,crab,medium,c,0.9,,,12,,,,,,,,0,,low_gt
320,321,crabmeat,1166,crabmeat,weak,r,0.9,,,1,,,,,,,,0,,low_gt
321,322,cracker,,,medium,c,0.9,,,,,,,,,,,0,,unmapped
322,323,crape,1173,crape,weak,r,0.9,,,5,,,,,,,,0,,low_gt
323,324,crate,1175,crate,high,f,0.9,0.375,490,245,245,12,1,244,233,0.9231,0.049,1,1.0,ok
324,325,crayon,1178,crayon,medium,c,0.9,,,12,,,,,,,,0,,low_gt
325,326,cream_pitcher,1180,cream pitcher,weak,r,0.9,,,7,,,,,,,,0,,low_gt
326,327,crescent_roll,1185,croissant,medium,c,0.9,0.36,70,35,35,28,3,32,7,0.9032,0.8,1,1.0,ok
327,328,crib,,,medium,c,0.9,,,,,,,,,,,0,,unmapped
328,329,crock_pot,1193,crock pot,medium,c,0.9,,64,32,32,,,,,,,0,0.8571,unreachable
329,330,crossbar,1198,crossbar,high,f,0.9,,2054,1027,1027,,,,,,,0,0.6154,unreachable
330,331,crouton,1202,crouton,weak,r,0.9,,,10,,,,,,,,0,,low_gt
331,332,crow,1203,crow,medium,c,0.9,,,12,,,,,,,,0,,low_gt
332,333,crowbar,1204,crowbar,weak,r,0.9,,,1,,,,,,,,0,,low_gt
333,334,crown,1207,crown,medium,c,0.9,,134,67,67,,,,,,,0,0.7647,unreachable
334,335,crucifix,1209,crucifix,medium,c,0.9,0.34,142,71,71,21,2,69,50,0.913,0.2958,1,1.0,ok
335,336,cruise_ship,1211,cruise ship,medium,c,0.9,0.34,60,30,30,27,3,27,3,0.9,0.9,1,1.0,ok
336,337,police_cruiser,3149,police car,medium,c,0.9,0.325,96,48,48,40,4,44,8,0.9091,0.8333,1,1.0,ok
337,338,crumb,1213,crumb,high,f,0.9,0.385,498,249,249,6,0,249,243,1.0,0.0241,1,1.0,ok
338,339,crutch,1215,crutch,medium,c,0.9,,,13,,,,,,,,0,,low_gt
339,340,cub_(animal),1217,cub,medium,c,0.9,0.375,58,29,29,22,1,28,7,0.9565,0.7586,1,1.0,ok
340,341,cube,1218,cube,medium,c,0.9,,,14,,,,,,,,0,,low_gt
341,342,cucumber,1219,cucumber,high,f,0.9,,472,236,236,,,,,,,0,0.8721,unreachable
342,343,cufflink,1222,cufflink,medium,c,0.9,,,15,,,,,,,,0,,low_gt
343,344,cup,1225,cup,high,f,0.9,0.385,3042,1521,1521,81,7,1514,1440,0.9205,0.0533,1,1.0,ok
344,345,trophy_cup,4273,trophy cup,medium,c,0.9,,50,25,25,,,,,,,0,0.875,unreachable
345,346,cupboard,977,closet,high,f,0.9,0.375,498,249,249,71,7,242,178,0.9103,0.2851,1,0.9286,ok
346,347,cupcake,1226,cupcake,high,f,0.9,0.36,278,139,139,113,11,128,26,0.9113,0.8129,1,1.0,ok
347,348,hair_curler,1230,hair roller,weak,r,0.9,,,2,,,,,,,,0,,low_gt
348,349,curling_iron,,,weak,r,0.9,,,,,,,,,,,0,,unmapped
349,350,curtain,1234,curtain,high,f,0.9,0.375,3780,1890,1890,247,25,1865,1643,0.9081,0.1307,1,1.0,ok
350,351,cushion,,,high,f,0.9,,,,,,,,,,,0,,unmapped
351,352,cylinder,1243,cylinder,weak,r,0.9,,,1,,,,,,,,0,,low_gt
352,353,cymbal,1244,cymbal,weak,r,0.9,,,9,,,,,,,,0,,low_gt
353,354,dagger,1249,dagger,weak,r,0.9,,,1,,,,,,,,0,,low_gt
354,355,dalmatian,758,dalmatian,weak,r,0.9,,,3,,,,,,,,0,,low_gt
355,356,dartboard,1265,dartboard,medium,c,0.9,,,11,,,,,,,,0,,low_gt
356,357,date_(fruit),1267,date,weak,r,0.9,,,4,,,,,,,,0,,low_gt
357,358,deck_chair,352,beach chair,high,f,0.9,0.34,472,236,236,190,18,218,46,0.9135,0.8051,1,1.0,ok
358,359,deer,1282,deer,medium,c,0.9,0.355,88,44,44,22,1,43,22,0.9565,0.5,1,1.0,ok
359,360,dental_floss,1699,floss,medium,c,0.9,,,19,,,,,,,,0,,low_gt
360,361,desk,,,high,f,0.9,,,,,,,,,,,0,,unmapped
361,362,detergent,1308,detergent,weak,r,0.9,,,7,,,,,,,,0,,low_gt
362,363,diaper,1312,diaper,medium,c,0.9,0.35,138,69,69,64,4,65,5,0.9412,0.9275,1,1.0,ok
363,364,diary,1314,journal,weak,r,0.9,,,2,,,,,,,,0,,low_gt
364,365,die,1315,die,weak,r,0.9,,,8,,,,,,,,0,,low_gt
365,366,dinghy,1322,rowboat,weak,r,0.9,,,5,,,,,,,,0,,low_gt
366,367,dining_table,,,high,f,0.9,,,,,,,,,,,0,,unmapped
367,368,tux,,,weak,r,0.9,,,,,,,,,,,0,,unmapped
368,369,dish,,,high,f,0.9,,,,,,,,,,,0,,unmapped
369,370,dish_antenna,1343,dish antenna,medium,c,0.9,,162,81,81,,,,,,,0,0.75,unreachable
370,371,dishrag,1345,dishrag,medium,c,0.9,,,17,,,,,,,,0,,low_gt
371,372,dishtowel,,,high,f,0.9,,,,,,,,,,,0,,unmapped
372,373,dishwasher,,,high,f,0.9,,,,,,,,,,,0,,unmapped
373,374,dishwasher_detergent,1347,dishsoap,weak,r,0.9,,,8,,,,,,,,0,,low_gt
374,375,dispenser,1349,dispenser,high,f,0.9,0.38,542,271,271,81,8,263,190,0.9101,0.2989,1,1.0,ok
375,376,diving_board,1355,diving board,weak,r,0.9,,,2,,,,,,,,0,,low_gt
376,377,Dixie_cup,1356,paper cup,high,f,0.9,0.355,206,103,103,20,1,102,83,0.9524,0.1942,1,1.0,ok
377,378,dog,1363,dog,high,f,0.9,0.35,3876,1938,1938,1444,160,1778,494,0.9002,0.7451,1,1.0,ok
378,379,dog_collar,1366,dog collar,high,f,0.9,0.335,1148,574,574,471,51,523,103,0.9023,0.8206,1,1.0,ok
379,380,doll,1369,doll,high,f,0.9,0.375,240,120,120,48,5,115,72,0.9057,0.4,1,1.0,ok
380,381,dollar,1370,dollar,weak,r,0.9,,,2,,,,,,,,0,,low_gt
381,382,dollhouse,1371,dollhouse,weak,r,0.9,,,2,,,,,,,,0,,low_gt
382,383,dolphin,1373,dolphin,medium,c,0.9,,,13,,,,,,,,0,,low_gt
383,384,domestic_ass,1377,donkey,medium,c,0.9,0.36,58,29,29,19,2,27,10,0.9048,0.6552,1,1.0,ok
384,385,doorknob,,,high,f,0.9,,,,,,,,,,,0,,unmapped
385,386,doormat,1382,doormat,medium,c,0.9,,132,66,66,,,,,,,0,0.8929,unreachable
386,387,doughnut,1378,donut,high,f,0.9,0.345,2016,1008,1008,936,101,907,72,0.9026,0.9286,1,1.0,ok
387,388,dove,,,weak,r,0.9,,,,,,,,,,,0,,unmapped
388,389,dragonfly,1391,dragonfly,weak,r,0.9,,,3,,,,,,,,0,,low_gt
389,390,drawer,1396,drawer,high,f,0.9,0.415,3884,1942,1942,7,0,1942,1935,1.0,0.0036,1,1.0,ok
390,391,underdrawers,546,underdrawers,medium,c,0.9,,,19,,,,,,,,0,,low_gt
391,392,dress,1400,dress,high,f,0.9,0.38,2976,1488,1488,99,9,1479,1389,0.9167,0.0665,1,1.0,ok
392,393,dress_hat,1401,dress hat,medium,c,0.9,0.34,92,46,46,13,1,45,33,0.9286,0.2826,1,1.0,ok
393,394,dress_suit,1404,dress suit,high,f,0.9,0.355,212,106,106,20,2,104,86,0.9091,0.1887,1,0.9091,ok
394,395,dresser,1405,dresser,high,f,0.9,0.36,230,115,115,55,5,110,60,0.9167,0.4783,1,1.0,ok
395,396,drill,1410,drill,medium,c,0.9,,,19,,,,,,,,0,,low_gt
396,397,drone,1416,drone,weak,r,0.9,,,2,,,,,,,,0,,low_gt
397,398,dropper,1419,dropper,weak,r,0.9,,,1,,,,,,,,0,,low_gt
398,399,drum_(musical_instrument),1423,drum,medium,c,0.9,0.365,56,28,28,9,1,27,19,0.9,0.3214,1,1.0,ok
399,400,drumstick,1425,drumstick,weak,r,0.9,,,9,,,,,,,,0,,low_gt
400,401,duck,1428,duck,high,f,0.9,0.37,384,192,192,107,5,187,85,0.9554,0.5573,1,1.0,ok
401,402,duckling,1430,duckling,medium,c,0.9,,,12,,,,,,,,0,,low_gt
402,403,duct_tape,1431,duct tape,medium,c,0.9,,42,21,21,,,,,,,0,0.8571,unreachable
403,404,duffel_bag,1434,duffel,high,f,0.9,,494,247,247,,,,,,,0,0.8,unreachable
404,405,dumbbell,1436,dumbbell,weak,r,0.9,,,6,,,,,,,,0,,low_gt
405,406,dumpster,,,medium,c,0.9,,,,,,,,,,,0,,unmapped
406,407,dustpan,1444,dustpan,weak,r,0.9,,,7,,,,,,,,0,,low_gt
407,408,eagle,1448,eagle,medium,c,0.9,0.335,80,40,40,23,2,38,17,0.92,0.575,1,1.0,ok
408,409,earphone,1451,earphone,high,f,0.9,,1084,542,542,,,,,,,0,0.8198,unreachable
409,410,earplug,1452,earplug,weak,r,0.9,,,2,,,,,,,,0,,low_gt
410,411,earring,1453,earring,high,f,0.9,,3796,1898,1898,,,,,,,0,0.8333,unreachable
411,412,easel,1455,easel,medium,c,0.9,0.355,72,36,36,11,1,35,25,0.9167,0.3056,1,1.0,ok
412,413,eclair,1461,eclair,weak,r,0.9,,,4,,,,,,,,0,,low_gt
413,414,eel,1467,eel,weak,r,0.9,,,1,,,,,,,,0,,low_gt
414,415,egg,1468,egg,high,f,0.9,0.375,382,191,191,21,2,189,170,0.913,0.1099,1,0.913,ok
415,416,egg_roll,1469,egg roll,weak,r,0.9,,,6,,,,,,,,0,,low_gt
416,417,egg_yolk,4573,yolk,medium,c,0.9,0.38,82,41,41,9,1,40,32,0.9,0.2195,1,0.9,ok
417,418,eggbeater,1471,eggbeater,medium,c,0.9,,78,39,39,,,,,,,0,0.5849,unreachable
418,419,eggplant,175,eggplant,medium,c,0.9,,92,46,46,,,,,,,0,0.8889,unreachable
419,420,electric_chair,1476,electric chair,weak,r,0.9,,,1,,,,,,,,0,,low_gt
420,421,refrigerator,,,high,f,0.9,,,,,,,,,,,0,,unmapped
421,422,elephant,1482,elephant,high,f,0.9,0.335,3756,1878,1878,1796,197,1681,82,0.9012,0.9563,1,1.0,ok
422,423,elk,2686,moose,medium,c,0.9,,,11,,,,,,,,0,,low_gt
423,424,envelope,1519,envelope,medium,c,0.9,0.35,164,82,82,27,1,81,55,0.9643,0.3293,1,1.0,ok
424,425,eraser,1522,eraser,medium,c,0.9,,,18,,,,,,,,0,,low_gt
425,426,escargot,1526,escargot,weak,r,0.9,,,1,,,,,,,,0,,low_gt
426,427,eyepatch,,,weak,r,0.9,,,,,,,,,,,0,,unmapped
427,428,falcon,1568,falcon,weak,r,0.9,,,3,,,,,,,,0,,low_gt
428,429,fan,1574,fan,high,f,0.9,,1150,575,575,,,,,,,0,0.75,unreachable
429,430,faucet,1591,faucet,high,f,0.9,0.355,3814,1907,1907,1405,151,1756,502,0.903,0.7368,1,1.0,ok
430,431,fedora,1598,fedora,weak,r,0.9,,,8,,,,,,,,0,,low_gt
431,432,ferret,1608,ferret,weak,r,0.9,,,4,,,,,,,,0,,low_gt
432,433,Ferris_wheel,1609,ferris wheel,medium,c,0.9,0.34,64,32,32,10,0,32,22,1.0,0.3125,1,1.0,ok
433,434,ferry,1610,ferry,medium,c,0.9,,,11,,,,,,,,0,,low_gt
434,435,fig_(fruit),1618,fig,weak,r,0.9,,,4,,,,,,,,0,,low_gt
435,436,fighter_jet,171,fighter jet,medium,c,0.9,0.32,108,54,54,53,4,50,1,0.9298,0.9815,1,1.0,ok
436,437,figurine,1621,figurine,high,f,0.9,0.37,404,202,202,36,3,199,166,0.9231,0.1782,1,1.0,ok
437,438,file_cabinet,1624,file cabinet,medium,c,0.9,0.34,64,32,32,23,2,30,9,0.92,0.7188,1,1.0,ok
438,439,file_(tool),1622,file,weak,r,0.9,,,3,,,,,,,,0,,low_gt
439,440,fire_alarm,1639,fire alarm,high,f,0.9,,260,130,130,,,,,,,0,0.6615,unreachable
440,441,fire_engine,1641,fire truck,high,f,0.9,0.32,238,119,119,113,12,107,6,0.904,0.9496,1,1.0,ok
441,442,fire_extinguisher,1547,extinguisher,high,f,0.9,,282,141,141,,,,,,,0,0.7333,unreachable
442,443,fire_hose,1643,fire hose,medium,c,0.9,0.335,58,29,29,28,3,26,1,0.9032,0.9655,1,1.0,ok
443,444,fireplace,1648,fireplace,high,f,0.9,0.34,1050,525,525,449,34,491,76,0.9296,0.8552,1,1.0,ok
444,445,fireplug,2176,hydrant,high,f,0.9,0.35,2646,1323,1323,1104,114,1209,219,0.9064,0.8345,1,1.0,ok
445,446,first-aid_kit,1651,first-aid kit,weak,r,0.9,,,2,,,,,,,,0,,low_gt
446,447,fish,,,high,f,0.9,,,,,,,,,,,0,,unmapped
447,448,fish_(food),,,medium,c,0.9,,,,,,,,,,,0,,unmapped
448,449,fishbowl,1656,fishbowl,weak,r,0.9,,,7,,,,,,,,0,,low_gt
449,450,fishing_rod,1661,fishing pole,medium,c,0.9,0.34,70,35,35,29,3,32,6,0.9062,0.8286,1,0.96,ok
450,451,flag,1668,flag,high,f,0.9,0.385,3816,1908,1908,42,2,1906,1866,0.9545,0.022,1,0.9545,ok
451,452,flagpole,,,high,f,0.9,,,,,,,,,,,0,,unmapped
452,453,flamingo,1672,flamingo,medium,c,0.9,,,18,,,,,,,,0,,low_gt
453,454,flannel,1673,flannel,medium,c,0.9,,,14,,,,,,,,0,,low_gt
454,455,flap,1674,flap,medium,c,0.9,,154,77,77,,,,,,,0,0.75,unreachable
455,456,flash,1676,flash,weak,r,0.9,,,8,,,,,,,,0,,low_gt
456,457,flashlight,4195,torch,medium,c,0.9,,74,37,37,,,,,,,0,0.8333,unreachable
457,458,fleece,,,weak,r,0.9,,,,,,,,,,,0,,unmapped
458,459,flip-flop_(sandal),1687,flip-flop,high,f,0.9,0.385,692,346,346,5,0,346,341,1.0,0.0145,1,1.0,ok
459,460,flipper_(footwear),1633,fin,medium,c,0.9,,,19,,,,,,,,0,,low_gt
460,461,flower_arrangement,1697,floral arrangement,high,f,0.9,0.3,3558,1779,1779,1199,126,1653,580,0.9049,0.674,1,1.0,ok
461,462,flute_glass,830,champagne flute,medium,c,0.9,0.32,46,23,23,20,2,21,3,0.9091,0.8696,1,1.0,ok
462,463,foal,,,medium,c,0.9,,,,,,,,,,,0,,unmapped
463,464,folding_chair,1721,folding chair,medium,c,0.9,,134,67,67,,,,,,,0,0.8571,unreachable
464,465,food_processor,1732,food processor,medium,c,0.9,,,19,,,,,,,,0,,low_gt
465,466,football_(American),1738,football,medium,c,0.9,0.34,56,28,28,18,2,26,10,0.9,0.6429,1,1.0,ok
466,467,football_helmet,1744,football helmet,weak,r,0.9,,,4,,,,,,,,0,,low_gt
467,468,footstool,1750,footrest,medium,c,0.9,,54,27,27,,,,,,,0,0.5625,unreachable
468,469,fork,1762,fork,high,f,0.9,0.38,3722,1861,1861,158,17,1844,1703,0.9029,0.0849,1,0.907,ok
469,470,forklift,1763,forklift,medium,c,0.9,,,11,,,,,,,,0,,low_gt
470,471,freight_car,,,medium,c,0.9,,,,,,,,,,,0,,unmapped
471,472,French_toast,1783,French toast,medium,c,0.9,,,13,,,,,,,,0,,low_gt
472,473,freshener,1784,freshener,medium,c,0.9,0.36,64,32,32,16,1,31,16,0.9412,0.5,1,1.0,ok
473,474,frisbee,1790,frisbee,high,f,0.9,0.365,3532,1766,1766,1540,165,1601,226,0.9032,0.872,1,1.0,ok
474,475,frog,1791,frog,medium,c,0.9,0.355,84,42,42,11,0,42,31,1.0,0.2619,1,1.0,ok
475,476,fruit_juice,,,medium,c,0.9,,,,,,,,,,,0,,unmapped
476,477,frying_pan,1805,frying pan,high,f,0.9,0.37,256,128,128,95,10,118,33,0.9048,0.7422,1,1.0,ok
477,478,fudge,1806,fudge,weak,r,0.9,,,1,,,,,,,,0,,low_gt
478,479,funnel,1812,funnel,weak,r,0.9,,,9,,,,,,,,0,,low_gt
479,480,futon,1816,futon,weak,r,0.9,,,10,,,,,,,,0,,low_gt
480,481,gag,1818,muzzle,weak,r,0.9,,,4,,,,,,,,0,,low_gt
481,482,garbage,1829,garbage,weak,r,0.9,,,9,,,,,,,,0,,low_gt
482,483,garbage_truck,1443,garbage truck,medium,c,0.9,,,18,,,,,,,,0,,low_gt
483,484,garden_hose,1832,garden hose,medium,c,0.9,0.325,82,41,41,29,3,38,12,0.9062,0.7073,1,1.0,ok
484,485,gargle,2733,mouthwash,medium,c,0.9,0.365,56,28,28,24,2,26,4,0.9231,0.8571,1,1.0,ok
485,486,gargoyle,1837,gargoyle,weak,r,0.9,,,3,,,,,,,,0,,low_gt
486,487,garlic,1839,garlic,medium,c,0.9,0.36,130,65,65,43,4,61,22,0.9149,0.6615,1,1.0,ok
487,488,gasmask,1844,gasmask,weak,r,0.9,,,9,,,,,,,,0,,low_gt
488,489,gazelle,,,medium,c,0.9,,,,,,,,,,,0,,unmapped
489,490,gelatin,2270,jelly,medium,c,0.9,0.36,48,24,24,13,1,23,11,0.9286,0.5417,1,0.9286,ok
490,491,gemstone,,,weak,r,0.9,,,,,,,,,,,0,,unmapped
491,492,generator,1854,generator,weak,r,0.9,,,2,,,,,,,,0,,low_gt
492,493,giant_panda,2911,panda,medium,c,0.9,0.345,118,59,59,38,3,56,21,0.9268,0.6441,1,1.0,ok
493,494,gift_wrap,1863,gift wrap,medium,c,0.9,0.355,96,48,48,21,2,46,27,0.913,0.4375,1,1.0,ok
494,495,ginger,1866,ginger,medium,c,0.9,,,17,,,,,,,,0,,low_gt
495,496,giraffe,1870,giraffe,high,f,0.9,0.33,3754,1877,1877,1856,168,1709,21,0.917,0.9888,1,1.0,ok
496,497,cincture,926,waistband,medium,c,0.9,,,18,,,,,,,,0,,low_gt
497,498,glass_(drink_container),,,high,f,0.9,,,,,,,,,,,0,,unmapped
498,499,globe,,,medium,c,0.9,,,,,,,,,,,0,,unmapped
499,500,glove,1893,glove,high,f,0.9,,3780,1890,1890,,,,,,,0,0.6573,unreachable
500,501,goat,1900,goat,medium,c,0.9,0.36,198,99,99,74,7,92,25,0.9136,0.7475,1,1.0,ok
501,502,goggles,1903,goggles,high,f,0.9,,3060,1530,1530,,,,,,,0,0.6866,unreachable
502,503,goldfish,1908,goldfish,weak,r,0.9,,,3,,,,,,,,0,,low_gt
503,504,golf_club,1912,golf club,medium,c,0.9,,,11,,,,,,,,0,,low_gt
504,505,golfcart,,,medium,c,0.9,,,,,,,,,,,0,,unmapped
505,506,gondola_(boat),,,weak,r,0.9,,,,,,,,,,,0,,unmapped
506,507,goose,1915,goose,medium,c,0.9,0.35,126,63,63,47,3,60,16,0.94,0.746,1,1.0,ok
507,508,gorilla,1916,gorilla,weak,r,0.9,,,5,,,,,,,,0,,low_gt
508,509,gourd,1918,gourd,weak,r,0.9,,,6,,,,,,,,0,,low_gt
509,510,grape,1932,grape,high,f,0.9,0.345,466,233,233,94,10,223,139,0.9038,0.4034,1,1.0,ok
510,511,grater,1939,grater,medium,c,0.9,,108,54,54,,,,,,,0,0.5169,unreachable
511,512,gravestone,1942,gravestone,medium,c,0.9,0.325,72,36,36,23,2,34,13,0.92,0.6389,1,1.0,ok
512,513,gravy_boat,1944,gravy boat,weak,r,0.9,,,10,,,,,,,,0,,low_gt
513,514,green_bean,,,high,f,0.9,,,,,,,,,,,0,,unmapped
514,515,green_onion,,,high,f,0.9,,,,,,,,,,,0,,unmapped
515,516,griddle,1955,griddle,weak,r,0.9,,,3,,,,,,,,0,,low_gt
516,517,grill,1956,grill,high,f,0.9,,726,363,363,,,,,,,0,0.8889,unreachable
517,518,grits,1961,grits,weak,r,0.9,,,3,,,,,,,,0,,low_gt
518,519,grizzly,,,medium,c,0.9,,,,,,,,,,,0,,unmapped
519,520,grocery_bag,1962,grocery bag,medium,c,0.9,,,18,,,,,,,,0,,low_gt
520,521,guitar,1976,guitar,high,f,0.9,0.345,398,199,199,85,9,190,114,0.9043,0.4271,1,1.0,ok
521,522,gull,1979,gull,medium,c,0.9,0.345,194,97,97,80,6,91,17,0.9302,0.8247,1,1.0,ok
522,523,gun,1980,gun,medium,c,0.9,,64,32,32,,,,,,,0,0.7143,unreachable
523,524,hairbrush,1992,hairbrush,high,f,0.9,0.34,242,121,121,64,7,114,57,0.9014,0.5289,1,1.0,ok
524,525,hairnet,1995,hairnet,medium,c,0.9,,,16,,,,,,,,0,,low_gt
525,526,hairpin,1996,hairpin,medium,c,0.9,,,12,,,,,,,,0,,low_gt
526,527,halter_top,2003,halter top,weak,r,0.9,,,2,,,,,,,,0,,low_gt
527,528,ham,1824,ham,high,f,0.9,0.37,428,214,214,100,8,206,114,0.9259,0.4673,1,1.0,ok
528,529,hamburger,2005,hamburger,medium,c,0.9,0.355,96,48,48,40,4,44,8,0.9091,0.8333,1,1.0,ok
529,530,hammer,2007,hammer,medium,c,0.9,,52,26,26,,,,,,,0,0.7778,unreachable
530,531,hammock,2008,hammock,medium,c,0.9,,,13,,,,,,,,0,,low_gt
531,532,hamper,2009,hamper,weak,r,0.9,,,4,,,,,,,,0,,low_gt
532,533,hamster,2010,hamster,medium,c,0.9,,,11,,,,,,,,0,,low_gt
533,534,hair_dryer,,,high,f,0.9,,,,,,,,,,,0,,unmapped
534,535,hand_glass,2012,hand glass,weak,r,0.9,,,7,,,,,,,,0,,low_gt
535,536,hand_towel,2013,hand towel,high,f,0.9,0.37,400,200,200,14,1,199,186,0.9333,0.07,1,0.9333,ok
536,537,handcart,293,handcart,medium,c,0.9,0.375,182,91,91,37,1,90,54,0.9737,0.4066,1,1.0,ok
537,538,handcuff,2016,handcuff,weak,r,0.9,,,9,,,,,,,,0,,low_gt
538,539,handkerchief,2018,handkerchief,medium,c,0.9,,144,72,72,,,,,,,0,0.6296,unreachable
539,540,handle,2019,handle,high,f,0.9,,3772,1886,1886,,,,,,,0,0.6667,unreachable
540,541,handsaw,2020,handsaw,weak,r,0.9,,,4,,,,,,,,0,,low_gt
541,542,hardback_book,2032,hardback book,weak,r,0.9,,,1,,,,,,,,0,,low_gt
542,543,harmonium,,,weak,r,0.9,,,,,,,,,,,0,,unmapped
543,544,hat,2044,hat,high,f,0.9,0.39,3864,1932,1932,41,3,1929,1891,0.9318,0.0212,1,1.0,ok
544,545,hatbox,2045,hatbox,weak,r,0.9,,,4,,,,,,,,0,,low_gt
545,546,veil,4342,veil,medium,c,0.9,0.375,112,56,56,18,1,55,38,0.9474,0.3214,1,1.0,ok
546,547,headband,,,high,f,0.9,,,,,,,,,,,0,,unmapped
547,548,headboard,2054,headboard,high,f,0.9,0.35,1510,755,755,624,64,691,131,0.907,0.8265,1,1.0,ok
548,549,headlight,2053,headlight,high,f,0.9,0.395,3686,1843,1843,29,1,1842,1814,0.9667,0.0157,1,1.0,ok
549,550,headscarf,258,headscarf,medium,c,0.9,,192,96,96,,,,,,,0,0.5918,unreachable
550,551,headset,,,weak,r,0.9,,,,,,,,,,,0,,unmapped
551,552,headstall_(for_horses),,,medium,c,0.9,,,,,,,,,,,0,,unmapped
552,553,heart,2059,heart,medium,c,0.9,,132,66,66,,,,,,,0,0.8667,unreachable
553,554,heater,2062,heater,medium,c,0.9,,114,57,57,,,,,,,0,0.7111,unreachable
554,555,helicopter,2067,helicopter,medium,c,0.9,0.35,88,44,44,37,2,42,7,0.9487,0.8409,1,1.0,ok
555,556,helmet,2069,helmet,high,f,0.9,0.385,3810,1905,1905,115,11,1894,1790,0.9127,0.0604,1,0.9348,ok
556,557,heron,2077,heron,weak,r,0.9,,,4,,,,,,,,0,,low_gt
557,558,highchair,1602,feeding chair,medium,c,0.9,0.37,180,90,90,37,4,86,53,0.9024,0.4111,1,1.0,ok
558,559,hinge,2094,hinge,high,f,0.9,,3270,1635,1635,,,,,,,0,0.8,unreachable
559,560,hippopotamus,,,weak,r,0.9,,,,,,,,,,,0,,unmapped
560,561,hockey_stick,2105,hockey stick,weak,r,0.9,,,5,,,,,,,,0,,low_gt
561,562,hog,486,pig,medium,c,0.9,,100,50,50,,,,,,,0,0.8182,unreachable
562,563,home_plate_(baseball),2113,home base,high,f,0.9,0.38,1090,545,545,65,6,539,480,0.9155,0.1193,1,0.9155,ok
563,564,honey,2120,honey,medium,c,0.9,,,20,,,,,,,,0,,low_gt
564,565,fume_hood,1808,fume hood,high,f,0.9,,386,193,193,,,,,,,0,0.5013,unreachable
565,566,hook,2125,hook,high,f,0.9,0.38,570,285,285,6,0,285,279,1.0,0.0211,1,1.0,ok
566,567,hookah,4421,water pipe,weak,r,0.9,,,3,,,,,,,,0,,low_gt
567,568,hornet,2130,hornet,weak,r,0.9,,,1,,,,,,,,0,,low_gt
568,569,horse,1715,horse,high,f,0.9,0.34,3808,1904,1904,1657,138,1766,247,0.9231,0.8703,1,1.0,ok
569,570,hose,2139,hose,high,f,0.9,0.39,588,294,294,10,1,293,284,0.9091,0.034,1,1.0,ok
570,571,hot-air_balloon,2146,hot air balloon,weak,r,0.9,,,3,,,,,,,,0,,low_gt
571,572,hotplate,2153,hotplate,weak,r,0.9,,,5,,,,,,,,0,,low_gt
572,573,hot_sauce,2148,hot sauce,medium,c,0.9,0.36,48,24,24,12,0,24,12,1.0,0.5,1,1.0,ok
573,574,hourglass,2154,hourglass,weak,r,0.9,,,2,,,,,,,,0,,low_gt
574,575,houseboat,,,weak,r,0.9,,,,,,,,,,,0,,unmapped
575,576,hummingbird,2165,hummingbird,medium,c,0.9,,,16,,,,,,,,0,,low_gt
576,577,hummus,2119,hummus,weak,r,0.9,,,8,,,,,,,,0,,low_gt
577,578,polar_bear,2180,polar bear,high,f,0.9,0.325,308,154,154,150,13,141,4,0.9202,0.974,1,1.0,ok
578,579,icecream,2182,icecream,medium,c,0.9,0.365,132,66,66,46,5,61,20,0.902,0.697,1,1.0,ok
579,580,popsicle,,,weak,r,0.9,,,,,,,,,,,0,,unmapped
580,581,ice_maker,2190,ice maker,medium,c,0.9,,48,24,24,,,,,,,0,0.7143,unreachable
581,582,ice_pack,2179,ice bag,weak,r,0.9,,,1,,,,,,,,0,,low_gt
582,583,ice_skate,,,weak,r,0.9,,,,,,,,,,,0,,unmapped
583,584,igniter,,,medium,c,0.9,,,,,,,,,,,0,,unmapped
584,585,inhaler,2222,inhalator,weak,r,0.9,,,6,,,,,,,,0,,low_gt
585,586,iPod,2242,ipod,high,f,0.9,0.4,252,126,126,29,2,124,97,0.9355,0.2302,1,1.0,ok
586,587,iron_(for_clothing),2244,iron,medium,c,0.9,,48,24,24,,,,,,,0,0.625,unreachable
587,588,ironing_board,2245,ironing board,medium,c,0.9,0.345,44,22,22,18,1,21,4,0.9474,0.8182,1,0.9474,ok
588,589,jacket,2255,jacket,high,f,0.9,0.39,3744,1872,1872,12,1,1871,1860,0.9231,0.0064,1,1.0,ok
589,590,jam,2260,jam,medium,c,0.9,,,16,,,,,,,,0,,low_gt
590,591,jar,711,jar,high,f,0.9,0.385,846,423,423,64,6,417,359,0.9143,0.1513,1,1.0,ok
591,592,jean,2268,jeans,high,f,0.9,0.405,3854,1927,1927,12,1,1926,1915,0.9231,0.0062,1,1.0,ok
592,593,jeep,2269,jeep,medium,c,0.9,,76,38,38,,,,,,,0,0.8182,unreachable
593,594,jelly_bean,2271,jelly bean,weak,r,0.9,,,3,,,,,,,,0,,low_gt
594,595,jersey,4051,t-shirt,high,f,0.9,,3890,1945,1945,,,,,,,0,0.8333,unreachable
595,596,jet_plane,,,medium,c,0.9,,,,,,,,,,,0,,unmapped
596,597,jewel,2275,jewel,weak,r,0.9,,,1,,,,,,,,0,,low_gt
597,598,jewelry,2276,jewellery,medium,c,0.9,,,13,,,,,,,,0,,low_gt
598,599,joystick,2285,joystick,weak,r,0.9,,,9,,,,,,,,0,,low_gt
599,600,jumpsuit,2293,jumpsuit,medium,c,0.9,,,14,,,,,,,,0,,low_gt
600,601,kayak,2303,kayak,medium,c,0.9,0.35,74,37,37,32,3,34,5,0.9143,0.8649,1,1.0,ok
601,602,keg,,,weak,r,0.9,,,,,,,,,,,0,,unmapped
602,603,kennel,,,weak,r,0.9,,,,,,,,,,,0,,unmapped
603,604,kettle,502,boiler,medium,c,0.9,,200,100,100,,,,,,,0,0.8451,unreachable
604,605,key,2305,key,high,f,0.9,,390,195,195,,,,,,,0,0.8358,unreachable
605,606,keycard,2306,keycard,weak,r,0.9,,,1,,,,,,,,0,,low_gt
606,607,kilt,2309,kilt,medium,c,0.9,,,12,,,,,,,,0,,low_gt
607,608,kimono,2310,kimono,medium,c,0.9,0.335,48,24,24,20,2,22,4,0.9091,0.8333,1,1.0,ok
608,609,kitchen_sink,2323,kitchen sink,high,f,0.9,0.355,978,489,489,461,44,445,28,0.9129,0.9427,1,0.9704,ok
609,610,kitchen_table,2324,kitchen table,weak,r,0.9,,,10,,,,,,,,0,,low_gt
610,611,kite,2328,kite,high,f,0.9,0.35,3378,1689,1689,1643,176,1513,46,0.9032,0.9728,1,1.0,ok
611,612,kitten,,,medium,c,0.9,,,,,,,,,,,0,,unmapped
612,613,kiwi_fruit,,,medium,c,0.9,,,,,,,,,,,0,,unmapped
613,614,knee_pad,2330,knee pad,high,f,0.9,0.39,1788,894,894,63,5,889,831,0.9265,0.0705,1,1.0,ok
614,615,knife,2332,knife,high,f,0.9,0.39,3736,1868,1868,23,1,1867,1845,0.9583,0.0123,1,0.9583,ok
615,616,knitting_needle,2335,knitting needle,weak,r,0.9,,,7,,,,,,,,0,,low_gt
616,617,knob,2336,knob,high,f,0.9,,3134,1567,1567,,,,,,,0,0.6867,unreachable
617,618,knocker_(on_a_door),2337,knocker,weak,r,0.9,,,10,,,,,,,,0,,low_gt
618,619,koala,2339,koala,weak,r,0.9,,,8,,,,,,,,0,,low_gt
619,620,lab_coat,2343,lab coat,weak,r,0.9,,,7,,,,,,,,0,,low_gt
620,621,ladder,2349,ladder,high,f,0.9,,1258,629,629,,,,,,,0,0.875,unreachable
621,622,ladle,2350,ladle,medium,c,0.9,0.37,178,89,89,36,4,85,53,0.9,0.4045,1,0.9091,ok
622,623,ladybug,,,medium,c,0.9,,,,,,,,,,,0,,unmapped
623,624,lamb_(animal),2357,lamb,high,f,0.9,0.34,268,134,134,130,12,122,4,0.9155,0.9701,1,1.0,ok
624,625,lamb-chop,2358,lamb chop,weak,r,0.9,,,4,,,,,,,,0,,low_gt
625,626,lamp,617,lamp,high,f,0.9,0.41,3604,1802,1802,12,0,1802,1790,1.0,0.0067,1,1.0,ok
626,627,lamppost,,,high,f,0.9,,,,,,,,,,,0,,unmapped
627,628,lampshade,,,high,f,0.9,,,,,,,,,,,0,,unmapped
628,629,lantern,2371,lantern,medium,c,0.9,0.36,96,48,48,6,0,48,42,1.0,0.125,1,1.0,ok
629,630,lanyard,2370,lanyard,high,f,0.9,0.395,836,418,418,20,2,416,398,0.9091,0.0478,1,1.0,ok
630,631,laptop_computer,,,high,f,0.9,,,,,,,,,,,0,,unmapped
631,632,lasagna,2376,lasagne,weak,r,0.9,,,5,,,,,,,,0,,low_gt
632,633,latch,2380,latch,high,f,0.9,,442,221,221,,,,,,,0,0.8519,unreachable
633,634,lawn_mower,,,weak,r,0.9,,,,,,,,,,,0,,unmapped
634,635,leather,2405,leather,weak,r,0.9,,,7,,,,,,,,0,,low_gt
635,636,legging_(clothing),2415,legging,medium,c,0.9,,152,76,76,,,,,,,0,0.5588,unreachable
636,637,Lego,2417,lego,medium,c,0.9,0.345,44,22,22,15,1,21,7,0.9375,0.6818,1,1.0,ok
637,638,legume,2418,legume,weak,r,0.9,,,10,,,,,,,,0,,low_gt
638,639,lemon,2419,lemon,high,f,0.9,0.37,682,341,341,94,10,331,247,0.9038,0.2757,1,1.0,ok
639,640,lemonade,2421,lemonade,weak,r,0.9,,,1,,,,,,,,0,,low_gt
640,641,lettuce,2435,lettuce,high,f,0.9,0.355,1410,705,705,532,52,653,173,0.911,0.7546,1,1.0,ok
641,642,license_plate,2439,license plate,high,f,0.9,0.39,3800,1900,1900,54,6,1894,1846,0.9,0.0284,1,1.0,ok
642,643,life_buoy,2444,life belt,high,f,0.9,,376,188,188,,,,,,,0,0.5,unreachable
643,644,life_jacket,2445,life jacket,high,f,0.9,,454,227,227,,,,,,,0,0.577,unreachable
644,645,lightbulb,,,high,f,0.9,,,,,,,,,,,0,,unmapped
645,646,lightning_rod,2454,lightning rod,weak,r,0.9,,,6,,,,,,,,0,,low_gt
646,647,lime,2458,lime,high,f,0.9,0.37,230,115,115,29,2,113,86,0.9355,0.2522,1,1.0,ok
647,648,limousine,,,weak,r,0.9,,,,,,,,,,,0,,unmapped
648,649,lion,2466,lion,medium,c,0.9,0.35,86,43,43,11,1,42,32,0.9167,0.2558,1,0.9167,ok
649,650,lip_balm,2467,lip balm,medium,c,0.9,,,14,,,,,,,,0,,low_gt
650,651,liquor,1116,liquor,weak,r,0.9,,,6,,,,,,,,0,,low_gt
651,652,lizard,2477,lizard,medium,c,0.9,,,15,,,,,,,,0,,low_gt
652,653,log,2487,log,high,f,0.9,0.385,2334,1167,1167,12,1,1166,1155,0.9231,0.0103,1,0.9231,ok
653,654,lollipop,2189,lollipop,medium,c,0.9,,,15,,,,,,,,0,,low_gt
654,655,speaker_(stero_equipment),3803,speaker,high,f,0.9,0.36,1988,994,994,405,38,956,589,0.9142,0.4074,1,1.0,ok
655,656,loveseat,2499,loveseat,medium,c,0.9,0.36,56,28,28,21,2,26,7,0.913,0.75,1,0.9333,ok
656,657,machine_gun,2515,machine gun,weak,r,0.9,,,2,,,,,,,,0,,low_gt
657,658,magazine,2516,magazine,high,f,0.9,0.365,676,338,338,32,3,335,306,0.9143,0.0947,1,1.0,ok
658,659,magnet,2519,magnet,high,f,0.9,0.375,668,334,334,53,5,329,281,0.9138,0.1587,1,0.9412,ok
659,660,mail_slot,2527,mail slot,medium,c,0.9,,,15,,,,,,,,0,,low_gt
660,661,mailbox_(at_home),,,high,f,0.9,,,,,,,,,,,0,,unmapped
661,662,mallard,2532,mallard,weak,r,0.9,,,1,,,,,,,,0,,low_gt
662,663,mallet,2534,mallet,weak,r,0.9,,,8,,,,,,,,0,,low_gt
663,664,mammoth,2536,mammoth,weak,r,0.9,,,1,,,,,,,,0,,low_gt
664,665,manatee,2540,manatee,weak,r,0.9,,,1,,,,,,,,0,,low_gt
665,666,mandarin_orange,2542,mandarin orange,medium,c,0.9,0.35,56,28,28,22,2,26,6,0.9167,0.7857,1,1.0,ok
666,667,manger,2546,manger,medium,c,0.9,,182,91,91,,,,,,,0,0.6429,unreachable
667,668,manhole,2551,manhole,high,f,0.9,0.375,520,260,260,73,7,253,187,0.9125,0.2808,1,1.0,ok
668,669,map,2562,map,high,f,0.9,0.345,262,131,131,35,3,128,96,0.9211,0.2672,1,1.0,ok
669,670,marker,,,high,f,0.9,,,,,,,,,,,0,,unmapped
670,671,martini,2585,martini,weak,r,0.9,,,3,,,,,,,,0,,low_gt
671,672,mascot,2588,mascot,weak,r,0.9,,,10,,,,,,,,0,,low_gt
672,673,mashed_potato,2589,mashed potato,medium,c,0.9,0.34,78,39,39,38,4,35,1,0.9048,0.9744,1,0.9286,ok
673,674,masher,2590,masher,weak,r,0.9,,,2,,,,,,,,0,,low_gt
674,675,mask,2591,mask,high,f,0.9,,1850,925,925,,,,,,,0,0.7054,unreachable
675,676,mast,2593,mast,high,f,0.9,0.365,708,354,354,154,17,337,200,0.9006,0.435,1,1.0,ok
676,677,mat_(gym_equipment),2594,mat,medium,c,0.9,,62,31,31,,,,,,,0,0.8333,unreachable
677,678,matchbox,2597,matchbox,weak,r,0.9,,,10,,,,,,,,0,,low_gt
678,679,mattress,2599,mattress,high,f,0.9,0.345,430,215,215,176,17,198,39,0.9119,0.8186,1,1.0,ok
679,680,measuring_cup,2603,measuring cup,medium,c,0.9,0.37,142,71,71,13,1,70,58,0.9286,0.1831,1,1.0,ok
680,681,measuring_stick,3463,ruler,medium,c,0.9,0.35,86,43,43,28,2,41,15,0.9333,0.6512,1,0.9333,ok
681,682,meatball,2606,meatball,medium,c,0.9,0.375,56,28,28,24,1,27,4,0.96,0.8571,1,1.0,ok
682,683,medicine,1421,medicine,medium,c,0.9,0.37,68,34,34,6,0,34,28,1.0,0.1765,1,1.0,ok
683,684,melon,2620,melon,medium,c,0.9,,,16,,,,,,,,0,,low_gt
684,685,microphone,2632,microphone,high,f,0.9,0.39,546,273,273,20,2,271,253,0.9091,0.0733,1,0.9167,ok
685,686,microscope,2633,microscope,weak,r,0.9,,,2,,,,,,,,0,,low_gt
686,687,microwave_oven,,,high,f,0.9,,,,,,,,,,,0,,unmapped
687,688,milestone,2636,milestone,weak,r,0.9,,,4,,,,,,,,0,,low_gt
688,689,milk,2638,milk,high,f,0.9,0.385,214,107,107,14,1,106,93,0.9333,0.1308,1,1.0,ok
689,690,milk_can,2639,milk can,weak,r,0.9,,,2,,,,,,,,0,,low_gt
690,691,milkshake,2641,milkshake,weak,r,0.9,,,1,,,,,,,,0,,low_gt
691,692,minivan,2651,minivan,high,f,0.9,0.395,908,454,454,19,1,453,435,0.95,0.0419,1,1.0,ok
692,693,mint_candy,2653,mint candy,weak,r,0.9,,,9,,,,,,,,0,,low_gt
693,694,mirror,2654,mirror,high,f,0.9,0.385,3802,1901,1901,269,25,1876,1632,0.915,0.1415,1,0.9444,ok
694,695,mitten,,,medium,c,0.9,,,,,,,,,,,0,,unmapped
695,696,mixer_(kitchen_tool),2660,mixer,medium,c,0.9,0.38,182,91,91,10,1,90,81,0.9091,0.1099,1,1.0,ok
696,697,money,2674,money,medium,c,0.9,0.355,92,46,46,11,1,45,35,0.9167,0.2391,1,0.9167,ok
697,698,monitor_(computer_equipment) computer_monitor,,,high,f,0.9,,,,,,,,,,,0,,unmapped
698,699,monkey,2677,monkey,medium,c,0.9,0.36,148,74,74,33,2,72,41,0.9429,0.4459,1,1.0,ok
699,700,motor,2704,motor,high,f,0.9,0.375,842,421,421,121,10,411,300,0.9237,0.2874,1,0.9697,ok
700,701,motor_scooter,3550,scooter,high,f,0.9,0.365,452,226,226,144,14,212,82,0.9114,0.6372,1,1.0,ok
701,702,motor_vehicle,190,motor vehicle,weak,r,0.9,,,10,,,,,,,,0,,low_gt
702,703,motorcycle,2706,motorcycle,high,f,0.9,0.33,3440,1720,1720,1526,149,1571,194,0.911,0.8872,1,1.0,ok
703,704,mound_(baseball),2711,mound,high,f,0.9,0.36,522,261,261,260,27,234,1,0.9059,0.9962,1,1.0,ok
704,705,mouse_(computer_equipment),2729,mouse,high,f,0.9,0.37,2674,1337,1337,696,67,1270,641,0.9122,0.5206,1,0.9419,ok
705,706,mousepad,2730,mousepad,high,f,0.9,0.36,586,293,293,268,29,264,25,0.9024,0.9147,1,0.9726,ok
706,707,muffin,2741,muffin,medium,c,0.9,0.37,124,62,62,39,4,58,23,0.907,0.629,1,1.0,ok
707,708,mug,2742,mug,high,f,0.9,0.385,1628,814,814,56,6,808,758,0.9032,0.0688,1,1.0,ok
708,709,mushroom,2751,mushroom,high,f,0.9,,814,407,407,,,,,,,0,0.7333,unreachable
709,710,music_stool,2754,music stool,weak,r,0.9,,,6,,,,,,,,0,,low_gt
710,711,musical_instrument,2231,instrument,medium,c,0.9,,,16,,,,,,,,0,,low_gt
711,712,nailfile,2764,nailfile,weak,r,0.9,,,7,,,,,,,,0,,low_gt
712,713,napkin,2766,napkin,high,f,0.9,0.375,3582,1791,1791,179,13,1778,1612,0.9323,0.0999,1,0.9323,ok
713,714,neckerchief,,,weak,r,0.9,,,,,,,,,,,0,,unmapped
714,715,necklace,2779,necklace,high,f,0.9,0.38,3830,1915,1915,16,1,1914,1899,0.9412,0.0084,1,0.9412,ok
715,716,necktie,4158,tie,high,f,0.9,0.365,3880,1940,1940,697,65,1875,1243,0.9147,0.3593,1,1.0,ok
716,717,needle,2783,needle,medium,c,0.9,,,13,,,,,,,,0,,low_gt
717,718,nest,2789,nest,medium,c,0.9,,,16,,,,,,,,0,,low_gt
718,719,newspaper,2920,paper,high,f,0.9,0.375,896,448,448,28,2,446,420,0.9333,0.0625,1,0.9545,ok
719,720,newsstand,2796,newsstand,medium,c,0.9,,,12,,,,,,,,0,,low_gt
720,721,nightshirt,3731,sleepwear,medium,c,0.9,,,18,,,,,,,,0,,low_gt
721,722,nosebag_(for_animals),1600,feedbag,weak,r,0.9,,,4,,,,,,,,0,,low_gt
722,723,noseband_(for_animals),2805,noseband,medium,c,0.9,,142,71,71,,,,,,,0,0.5833,unreachable
723,724,notebook,2807,notebook,high,f,0.9,0.35,378,189,189,134,14,175,55,0.9054,0.709,1,1.0,ok
724,725,notepad,2808,notepad,medium,c,0.9,0.365,148,74,74,52,5,69,22,0.9123,0.7027,1,1.0,ok
725,726,nut,2816,nut,high,f,0.9,,206,103,103,,,,,,,0,0.6792,unreachable
726,727,nutcracker,2817,nutcracker,weak,r,0.9,,,3,,,,,,,,0,,low_gt
727,728,oar,2820,oar,high,f,0.9,,220,110,110,,,,,,,0,0.5,unreachable
728,729,octopus_(food),,,weak,r,0.9,,,,,,,,,,,0,,unmapped
729,730,octopus_(animal),,,weak,r,0.9,,,,,,,,,,,0,,unmapped
730,731,oil_lamp,2842,oil lamp,medium,c,0.9,,,15,,,,,,,,0,,low_gt
731,732,olive_oil,2848,olive oil,medium,c,0.9,0.355,50,25,25,11,1,24,14,0.9167,0.44,1,1.0,ok
732,733,omelet,2850,omelet,weak,r,0.9,,,7,,,,,,,,0,,low_gt
733,734,onion,2851,onion,high,f,0.9,0.385,1294,647,647,68,7,640,579,0.9067,0.1051,1,1.0,ok
734,735,orange_(fruit),2864,orange,high,f,0.9,0.365,1648,824,824,432,41,783,392,0.9133,0.5243,1,1.0,ok
735,736,orange_juice,2865,orange juice,medium,c,0.9,0.345,200,100,100,56,5,95,44,0.918,0.56,1,1.0,ok
736,737,ostrich,2877,ostrich,medium,c,0.9,0.34,94,47,47,38,2,45,9,0.95,0.8085,1,1.0,ok
737,738,ottoman,2043,hassock,high,f,0.9,,242,121,121,,,,,,,0,0.7368,unreachable
738,739,oven,2886,oven,high,f,0.9,0.355,1462,731,731,598,61,670,133,0.9074,0.8181,1,1.0,ok
739,740,overalls_(clothing),2887,overall,medium,c,0.9,,146,73,73,,,,,,,0,0.5474,unreachable
740,741,owl,2890,owl,medium,c,0.9,0.345,98,49,49,24,2,47,25,0.9231,0.4898,1,1.0,ok
741,742,packet,,,medium,c,0.9,,,,,,,,,,,0,,unmapped
742,743,inkpad,2226,inking pad,weak,r,0.9,,,4,,,,,,,,0,,low_gt
743,744,pad,1236,pad,medium,c,0.9,,124,62,62,,,,,,,0,0.8571,unreachable
744,745,paddle,494,paddle,high,f,0.9,0.37,236,118,118,108,10,108,10,0.9153,0.9153,1,1.0,ok
745,746,padlock,2897,padlock,medium,c,0.9,0.375,198,99,99,6,0,99,93,1.0,0.0606,1,1.0,ok
746,747,paintbrush,,,medium,c,0.9,,,,,,,,,,,0,,unmapped
747,748,painting,,,high,f,0.9,,,,,,,,,,,0,,unmapped
748,749,pajamas,,,high,f,0.9,,,,,,,,,,,0,,unmapped
749,750,palette,2905,palette,medium,c,0.9,,42,21,21,,,,,,,0,0.5833,unreachable
750,751,pan_(for_cooking),,,high,f,0.9,,,,,,,,,,,0,,unmapped
751,752,pan_(metal_container),,,weak,r,0.9,,,,,,,,,,,0,,unmapped
752,753,pancake,2910,pancake,medium,c,0.9,0.37,144,72,72,65,7,65,7,0.9028,0.9028,1,1.0,ok
753,754,pantyhose,2918,pantyhose,weak,r,0.9,,,9,,,,,,,,0,,low_gt
754,755,papaya,2919,papaya,weak,r,0.9,,,10,,,,,,,,0,,low_gt
755,756,paper_plate,2924,paper plate,high,f,0.9,0.375,656,328,328,8,0,328,320,1.0,0.0244,1,1.0,ok
756,757,paper_towel,2925,paper towel,high,f,0.9,,936,468,468,,,,,,,0,0.5924,unreachable
757,758,paperback_book,2926,paperback book,weak,r,0.9,,,1,,,,,,,,0,,low_gt
758,759,paperweight,2927,paperweight,weak,r,0.9,,,2,,,,,,,,0,,low_gt
759,760,parachute,2928,parachute,medium,c,0.9,0.335,48,24,24,22,1,23,2,0.9565,0.9167,1,1.0,ok
760,761,parakeet,2933,paraquet,medium,c,0.9,,,11,,,,,,,,0,,low_gt
761,762,parasail_(sports),2934,parasail,medium,c,0.9,0.335,144,72,72,71,6,66,1,0.9221,0.9861,1,1.0,ok
762,763,parasol,3998,sunshade,medium,c,0.9,,,17,,,,,,,,0,,low_gt
763,764,parchment,2936,parchment,weak,r,0.9,,,10,,,,,,,,0,,low_gt
764,765,parka,,,medium,c,0.9,,,,,,,,,,,0,,unmapped
765,766,parking_meter,2942,parking meter,high,f,0.9,0.355,978,489,489,383,34,455,106,0.9185,0.7832,1,1.0,ok
766,767,parrot,2931,parrot,medium,c,0.9,0.35,94,47,47,40,3,44,7,0.9302,0.8511,1,1.0,ok
767,768,passenger_car_(part_of_a_train),757,coach,medium,c,0.9,,186,93,93,,,,,,,0,0.8594,unreachable
768,769,passenger_ship,2955,passenger ship,weak,r,0.9,,,1,,,,,,,,0,,low_gt
769,770,passport,2958,passport,medium,c,0.9,,,12,,,,,,,,0,,low_gt
770,771,pastry,2961,pastry,high,f,0.9,0.36,456,228,228,219,24,204,9,0.9012,0.9605,1,1.0,ok
771,772,patty_(food),,,weak,r,0.9,,,,,,,,,,,0,,unmapped
772,773,pea_(food),2971,pea,medium,c,0.9,,152,76,76,,,,,,,0,0.75,unreachable
773,774,peach,2973,peach,medium,c,0.9,0.37,142,71,71,29,3,68,42,0.9062,0.4085,1,1.0,ok
774,775,peanut_butter,2977,peanut butter,medium,c,0.9,,60,30,30,,,,,,,0,0.8667,unreachable
775,776,pear,2978,pear,high,f,0.9,0.345,218,109,109,76,8,101,33,0.9048,0.6972,1,1.0,ok
776,777,peeler_(tool_for_fruit_and_vegetables),2986,peeler,medium,c,0.9,,,14,,,,,,,,0,,low_gt
777,778,wooden_leg,2988,pegleg,weak,r,0.9,,,1,,,,,,,,0,,low_gt
778,779,pegboard,2987,pegboard,weak,r,0.9,,,8,,,,,,,,0,,low_gt
779,780,pelican,2989,pelican,medium,c,0.9,0.345,52,26,26,21,2,24,5,0.913,0.8077,1,1.0,ok
780,781,pen,2990,pen,high,f,0.9,0.375,678,339,339,85,7,332,254,0.9239,0.2507,1,1.0,ok
781,782,pencil,2992,pencil,high,f,0.9,0.36,306,153,153,67,7,146,86,0.9054,0.4379,1,1.0,ok
782,783,pencil_box,2993,pencil case,weak,r,0.9,,,2,,,,,,,,0,,low_gt
783,784,pencil_sharpener,2994,pencil sharpener,weak,r,0.9,,,3,,,,,,,,0,,low_gt
784,785,pendulum,2997,pendulum,weak,r,0.9,,,8,,,,,,,,0,,low_gt
785,786,penguin,2998,penguin,medium,c,0.9,0.375,94,47,47,11,0,47,36,1.0,0.234,1,1.0,ok
786,787,pennant,3000,pennant,weak,r,0.9,,,8,,,,,,,,0,,low_gt
787,788,penny_(coin),3001,penny,weak,r,0.9,,,6,,,,,,,,0,,low_gt
788,789,pepper,3004,pepper,high,f,0.9,,232,116,116,,,,,,,0,0.7083,unreachable
789,790,pepper_mill,3005,pepper grinder,medium,c,0.9,0.375,138,69,69,10,0,69,59,1.0,0.1449,1,1.0,ok
790,791,perfume,3012,perfume,medium,c,0.9,,,13,,,,,,,,0,,low_gt
791,792,persimmon,3015,persimmon,weak,r,0.9,,,6,,,,,,,,0,,low_gt
792,793,person,2163,person,high,f,0.9,,3856,1928,1928,,,,,,,0,0.7273,unreachable
793,794,pet,3019,pet,medium,c,0.9,0.375,158,79,79,66,6,73,13,0.9167,0.8354,1,0.9615,ok
794,795,pew_(church_bench),3024,church bench,medium,c,0.9,,,14,,,,,,,,0,,low_gt
795,796,phonebook,3029,phonebook,weak,r,0.9,,,7,,,,,,,,0,,low_gt
796,797,phonograph_record,3327,record,medium,c,0.9,,,20,,,,,,,,0,,low_gt
797,798,piano,3038,piano,high,f,0.9,0.345,228,114,114,56,6,108,58,0.9032,0.4912,1,1.0,ok
798,799,pickle,3041,pickle,high,f,0.9,0.38,442,221,221,78,6,215,143,0.9286,0.3529,1,1.0,ok
799,800,pickup_truck,,,high,f,0.9,,,,,,,,,,,0,,unmapped
800,801,pie,3048,pie,medium,c,0.9,0.385,124,62,62,33,3,59,29,0.9167,0.5323,1,1.0,ok
801,802,pigeon,3049,pigeon,medium,c,0.9,0.345,174,87,87,59,6,81,28,0.9077,0.6782,1,1.0,ok
802,803,piggy_bank,3002,piggy bank,weak,r,0.9,,,4,,,,,,,,0,,low_gt
803,804,pillow,3052,pillow,high,f,0.9,0.355,3824,1912,1912,1267,123,1789,645,0.9115,0.6627,1,1.0,ok
804,805,pin_(non_jewelry),3055,pin,weak,r,0.9,,,7,,,,,,,,0,,low_gt
805,806,pineapple,3060,pineapple,high,f,0.9,0.35,372,186,186,68,6,180,118,0.9189,0.3656,1,1.0,ok
806,807,pinecone,,,medium,c,0.9,,,,,,,,,,,0,,unmapped
807,808,ping-pong_ball,,,weak,r,0.9,,,,,,,,,,,0,,unmapped
808,809,pinwheel,,,weak,r,0.9,,,,,,,,,,,0,,unmapped
809,810,tobacco_pipe,4174,tobacco pipe,weak,r,0.9,,,7,,,,,,,,0,,low_gt
810,811,pipe,3066,pipe,high,f,0.9,,2826,1413,1413,,,,,,,0,0.75,unreachable
811,812,pistol,2017,handgun,weak,r,0.9,,,7,,,,,,,,0,,low_gt
812,813,pita_(bread),3073,pocket bread,medium,c,0.9,,,12,,,,,,,,0,,low_gt
813,814,pitcher_(vessel_for_liquid),3077,pitcher,high,f,0.9,,496,248,248,,,,,,,0,0.6154,unreachable
814,815,pitchfork,3079,pitchfork,weak,r,0.9,,,4,,,,,,,,0,,low_gt
815,816,pizza,3080,pizza,high,f,0.9,0.35,3762,1881,1881,1824,198,1683,57,0.9021,0.9697,1,1.0,ok
816,817,place_mat,3086,place mat,high,f,0.9,,1058,529,529,,,,,,,0,0.7143,unreachable
817,818,plate,1342,plate,high,f,0.9,0.365,3864,1932,1932,1385,148,1784,547,0.9035,0.7169,1,1.0,ok
818,819,platter,3103,platter,medium,c,0.9,,100,50,50,,,,,,,0,0.8636,unreachable
819,820,playpen,3121,playpen,weak,r,0.9,,,3,,,,,,,,0,,low_gt
820,821,pliers,3124,plier,medium,c,0.9,,56,28,28,,,,,,,0,0.5897,unreachable
821,822,plow_(farm_equipment),3126,plow,weak,r,0.9,,,10,,,,,,,,0,,low_gt
822,823,plume,3132,plume,weak,r,0.9,,,5,,,,,,,,0,,low_gt
823,824,pocket_watch,3135,pocket watch,weak,r,0.9,,,5,,,,,,,,0,,low_gt
824,825,pocketknife,3136,pocketknife,medium,c,0.9,,,18,,,,,,,,0,,low_gt
825,826,poker_(fire_stirring_tool),3926,poker,medium,c,0.9,,,14,,,,,,,,0,,low_gt
826,827,pole,3146,pole,high,f,0.9,,3780,1890,1890,,,,,,,0,0.8182,unreachable
827,828,polo_shirt,3158,polo shirt,high,f,0.9,,1320,660,660,,,,,,,0,0.8448,unreachable
828,829,poncho,3161,poncho,weak,r,0.9,,,8,,,,,,,,0,,low_gt
829,830,pony,1033,pony,medium,c,0.9,0.34,50,25,25,22,2,23,3,0.9167,0.88,1,1.0,ok
830,831,pool_table,429,billiard table,weak,r,0.9,,,10,,,,,,,,0,,low_gt
831,832,pop_(soda),3166,pop,high,f,0.9,,436,218,218,,,,,,,0,0.8333,unreachable
832,833,postbox_(public),,,medium,c,0.9,,,,,,,,,,,0,,unmapped
833,834,postcard,3186,postcard,medium,c,0.9,,,16,,,,,,,,0,,low_gt
834,835,poster,3187,poster,high,f,0.9,0.37,1616,808,808,25,2,806,783,0.9259,0.0309,1,0.9333,ok
835,836,pot,3189,pot,high,f,0.9,,958,479,479,,,,,,,0,0.8421,unreachable
836,837,flowerpot,,,high,f,0.9,,,,,,,,,,,0,,unmapped
837,838,potato,3190,potato,high,f,0.9,,614,307,307,,,,,,,0,0.875,unreachable
838,839,potholder,3193,potholder,medium,c,0.9,,114,57,57,,,,,,,0,0.6667,unreachable
839,840,pottery,955,pottery,medium,c,0.9,0.325,56,28,28,24,2,26,4,0.9231,0.8571,1,1.0,ok
840,841,pouch,3195,pouch,medium,c,0.9,,160,80,80,,,,,,,0,0.7273,unreachable
841,842,power_shovel,1317,excavator,medium,c,0.9,,,11,,,,,,,,0,,low_gt
842,843,prawn,3670,shrimp,medium,c,0.9,0.355,184,92,92,68,4,88,24,0.9444,0.7391,1,1.0,ok
843,844,pretzel,3215,pretzel,medium,c,0.9,,,20,,,,,,,,0,,low_gt
844,845,printer,3220,printer,high,f,0.9,0.365,388,194,194,154,15,179,40,0.9112,0.7938,1,1.0,ok
845,846,projectile_(weapon),2656,missile,medium,c,0.9,0.35,46,23,23,23,2,21,0,0.92,1.0,1,1.0,ok
846,847,projector,3230,projector,medium,c,0.9,0.335,104,52,52,47,5,47,5,0.9038,0.9038,1,1.0,ok
847,848,propeller,3233,propeller,high,f,0.9,0.35,1346,673,673,602,59,614,71,0.9107,0.8945,1,1.0,ok
848,849,prune,,,weak,r,0.9,,,,,,,,,,,0,,unmapped
849,850,pudding,3242,pudding,weak,r,0.9,,,2,,,,,,,,0,,low_gt
850,851,puffer_(fish),479,blowfish,weak,r,0.9,,,1,,,,,,,,0,,low_gt
851,852,puffin,3245,puffin,weak,r,0.9,,,2,,,,,,,,0,,low_gt
852,853,pug-dog,,,weak,r,0.9,,,,,,,,,,,0,,unmapped
853,854,pumpkin,3251,pumpkin,medium,c,0.9,0.36,160,80,80,21,2,78,59,0.913,0.2625,1,1.0,ok
854,855,puncher,,,weak,r,0.9,,,,,,,,,,,0,,unmapped
855,856,puppet,2576,puppet,weak,r,0.9,,,3,,,,,,,,0,,low_gt
856,857,puppy,,,medium,c,0.9,,,,,,,,,,,0,,unmapped
857,858,quesadilla,3270,quesadilla,weak,r,0.9,,,2,,,,,,,,0,,low_gt
858,859,quiche,3272,quiche,weak,r,0.9,,,10,,,,,,,,0,,low_gt
859,860,quilt,3273,quilt,high,f,0.9,0.325,772,386,386,319,28,358,67,0.9193,0.8264,1,1.0,ok
860,861,rabbit,3276,rabbit,medium,c,0.9,0.355,130,65,65,27,3,62,38,0.9,0.4154,1,1.0,ok
861,862,race_car,3281,race car,weak,r,0.9,,,3,,,,,,,,0,,low_gt
862,863,racket,3282,racket,medium,c,0.9,0.36,70,35,35,12,1,34,23,0.9231,0.3429,1,1.0,ok
863,864,radar,3283,radar,weak,r,0.9,,,5,,,,,,,,0,,low_gt
864,865,radiator,3284,radiator,high,f,0.9,0.36,360,180,180,63,6,174,117,0.913,0.35,1,1.0,ok
865,866,radio_receiver,3285,radio,medium,c,0.9,0.38,198,99,99,11,0,99,88,1.0,0.1111,1,1.0,ok
866,867,radish,1251,daikon,medium,c,0.9,0.355,98,49,49,33,3,46,16,0.9167,0.6735,1,1.0,ok
867,868,raft,3286,raft,medium,c,0.9,0.36,56,28,28,24,1,27,4,0.96,0.8571,1,1.0,ok
868,869,rag_doll,3287,rag doll,weak,r,0.9,,,1,,,,,,,,0,,low_gt
869,870,raincoat,3298,raincoat,medium,c,0.9,0.365,104,52,52,22,2,50,30,0.9167,0.4231,1,1.0,ok
870,871,ram_(animal),3303,ram,medium,c,0.9,0.38,72,36,36,16,1,35,20,0.9412,0.4444,1,1.0,ok
871,872,raspberry,3308,raspberry,medium,c,0.9,0.36,140,70,70,38,4,66,32,0.9048,0.5429,1,1.0,ok
872,873,rat,3309,rat,weak,r,0.9,,,6,,,,,,,,0,,low_gt
873,874,razorblade,,,medium,c,0.9,,,,,,,,,,,0,,unmapped
874,875,reamer_(juicer),3318,reamer,medium,c,0.9,,48,24,24,,,,,,,0,0.625,unreachable
875,876,rearview_mirror,3322,rearview mirror,high,f,0.9,0.38,2230,1115,1115,151,16,1099,964,0.9042,0.1354,1,1.0,ok
876,877,receipt,3323,receipt,medium,c,0.9,0.34,122,61,61,10,0,61,51,1.0,0.1639,1,1.0,ok
877,878,recliner,,,medium,c,0.9,,,,,,,,,,,0,,unmapped
878,879,record_player,3030,record player,medium,c,0.9,,,18,,,,,,,,0,,low_gt
879,880,reflector,3348,reflector,high,f,0.9,,1330,665,665,,,,,,,0,0.6429,unreachable
880,881,remote_control,,,high,f,0.9,,,,,,,,,,,0,,unmapped
881,882,rhinoceros,3382,rhinoceros,medium,c,0.9,0.345,58,29,29,24,1,28,5,0.96,0.8276,1,1.0,ok
882,883,rib_(food),3384,rib,weak,r,0.9,,,8,,,,,,,,0,,low_gt
883,884,rifle,3392,rifle,medium,c,0.9,,,14,,,,,,,,0,,low_gt
884,885,ring,3394,ring,high,f,0.9,,3244,1622,1622,,,,,,,0,0.8182,unreachable
885,886,river_boat,3401,river boat,weak,r,0.9,,,2,,,,,,,,0,,low_gt
886,887,road_map,,,weak,r,0.9,,,,,,,,,,,0,,unmapped
887,888,robe,3409,robe,medium,c,0.9,,64,32,32,,,,,,,0,0.875,unreachable
888,889,rocking_chair,3423,rocking chair,medium,c,0.9,0.35,110,55,55,35,3,52,20,0.9211,0.6364,1,1.0,ok
889,890,rodent,3425,rodent,weak,r,0.9,,,1,,,,,,,,0,,low_gt
890,891,roller_skate,3432,roller skate,weak,r,0.9,,,10,,,,,,,,0,,low_gt
891,892,Rollerblade,,,weak,r,0.9,,,,,,,,,,,0,,unmapped
892,893,rolling_pin,3434,rolling pin,medium,c,0.9,,94,47,47,,,,,,,0,0.5714,unreachable
893,894,root_beer,3442,root beer,weak,r,0.9,,,3,,,,,,,,0,,low_gt
894,895,router_(computer_equipment),3450,router,medium,c,0.9,0.35,58,29,29,27,3,26,2,0.9,0.931,1,1.0,ok
895,896,rubber_band,1474,elastic band,high,f,0.9,,684,342,342,,,,,,,0,0.6333,unreachable
896,897,runner_(carpet),3466,runner,medium,c,0.9,,50,25,25,,,,,,,0,0.6667,unreachable
897,898,plastic_bag,2921,paper bag,high,f,0.9,,2938,1469,1469,,,,,,,0,0.8571,unreachable
898,899,saddle_(on_an_animal),3473,saddle,high,f,0.9,0.355,1042,521,521,433,41,480,88,0.9135,0.8311,1,1.0,ok
899,900,saddle_blanket,2133,horse blanket,high,f,0.9,0.37,694,347,347,126,14,333,221,0.9,0.3631,1,0.9333,ok
900,901,saddlebag,3474,saddlebag,medium,c,0.9,0.36,70,35,35,11,1,34,24,0.9167,0.3143,1,0.9167,ok
901,902,safety_pin,,,weak,r,0.9,,,,,,,,,,,0,,unmapped
902,903,sail,3479,sail,high,f,0.9,0.34,414,207,207,195,18,189,12,0.9155,0.942,1,1.0,ok
903,904,salad,3485,salad,high,f,0.9,0.355,216,108,108,104,10,98,4,0.9123,0.963,1,1.0,ok
904,905,salad_plate,3486,salad bowl,weak,r,0.9,,,2,,,,,,,,0,,low_gt
905,906,salami,3488,salami,medium,c,0.9,0.345,68,34,34,31,2,32,3,0.9394,0.9118,1,1.0,ok
906,907,salmon_(fish),,,medium,c,0.9,,,,,,,,,,,0,,unmapped
907,908,salmon_(food),,,weak,r,0.9,,,,,,,,,,,0,,unmapped
908,909,salsa,3492,salsa,medium,c,0.9,,,13,,,,,,,,0,,low_gt
909,910,saltshaker,,,high,f,0.9,,,,,,,,,,,0,,unmapped
910,911,sandal_(type_of_shoe),3506,sandal,high,f,0.9,,2046,1023,1023,,,,,,,0,0.8636,unreachable
911,912,sandwich,3507,sandwich,high,f,0.9,0.365,1564,782,782,748,73,709,34,0.9111,0.9565,1,1.0,ok
912,913,satchel,3515,satchel,weak,r,0.9,,,2,,,,,,,,0,,low_gt
913,914,saucepan,,,weak,r,0.9,,,,,,,,,,,0,,unmapped
914,915,saucer,3519,saucer,high,f,0.9,0.385,494,247,247,15,1,246,232,0.9375,0.0607,1,1.0,ok
915,916,sausage,3521,sausage,high,f,0.9,0.365,442,221,221,180,16,205,41,0.9184,0.8145,1,1.0,ok
916,917,sawhorse,3524,sawbuck,weak,r,0.9,,,4,,,,,,,,0,,low_gt
917,918,saxophone,,,weak,r,0.9,,,,,,,,,,,0,,unmapped
918,919,scale_(measuring_instrument),3528,scale,high,f,0.9,,316,158,158,,,,,,,0,0.5833,unreachable
919,920,scarecrow,3532,strawman,weak,r,0.9,,,3,,,,,,,,0,,low_gt
920,921,scarf,3533,scarf,high,f,0.9,,1504,752,752,,,,,,,0,0.8571,unreachable
921,922,school_bus,3538,school bus,medium,c,0.9,0.345,128,64,64,51,5,59,13,0.9107,0.7969,1,1.0,ok
922,923,scissors,3546,scissors,high,f,0.9,0.365,1414,707,707,343,26,681,364,0.9295,0.4851,1,1.0,ok
923,924,scoreboard,3552,scoreboard,high,f,0.9,0.36,286,143,143,61,4,139,82,0.9385,0.4266,1,1.0,ok
924,925,scraper,3557,scraper,weak,r,0.9,,,1,,,,,,,,0,,low_gt
925,926,screwdriver,3563,screwdriver,medium,c,0.9,0.35,98,49,49,20,2,47,29,0.9091,0.4082,1,1.0,ok
926,927,scrubbing_brush,3566,scrubbing brush,high,f,0.9,,252,126,126,,,,,,,0,0.8182,unreachable
927,928,sculpture,3568,sculpture,medium,c,0.9,0.345,152,76,76,46,5,71,30,0.902,0.6053,1,1.0,ok
928,929,seabird,3576,seabird,medium,c,0.9,,,11,,,,,,,,0,,low_gt
929,930,seahorse,3578,seahorse,medium,c,0.9,,,11,,,,,,,,0,,low_gt
930,931,seaplane,2177,seaplane,weak,r,0.9,,,4,,,,,,,,0,,low_gt
931,932,seashell,3581,seashell,medium,c,0.9,0.365,78,39,39,5,0,39,34,1.0,0.1282,1,1.0,ok
932,933,sewing_machine,3603,sewing machine,medium,c,0.9,,,11,,,,,,,,0,,low_gt
933,934,shaker,3606,shaker,medium,c,0.9,,,13,,,,,,,,0,,low_gt
934,935,shampoo,3607,shampoo,medium,c,0.9,0.37,182,91,91,48,2,89,43,0.96,0.5275,1,1.0,ok
935,936,shark,3610,shark,medium,c,0.9,,,14,,,,,,,,0,,low_gt
936,937,sharpener,3611,sharpener,weak,r,0.9,,,5,,,,,,,,0,,low_gt
937,938,Sharpie,3612,sharpie,weak,r,0.9,,,3,,,,,,,,0,,low_gt
938,939,shaver_(electric),3613,shaver,weak,r,0.9,,,10,,,,,,,,0,,low_gt
939,940,shaving_cream,3614,shaving cream,medium,c,0.9,,,18,,,,,,,,0,,low_gt
940,941,shawl,3615,shawl,weak,r,0.9,,,9,,,,,,,,0,,low_gt
941,942,shears,3617,shears,weak,r,0.9,,,6,,,,,,,,0,,low_gt
942,943,sheep,3618,sheep,high,f,0.9,0.335,1902,951,951,923,88,863,28,0.913,0.9706,1,1.0,ok
943,944,shepherd_dog,1028,sheepdog,weak,r,0.9,,,2,,,,,,,,0,,low_gt
944,945,sherbert,3627,sherbert,weak,r,0.9,,,1,,,,,,,,0,,low_gt
945,946,shield,605,shield,medium,c,0.9,,,19,,,,,,,,0,,low_gt
946,947,shirt,3634,shirt,high,f,0.9,,3884,1942,1942,,,,,,,0,0.8,unreachable
947,948,shoe,3637,shoe,high,f,0.9,,3832,1916,1916,,,,,,,0,0.8529,unreachable
948,949,shopping_bag,3647,shopping bag,high,f,0.9,0.345,278,139,139,45,3,136,94,0.9375,0.3237,1,1.0,ok
949,950,shopping_cart,3649,shopping cart,medium,c,0.9,0.335,86,43,43,29,3,40,14,0.9062,0.6744,1,1.0,ok
950,951,short_pants,3656,shorts,high,f,0.9,,3938,1969,1969,,,,,,,0,0.8621,unreachable
951,952,shot_glass,3657,shot glass,weak,r,0.9,,,5,,,,,,,,0,,low_gt
952,953,shoulder_bag,3660,shoulder bag,high,f,0.9,0.365,268,134,134,10,1,133,124,0.9091,0.0746,1,1.0,ok
953,954,shovel,3661,shovel,medium,c,0.9,,148,74,74,,,,,,,0,0.8571,unreachable
954,955,shower_head,3667,shower head,high,f,0.9,0.345,762,381,381,343,34,347,38,0.9098,0.9003,1,0.9603,ok
955,956,shower_cap,3664,shower cap,weak,r,0.9,,,1,,,,,,,,0,,low_gt
956,957,shower_curtain,3665,shower curtain,high,f,0.9,0.33,762,381,381,367,36,345,14,0.9107,0.9633,1,1.0,ok
957,958,shredder_(for_paper),3668,shredder,weak,r,0.9,,,6,,,,,,,,0,,low_gt
958,959,signboard,,,high,f,0.9,,,,,,,,,,,0,,unmapped
959,960,silo,3689,silo,medium,c,0.9,0.355,56,28,28,20,2,26,8,0.9091,0.7143,1,1.0,ok
960,961,sink,3696,sink,high,f,0.9,0.37,3270,1635,1635,1496,140,1495,139,0.9144,0.915,1,1.0,ok
961,962,skateboard,3701,skateboard,high,f,0.9,0.345,3934,1967,1967,1866,182,1785,101,0.9111,0.9487,1,1.0,ok
962,963,skewer,3707,skewer,medium,c,0.9,,,16,,,,,,,,0,,low_gt
963,964,ski,3708,ski,high,f,0.9,0.34,3852,1926,1926,1904,177,1749,22,0.9149,0.9886,1,1.0,ok
964,965,ski_boot,3709,ski boot,high,f,0.9,0.34,3578,1789,1789,1769,173,1616,20,0.9109,0.9888,1,1.0,ok
965,966,ski_parka,3711,ski jacket,high,f,0.9,0.33,802,401,401,396,42,359,5,0.9041,0.9875,1,0.9537,ok
966,967,ski_pole,3713,ski pole,high,f,0.9,0.34,3936,1968,1968,1954,211,1757,14,0.9025,0.9929,1,0.9794,ok
967,968,skirt,,,high,f,0.9,,,,,,,,,,,0,,unmapped
968,969,skullcap,3720,skullcap,weak,r,0.9,,,1,,,,,,,,0,,low_gt
969,970,sled,3728,sleigh,medium,c,0.9,0.36,112,56,56,47,2,54,9,0.9592,0.8393,1,1.0,ok
970,971,sleeping_bag,3730,sleeping bag,medium,c,0.9,,,17,,,,,,,,0,,low_gt
971,972,sling_(bandage),3736,sling,weak,r,0.9,,,1,,,,,,,,0,,low_gt
972,973,slipper_(footwear),755,slipper,medium,c,0.9,0.37,116,58,58,19,0,58,39,1.0,0.3276,1,1.0,ok
973,974,smoothie,,,weak,r,0.9,,,,,,,,,,,0,,unmapped
974,975,snake,3749,snake,weak,r,0.9,,,8,,,,,,,,0,,low_gt
975,976,snowboard,3715,snowboard,high,f,0.9,0.33,2248,1124,1124,1110,110,1014,14,0.9098,0.9875,1,1.0,ok
976,977,snowman,3761,snowman,medium,c,0.9,0.34,62,31,31,19,2,29,12,0.9048,0.6129,1,1.0,ok
977,978,snowmobile,3762,snowmobile,medium,c,0.9,,,16,,,,,,,,0,,low_gt
978,979,soap,3766,soap,high,f,0.9,0.37,982,491,491,103,8,483,388,0.9279,0.2098,1,0.9355,ok
979,980,soccer_ball,,,high,f,0.9,,,,,,,,,,,0,,unmapped
980,981,sock,3771,sock,high,f,0.9,,3890,1945,1945,,,,,,,0,0.6667,unreachable
981,982,sofa,1141,couch,high,f,0.9,0.36,3798,1899,1899,1377,131,1768,522,0.9131,0.7251,1,1.0,ok
982,983,softball,3774,softball,weak,r,0.9,,,5,,,,,,,,0,,low_gt
983,984,solar_array,3776,solar battery,medium,c,0.9,0.35,56,28,28,9,1,27,19,0.9,0.3214,1,0.9,ok
984,985,sombrero,3780,sombrero,weak,r,0.9,,,7,,,,,,,,0,,low_gt
985,986,soup,3783,soup,high,f,0.9,0.385,292,146,146,112,10,136,34,0.918,0.7671,1,1.0,ok
986,987,soup_bowl,3784,soup bowl,weak,r,0.9,,,1,,,,,,,,0,,low_gt
987,988,soupspoon,3785,soupspoon,medium,c,0.9,,50,25,25,,,,,,,0,0.8182,unreachable
988,989,sour_cream,3786,sour cream,medium,c,0.9,,44,22,22,,,,,,,0,0.5714,unreachable
989,990,soya_milk,3788,soybean milk,weak,r,0.9,,,1,,,,,,,,0,,low_gt
990,991,space_shuttle,3791,space shuttle,weak,r,0.9,,,10,,,,,,,,0,,low_gt
991,992,sparkler_(fireworks),3799,sparkler,weak,r,0.9,,,9,,,,,,,,0,,low_gt
992,993,spatula,3802,spatula,high,f,0.9,,616,308,308,,,,,,,0,0.8125,unreachable
993,994,spear,2361,spear,weak,r,0.9,,,4,,,,,,,,0,,low_gt
994,995,spectacles,,,high,f,0.9,,,,,,,,,,,0,,unmapped
995,996,spice_rack,3812,spice rack,medium,c,0.9,0.33,90,45,45,43,3,42,2,0.9348,0.9556,1,1.0,ok
996,997,spider,3813,spider,medium,c,0.9,,,12,,,,,,,,0,,low_gt
997,998,crawfish,,,weak,r,0.9,,,,,,,,,,,0,,unmapped
998,999,sponge,3820,sponge,medium,c,0.9,,170,85,85,,,,,,,0,0.75,unreachable
999,1000,spoon,3821,spoon,high,f,0.9,0.4,2254,1127,1127,5,0,1127,1122,1.0,0.0044,1,1.0,ok
1000,1001,sportswear,3828,sportswear,medium,c,0.9,,,11,,,,,,,,0,,low_gt
1001,1002,spotlight,,,medium,c,0.9,,,,,,,,,,,0,,unmapped
1002,1003,squid_(food),3844,squid,weak,r,0.9,,,1,,,,,,,,0,,low_gt
1003,1004,squirrel,3845,squirrel,medium,c,0.9,,,16,,,,,,,,0,,low_gt
1004,1005,stagecoach,3854,stagecoach,weak,r,0.9,,,1,,,,,,,,0,,low_gt
1005,1006,stapler_(stapling_machine),3865,stapler,medium,c,0.9,0.37,130,65,65,36,3,62,29,0.9231,0.5538,1,0.9524,ok
1006,1007,starfish,3868,starfish,medium,c,0.9,,,13,,,,,,,,0,,low_gt
1007,1008,statue_(sculpture),3876,statue,high,f,0.9,0.37,1310,655,655,187,15,640,468,0.9257,0.2855,1,1.0,ok
1008,1009,steak_(food),3877,steak,medium,c,0.9,0.36,102,51,51,48,5,46,3,0.9057,0.9412,1,1.0,ok
1009,1010,steak_knife,3878,steak knife,weak,r,0.9,,,1,,,,,,,,0,,low_gt
1010,1011,steering_wheel,3885,steering wheel,high,f,0.9,0.37,1346,673,673,74,6,667,599,0.925,0.11,1,0.9545,ok
1011,1012,stepladder,,,weak,r,0.9,,,,,,,,,,,0,,unmapped
1012,1013,step_stool,3888,step stool,medium,c,0.9,,72,36,36,,,,,,,0,0.8,unreachable
1013,1014,stereo_(sound_system),3889,stereo,medium,c,0.9,0.385,108,54,54,16,1,53,38,0.9412,0.2963,1,1.0,ok
1014,1015,stew,3891,stew,weak,r,0.9,,,5,,,,,,,,0,,low_gt
1015,1016,stirrer,3899,stirrer,weak,r,0.9,,,8,,,,,,,,0,,low_gt
1016,1017,stirrup,3900,stirrup,high,f,0.9,,610,305,305,,,,,,,0,0.5008,unreachable
1017,1018,stool,3909,stool,high,f,0.9,0.39,594,297,297,9,1,296,288,0.9,0.0303,1,1.0,ok
1018,1019,stop_sign,3913,stop sign,high,f,0.9,0.345,2106,1053,1053,929,93,960,124,0.909,0.8822,1,1.0,ok
1019,1020,brake_light,556,brake light,high,f,0.9,0.36,446,223,223,61,6,217,162,0.9104,0.2735,1,1.0,ok
1020,1021,stove,3925,stove,high,f,0.9,0.355,2074,1037,1037,825,84,953,212,0.9076,0.7956,1,1.0,ok
1021,1022,strainer,3928,strainer,medium,c,0.9,,126,63,63,,,,,,,0,0.6667,unreachable
1022,1023,strap,3930,strap,high,f,0.9,,3762,1881,1881,,,,,,,0,0.6458,unreachable
1023,1024,straw_(for_drinking),3931,straw,high,f,0.9,,1014,507,507,,,,,,,0,0.8571,unreachable
1024,1025,strawberry,3933,strawberry,high,f,0.9,0.36,666,333,333,141,13,320,192,0.9156,0.4234,1,1.0,ok
1025,1026,street_sign,3944,street sign,high,f,0.9,0.325,3822,1911,1911,1493,157,1754,418,0.9048,0.7813,1,1.0,ok
1026,1027,streetlight,,,high,f,0.9,,,,,,,,,,,0,,unmapped
1027,1028,string_cheese,3951,string cheese,weak,r,0.9,,,1,,,,,,,,0,,low_gt
1028,1029,stylus,3967,stylus,weak,r,0.9,,,5,,,,,,,,0,,low_gt
1029,1030,subwoofer,3974,subwoofer,weak,r,0.9,,,1,,,,,,,,0,,low_gt
1030,1031,sugar_bowl,3978,sugar bowl,weak,r,0.9,,,9,,,,,,,,0,,low_gt
1031,1032,sugarcane_(plant),,,weak,r,0.9,,,,,,,,,,,0,,unmapped
1032,1033,suit_(clothing),3981,suit,high,f,0.9,0.375,302,151,151,30,2,149,121,0.9375,0.1987,1,1.0,ok
1033,1034,sunflower,3991,sunflower,medium,c,0.9,0.33,164,82,82,46,5,77,36,0.902,0.561,1,1.0,ok
1034,1035,sunglasses,3994,sunglasses,high,f,0.9,,3862,1931,1931,,,,,,,0,0.8462,unreachable
1035,1036,sunhat,,,medium,c,0.9,,,,,,,,,,,0,,unmapped
1036,1037,surfboard,4009,surfboard,high,f,0.9,0.34,3790,1895,1895,1784,181,1714,111,0.9079,0.9414,1,1.0,ok
1037,1038,sushi,4014,sushi,medium,c,0.9,0.35,48,24,24,21,2,22,3,0.913,0.875,1,1.0,ok
1038,1039,mop,,,medium,c,0.9,,,,,,,,,,,0,,unmapped
1039,1040,sweat_pants,4025,sweat pant,medium,c,0.9,,70,35,35,,,,,,,0,0.8571,unreachable
1040,1041,sweatband,4026,sweatband,medium,c,0.9,,138,69,69,,,,,,,0,0.6,unreachable
1041,1042,sweater,4027,sweater,high,f,0.9,0.38,1924,962,962,74,8,954,888,0.9024,0.0769,1,1.0,ok
1042,1043,sweatshirt,4028,sweatshirt,high,f,0.9,0.38,1176,588,588,18,1,587,570,0.9474,0.0306,1,1.0,ok
1043,1044,sweet_potato,4030,sweet potato,medium,c,0.9,0.365,42,21,21,12,1,20,9,0.9231,0.5714,1,0.9231,ok
1044,1045,swimsuit,328,swimwear,high,f,0.9,0.345,1650,825,825,552,48,777,273,0.92,0.6691,1,1.0,ok
1045,1046,sword,4042,sword,medium,c,0.9,,104,52,52,,,,,,,0,0.8333,unreachable
1046,1047,syringe,4047,syringe,weak,r,0.9,,,5,,,,,,,,0,,low_gt
1047,1048,Tabasco_sauce,4052,tabasco sauce,weak,r,0.9,,,5,,,,,,,,0,,low_gt
1048,1049,table-tennis_table,3061,table tennis table,weak,r,0.9,,,5,,,,,,,,0,,low_gt
1049,1050,table,1301,table,high,f,0.9,0.4,3720,1860,1860,24,1,1859,1836,0.96,0.0129,1,0.96,ok
1050,1051,table_lamp,1302,table lamp,medium,c,0.9,0.32,112,56,56,46,4,52,10,0.92,0.8214,1,1.0,ok
1051,1052,tablecloth,4056,tablecloth,high,f,0.9,0.375,3164,1582,1582,83,9,1573,1499,0.9022,0.0525,1,1.0,ok
1052,1053,tachometer,4059,tachometer,weak,r,0.9,,,7,,,,,,,,0,,low_gt
1053,1054,taco,4061,taco,weak,r,0.9,,,2,,,,,,,,0,,low_gt
1054,1055,tag,,,high,f,0.9,,,,,,,,,,,0,,unmapped
1055,1056,taillight,3320,rear light,high,f,0.9,0.405,3770,1885,1885,45,5,1880,1840,0.9,0.0239,1,0.9259,ok
1056,1057,tambourine,4069,tambourine,weak,r,0.9,,,1,,,,,,,,0,,low_gt
1057,1058,army_tank,137,army tank,weak,r,0.9,,,5,,,,,,,,0,,low_gt
1058,1059,tank_(storage_vessel),3918,tank,high,f,0.9,,274,137,137,,,,,,,0,0.8182,unreachable
1059,1060,tank_top_(clothing),,,high,f,0.9,,,,,,,,,,,0,,unmapped
1060,1061,tape_(sticky_cloth_or_paper),4072,tape,high,f,0.9,0.375,268,134,134,26,2,132,108,0.9286,0.194,1,0.9375,ok
1061,1062,tape_measure,2604,measuring tape,medium,c,0.9,0.365,58,29,29,9,1,28,20,0.9,0.3103,1,1.0,ok
1062,1063,tapestry,4073,tapestry,medium,c,0.9,0.345,44,22,22,12,1,21,10,0.9231,0.5455,1,1.0,ok
1063,1064,tarp,4076,tarp,high,f,0.9,,1044,522,522,,,,,,,0,0.8571,unreachable
1064,1065,tartan,3087,plaid,medium,c,0.9,,100,50,50,,,,,,,0,0.8182,unreachable
1065,1066,tassel,4078,tassel,medium,c,0.9,,136,68,68,,,,,,,0,0.7059,unreachable
1066,1067,tea_bag,4085,tea bag,medium,c,0.9,,,16,,,,,,,,0,,low_gt
1067,1068,teacup,4092,teacup,medium,c,0.9,,80,40,40,,,,,,,0,0.8571,unreachable
1068,1069,teakettle,,,medium,c,0.9,,,,,,,,,,,0,,unmapped
1069,1070,teapot,,,high,f,0.9,,,,,,,,,,,0,,unmapped
1070,1071,teddy_bear,,,high,f,0.9,,,,,,,,,,,0,,unmapped
1071,1072,telephone,3028,phone,high,f,0.9,,1544,772,772,,,,,,,0,0.8,unreachable
1072,1073,telephone_booth,,,medium,c,0.9,,,,,,,,,,,0,,unmapped
1073,1074,telephone_pole,4102,telegraph pole,high,f,0.9,0.375,2030,1015,1015,245,23,992,770,0.9142,0.2414,1,1.0,ok
1074,1075,telephoto_lens,4103,zoom lens,weak,r,0.9,,,1,,,,,,,,0,,low_gt
1075,1076,television_camera,4106,television camera,medium,c,0.9,,130,65,65,,,,,,,0,0.5952,unreachable
1076,1077,television_set,,,high,f,0.9,,,,,,,,,,,0,,unmapped
1077,1078,tennis_ball,,,high,f,0.9,,,,,,,,,,,0,,unmapped
1078,1079,tennis_racket,4117,tennis racket,high,f,0.9,0.325,3954,1977,1977,1931,160,1817,46,0.9235,0.9767,1,1.0,ok
1079,1080,tequila,4119,tequila,weak,r,0.9,,,2,,,,,,,,0,,low_gt
1080,1081,thermometer,4137,thermometer,medium,c,0.9,,58,29,29,,,,,,,0,0.8333,unreachable
1081,1082,thermos_bottle,4139,thermos bottle,medium,c,0.9,,72,36,36,,,,,,,0,0.8,unreachable
1082,1083,thermostat,4140,thermostat,high,f,0.9,,276,138,138,,,,,,,0,0.875,unreachable
1083,1084,thimble,4142,thimble,weak,r,0.9,,,4,,,,,,,,0,,low_gt
1084,1085,thread,,,medium,c,0.9,,,,,,,,,,,0,,unmapped
1085,1086,thumbtack,1398,drawing pin,medium,c,0.9,0.35,52,26,26,12,1,25,14,0.9231,0.4615,1,0.9231,ok
1086,1087,tiara,4153,tiara,medium,c,0.9,0.32,50,25,25,24,2,23,1,0.9231,0.96,1,1.0,ok
1087,1088,tiger,4159,tiger,medium,c,0.9,,66,33,33,,,,,,,0,0.7222,unreachable
1088,1089,tights_(clothing),2428,tights,medium,c,0.9,,74,37,37,,,,,,,0,0.8571,unreachable
1089,1090,timer,,,medium,c,0.9,,,,,,,,,,,0,,unmapped
1090,1091,tinfoil,4166,tinfoil,high,f,0.9,,540,270,270,,,,,,,0,0.5984,unreachable
1091,1092,tinsel,4167,tinsel,medium,c,0.9,,,12,,,,,,,,0,,low_gt
1092,1093,tissue_paper,,,high,f,0.9,,,,,,,,,,,0,,unmapped
1093,1094,toast_(food),4171,toast,medium,c,0.9,0.39,82,41,41,9,0,41,32,1.0,0.2195,1,1.0,ok
1094,1095,toaster,4172,toaster,high,f,0.9,0.405,448,224,224,9,1,223,215,0.9,0.0402,1,0.9,ok
1095,1096,toaster_oven,,,high,f,0.9,,,,,,,,,,,0,,unmapped
1096,1097,toilet,,,high,f,0.9,,,,,,,,,,,0,,unmapped
1097,1098,toilet_tissue,336,toilet paper,high,f,0.9,0.34,2042,1021,1021,964,105,916,57,0.9018,0.9442,1,1.0,ok
1098,1099,tomato,4182,tomato,high,f,0.9,0.355,2426,1213,1213,515,54,1159,698,0.9051,0.4246,1,0.9352,ok
1099,1100,tongs,4187,tongs,high,f,0.9,,344,172,172,,,,,,,0,0.6667,unreachable
1100,1101,toolbox,4189,toolbox,medium,c,0.9,,56,28,28,,,,,,,0,0.8571,unreachable
1101,1102,toothbrush,4190,toothbrush,high,f,0.9,0.36,1490,745,745,517,52,693,228,0.9086,0.694,1,1.0,ok
1102,1103,toothpaste,4191,toothpaste,high,f,0.9,0.345,374,187,187,133,14,173,54,0.9048,0.7112,1,1.0,ok
1103,1104,toothpick,4192,toothpick,high,f,0.9,,294,147,147,,,,,,,0,0.6567,unreachable
1104,1105,cover,,,high,f,0.9,,,,,,,,,,,0,,unmapped
1105,1106,tortilla,4197,tortilla,medium,c,0.9,0.36,68,34,34,31,2,32,3,0.9394,0.9118,1,1.0,ok
1106,1107,tow_truck,4211,tow truck,medium,c,0.9,0.34,82,41,41,38,4,37,3,0.9048,0.9268,1,1.0,ok
1107,1108,towel,4212,towel,high,f,0.9,0.39,1272,636,636,18,2,634,618,0.9,0.0283,1,0.9,ok
1108,1109,towel_rack,4213,towel bar,high,f,0.9,0.37,1140,570,570,315,31,539,255,0.9104,0.5526,1,1.0,ok
1109,1110,toy,4218,toy,high,f,0.9,0.38,2298,1149,1149,486,44,1105,663,0.917,0.423,1,1.0,ok
1110,1111,tractor_(farm_equipment),4223,tractor,medium,c,0.9,0.335,122,61,61,39,3,58,22,0.9286,0.6393,1,1.0,ok
1111,1112,traffic_light,3915,traffic light,high,f,0.9,0.35,3780,1890,1890,1455,150,1740,435,0.9065,0.7698,1,1.0,ok
1112,1113,dirt_bike,1332,dirt bike,medium,c,0.9,,,18,,,,,,,,0,,low_gt
1113,1114,trailer_truck,4234,trailer truck,high,f,0.9,0.335,286,143,143,109,11,132,34,0.9083,0.7622,1,1.0,ok
1114,1115,train_(railroad_vehicle),4235,train,high,f,0.9,0.35,3034,1517,1517,1458,144,1373,59,0.9101,0.9611,1,1.0,ok
1115,1116,trampoline,4246,trampoline,weak,r,0.9,,,7,,,,,,,,0,,low_gt
1116,1117,tray,4250,tray,high,f,0.9,0.39,1886,943,943,45,4,939,898,0.9184,0.0477,1,1.0,ok
1117,1118,trench_coat,87,trench coat,weak,r,0.9,,,6,,,,,,,,0,,low_gt
1118,1119,triangle_(musical_instrument),4261,triangle,weak,r,0.9,,,1,,,,,,,,0,,low_gt
1119,1120,tricycle,4266,tricycle,medium,c,0.9,,,11,,,,,,,,0,,low_gt
1120,1121,tripod,4269,tripod,high,f,0.9,0.375,202,101,101,23,2,99,78,0.92,0.2277,1,1.0,ok
1121,1122,trousers,2917,pants,high,f,0.9,,3818,1909,1909,,,,,,,0,0.6608,unreachable
1122,1123,truck,4276,truck,high,f,0.9,0.37,1600,800,800,357,35,765,443,0.9107,0.4462,1,1.0,ok
1123,1124,truffle_(chocolate),902,truffle,weak,r,0.9,,,1,,,,,,,,0,,low_gt
1124,1125,trunk,,,medium,c,0.9,,,,,,,,,,,0,,unmapped
1125,1126,vat,,,weak,r,0.9,,,,,,,,,,,0,,unmapped
1126,1127,turban,,,medium,c,0.9,,,,,,,,,,,0,,unmapped
1127,1128,turkey_(food),4286,turkey,medium,c,0.9,0.36,62,31,31,18,2,29,13,0.9,0.5806,1,1.0,ok
1128,1129,turnip,4288,turnip,weak,r,0.9,,,7,,,,,,,,0,,low_gt
1129,1130,turtle,4291,turtle,medium,c,0.9,,,20,,,,,,,,0,,low_gt
1130,1131,turtleneck_(clothing),3157,polo neck,medium,c,0.9,,,11,,,,,,,,0,,low_gt
1131,1132,typewriter,4308,typewriter,medium,c,0.9,,,13,,,,,,,,0,,low_gt
1132,1133,umbrella,4311,umbrella,high,f,0.9,0.36,3848,1924,1924,1141,122,1802,783,0.9034,0.593,1,0.9907,ok
1133,1134,underwear,4312,underclothes,high,f,0.9,0.37,226,113,113,29,2,111,84,0.9355,0.2566,1,0.9355,ok
1134,1135,unicycle,,,weak,r,0.9,,,,,,,,,,,0,,unmapped
1135,1136,urinal,4320,urinal,high,f,0.9,0.35,278,139,139,135,15,124,4,0.9,0.9712,1,1.0,ok
1136,1137,urn,4321,urn,medium,c,0.9,,,12,,,,,,,,0,,low_gt
1137,1138,vacuum_cleaner,,,medium,c,0.9,,,,,,,,,,,0,,unmapped
1138,1139,vase,4333,vase,high,f,0.9,0.345,3732,1866,1866,1099,109,1757,767,0.9098,0.589,1,1.0,ok
1139,1140,vending_machine,4345,vending machine,medium,c,0.9,0.36,94,47,47,9,0,47,38,1.0,0.1915,1,1.0,ok
1140,1141,vent,4347,vent,high,f,0.9,,2936,1468,1468,,,,,,,0,0.7609,unreachable
1141,1142,vest,4350,vest,high,f,0.9,,1458,729,729,,,,,,,0,0.8571,unreachable
1142,1143,videotape,4358,videotape,medium,c,0.9,,48,24,24,,,,,,,0,0.8571,unreachable
1143,1144,vinegar,4364,vinegar,weak,r,0.9,,,1,,,,,,,,0,,low_gt
1144,1145,violin,4368,violin,weak,r,0.9,,,10,,,,,,,,0,,low_gt
1145,1146,vodka,4373,vodka,weak,r,0.9,,,3,,,,,,,,0,,low_gt
1146,1147,volleyball,4375,volleyball,medium,c,0.9,,,14,,,,,,,,0,,low_gt
1147,1148,vulture,4380,vulture,weak,r,0.9,,,4,,,,,,,,0,,low_gt
1148,1149,waffle,4381,waffle,medium,c,0.9,0.35,58,29,29,28,3,26,1,0.9032,0.9655,1,1.0,ok
1149,1150,waffle_iron,4382,waffle iron,weak,r,0.9,,,4,,,,,,,,0,,low_gt
1150,1151,wagon,4383,wagon,medium,c,0.9,0.365,140,70,70,42,4,66,28,0.913,0.6,1,1.0,ok
1151,1152,wagon_wheel,4384,wagon wheel,medium,c,0.9,0.355,92,46,46,22,1,45,24,0.9565,0.4783,1,1.0,ok
1152,1153,walking_stick,,,medium,c,0.9,,,,,,,,,,,0,,unmapped
1153,1154,wall_clock,4392,wall clock,medium,c,0.9,0.345,96,48,48,22,2,46,26,0.9167,0.4583,1,1.0,ok
1154,1155,wall_socket,2883,electric outlet,high,f,0.9,0.4,3710,1855,1855,13,1,1854,1842,0.9286,0.007,1,0.9286,ok
1155,1156,wallet,,,high,f,0.9,,,,,,,,,,,0,,unmapped
1156,1157,walrus,4395,walrus,weak,r,0.9,,,1,,,,,,,,0,,low_gt
1157,1158,wardrobe,,,weak,r,0.9,,,,,,,,,,,0,,unmapped
1158,1159,washbasin,307,basin,weak,r,0.9,,,10,,,,,,,,0,,low_gt
1159,1160,automatic_washer,4406,washing machine,medium,c,0.9,0.355,108,54,54,42,4,50,12,0.913,0.7778,1,1.0,ok
1160,1161,watch,4410,watch,high,f,0.9,,3844,1922,1922,,,,,,,0,0.6369,unreachable
1161,1162,water_bottle,,,high,f,0.9,,,,,,,,,,,0,,unmapped
1162,1163,water_cooler,4414,water cooler,medium,c,0.9,,62,31,31,,,,,,,0,0.5714,unreachable
1163,1164,water_faucet,,,medium,c,0.9,,,,,,,,,,,0,,unmapped
1164,1165,water_heater,4417,water heater,weak,r,0.9,,,7,,,,,,,,0,,low_gt
1165,1166,water_jug,,,medium,c,0.9,,,,,,,,,,,0,,unmapped
1166,1167,water_gun,3846,water gun,weak,r,0.9,,,1,,,,,,,,0,,low_gt
1167,1168,water_scooter,,,medium,c,0.9,,,,,,,,,,,0,,unmapped
1168,1169,water_ski,4423,water ski,medium,c,0.9,0.35,100,50,50,49,5,45,1,0.9074,0.98,1,1.0,ok
1169,1170,water_tower,4426,water tower,medium,c,0.9,,90,45,45,,,,,,,0,0.8571,unreachable
1170,1171,watering_can,4431,watering can,medium,c,0.9,0.355,56,28,28,12,1,27,16,0.9231,0.4286,1,1.0,ok
1171,1172,watermelon,4433,watermelon,high,f,0.9,0.395,228,114,114,7,0,114,107,1.0,0.0614,1,1.0,ok
1172,1173,weathervane,4441,vane,high,f,0.9,,386,193,193,,,,,,,0,0.7049,unreachable
1173,1174,webcam,4443,webcam,medium,c,0.9,0.385,42,21,21,12,1,20,9,0.9231,0.5714,1,0.9231,ok
1174,1175,wedding_cake,4447,wedding cake,medium,c,0.9,0.315,182,91,91,91,9,82,0,0.91,1.0,1,1.0,ok
1175,1176,wedding_ring,4445,wedding ring,medium,c,0.9,0.32,62,31,31,11,1,30,20,0.9167,0.3548,1,1.0,ok
1176,1177,wet_suit,4465,wet suit,high,f,0.9,,2938,1469,1469,,,,,,,0,0.875,unreachable
1177,1178,wheel,4472,wheel,high,f,0.9,0.385,3848,1924,1924,73,8,1916,1851,0.9012,0.0379,1,1.0,ok
1178,1179,wheelchair,4473,wheelchair,medium,c,0.9,0.345,174,87,87,36,3,84,51,0.9231,0.4138,1,1.0,ok
1179,1180,whipped_cream,4475,whipped cream,medium,c,0.9,0.355,154,77,77,66,4,73,11,0.9429,0.8571,1,1.0,ok
1180,1181,whistle,4479,whistle,medium,c,0.9,,,11,,,,,,,,0,,low_gt
1181,1182,wig,4487,wig,medium,c,0.9,0.36,94,47,47,20,2,45,27,0.9091,0.4255,1,1.0,ok
1182,1183,wind_chime,4497,wind chime,medium,c,0.9,,42,21,21,,,,,,,0,0.8571,unreachable
1183,1184,windmill,4500,windmill,medium,c,0.9,0.335,94,47,47,23,2,45,24,0.92,0.4894,1,1.0,ok
1184,1185,window_box_(for_plants),4502,window box,medium,c,0.9,0.38,140,70,70,9,1,69,61,0.9,0.1286,1,0.9,ok
1185,1186,windshield_wiper,4508,wiper,high,f,0.9,,3676,1838,1838,,,,,,,0,0.5036,unreachable
1186,1187,windsock,32,air sock,medium,c,0.9,,,19,,,,,,,,0,,low_gt
1187,1188,wine_bottle,4511,wine bottle,high,f,0.9,0.32,1062,531,531,281,28,503,250,0.9094,0.5292,1,1.0,ok
1188,1189,wine_bucket,4512,wine cooler,medium,c,0.9,,,11,,,,,,,,0,,low_gt
1189,1190,wineglass,,,high,f,0.9,,,,,,,,,,,0,,unmapped
1190,1191,blinder_(for_horses),,,high,f,0.9,,,,,,,,,,,0,,unmapped
1191,1192,wok,4530,wok,medium,c,0.9,0.38,52,26,26,18,2,24,8,0.9,0.6923,1,0.9286,ok
1192,1193,wolf,4531,wolf,weak,r,0.9,,,5,,,,,,,,0,,low_gt
1193,1194,wooden_spoon,4538,wooden spoon,medium,c,0.9,0.335,112,56,56,21,1,55,35,0.9545,0.375,1,0.9545,ok
1194,1195,wreath,1838,wreath,medium,c,0.9,0.34,146,73,73,28,2,71,45,0.9333,0.3836,1,1.0,ok
1195,1196,wrench,3796,wrench,medium,c,0.9,,64,32,32,,,,,,,0,0.8333,unreachable
1196,1197,wristband,4559,wristband,high,f,0.9,,256,128,128,,,,,,,0,0.7692,unreachable
1197,1198,wristlet,,,high,f,0.9,,,,,,,,,,,0,,unmapped
1198,1199,yacht,4565,yacht,medium,c,0.9,,,12,,,,,,,,0,,low_gt
1199,1200,yogurt,4571,yoghurt,medium,c,0.9,0.36,104,52,52,29,2,50,23,0.9355,0.5577,1,1.0,ok
1200,1201,yoke_(animal_equipment),4572,yoke,medium,c,0.9,,,11,,,,,,,,0,,low_gt
1201,1202,zebra,4577,zebra,high,f,0.9,0.34,3348,1674,1674,1651,142,1532,23,0.9208,0.9863,1,1.0,ok
1202,1203,zucchini,1153,courgette,medium,c,0.9,0.36,162,81,81,51,4,77,30,0.9273,0.6296,1,1.0,ok
